ISO-10303-21;
HEADER;
FILE_DESCRIPTION (( 'STEP AP214' ),
    '1' );
FILE_NAME ('Pins.STEP',
    '2026-08-01T10:53:05',
    ( '' ),
    ( '' ),
    'SwSTEP 2.0',
    'SolidWorks 2026',
    '' );
FILE_SCHEMA (( 'AUTOMOTIVE_DESIGN' ));
ENDSEC;

DATA;
#1 = FILL_AREA_STYLE ('',( #5254 ) ) ;
#2 =( GEOMETRIC_REPRESENTATION_CONTEXT ( 3 ) GLOBAL_UNCERTAINTY_ASSIGNED_CONTEXT ( ( #7069 ) ) GLOBAL_UNIT_ASSIGNED_CONTEXT ( ( #4473, #3847, #3213 ) ) REPRESENTATION_CONTEXT ( 'NONE', 'WORKASPACE' ) );
#3 = SURFACE_STYLE_FILL_AREA ( #2539 ) ;
#4 = PLANE ( 'NONE',  #2007 ) ;
#5 = UNCERTAINTY_MEASURE_WITH_UNIT (LENGTH_MEASURE( 1.000000000000000082E-05 ), #8117, 'distance_accuracy_value', 'NONE');
#6 = PLANE ( 'NONE',  #1394 ) ;
#7 = EDGE_CURVE ( 'NONE', #4284, #3041, #3569, .T. ) ;
#8 = SURFACE_SIDE_STYLE ('',( #7920 ) ) ;
#9 = AXIS2_PLACEMENT_3D ( 'NONE', #5541, #6233, #6144 ) ;
#10 = VECTOR ( 'NONE', #1123, 1000.000000000000000 ) ;
#11 = ORIENTED_EDGE ( 'NONE', *, *, #3383, .F. ) ;
#12 = FILL_AREA_STYLE_COLOUR ( '', #2758 ) ;
#13 = DIRECTION ( 'NONE',  ( 0.000000000000000000, -0.7071067811865475727, 0.7071067811865475727 ) ) ;
#14 = AXIS2_PLACEMENT_3D ( 'NONE', #46, #1336, #3903 ) ;
#15 = EDGE_CURVE ( 'NONE', #253, #910, #1424, .T. ) ;
#16 = DIRECTION ( 'NONE',  ( 0.000000000000000000, 0.000000000000000000, -1.000000000000000000 ) ) ;
#17 = FILL_AREA_STYLE_COLOUR ( '', #3515 ) ;
#18 = PRESENTATION_LAYER_ASSIGNMENT (  '', '', ( #1120 ) ) ;
#19 = DIRECTION ( 'NONE',  ( 2.453897423307444850E-18, 1.000000000000000000, 0.000000000000000000 ) ) ;
#20 = ORIENTED_EDGE ( 'NONE', *, *, #5187, .F. ) ;
#21 = LINE ( 'NONE', #7930, #3535 ) ;
#22 = VERTEX_POINT ( 'NONE', #3433 ) ;
#23 = LINE ( 'NONE', #4545, #3104 ) ;
#24 = PLANE ( 'NONE',  #6163 ) ;
#25 = VECTOR ( 'NONE', #2486, 1000.000000000000000 ) ;
#26 = LINE ( 'NONE', #2602, #7485 ) ;
#27 = CARTESIAN_POINT ( 'NONE',  ( -1.270000000000000018, -14.22400000000000020, 0.000000000000000000 ) ) ;
#28 = SURFACE_STYLE_USAGE ( .BOTH. , #4677 ) ;
#29 = CARTESIAN_POINT ( 'NONE',  ( -0.3200000000000000067, -4.760000000000000675, -3.000000000000000000 ) ) ;
#30 = DIRECTION ( 'NONE',  ( -0.7071067811865475727, 0.7071067811865475727, 0.000000000000000000 ) ) ;
#31 = ORIENTED_EDGE ( 'NONE', *, *, #6603, .F. ) ;
#32 = VECTOR ( 'NONE', #1737, 1000.000000000000000 ) ;
#33 = SURFACE_STYLE_USAGE ( .BOTH. , #4772 ) ;
#34 = LINE ( 'NONE', #807, #4347 ) ;
#35 = FILL_AREA_STYLE_COLOUR ( '', #143 ) ;
#36 = ORIENTED_EDGE ( 'NONE', *, *, #404, .T. ) ;
#37 = DIRECTION ( 'NONE',  ( 0.000000000000000000, 0.000000000000000000, 1.000000000000000000 ) ) ;
#38 = LINE ( 'NONE', #4608, #2067 ) ;
#39 = PRESENTATION_STYLE_ASSIGNMENT (( #2029 ) ) ;
#40 = SURFACE_SIDE_STYLE ('',( #729 ) ) ;
#41 = COLOUR_RGB ( '',0.8588235294117646523, 0.7372549019607843590, 0.4941176470588235503 ) ;
#42 =( NAMED_UNIT ( * ) PLANE_ANGLE_UNIT ( ) SI_UNIT ( $, .RADIAN. ) );
#43 = LINE ( 'NONE', #5666, #162 ) ;
#44 = EDGE_CURVE ( 'NONE', #4940, #6788, #7311, .T. ) ;
#45 = CARTESIAN_POINT ( 'NONE',  ( -1.270000000000000018, -11.68399999999999928, 2.540000000000000036 ) ) ;
#46 = CARTESIAN_POINT ( 'NONE',  ( -0.3200000000000000067, 0.2400000000000000189, 8.460000000000000853 ) ) ;
#47 = LINE ( 'NONE', #4740, #4476 ) ;
#48 = VECTOR ( 'NONE', #5506, 1000.000000000000000 ) ;
#49 = ORIENTED_EDGE ( 'NONE', *, *, #8416, .F. ) ;
#50 = FACE_OUTER_BOUND ( 'NONE', #6944, .T. ) ;
#51 = VECTOR ( 'NONE', #4498, 1000.000000000000000 ) ;
#52 = ADVANCED_FACE ( 'NONE', ( #233 ), #7967, .F. ) ;
#53 = SURFACE_STYLE_FILL_AREA ( #6604 ) ;
#54 = AXIS2_PLACEMENT_3D ( 'NONE', #2726, #2015, #4637 ) ;
#55 = ORIENTED_EDGE ( 'NONE', *, *, #5891, .T. ) ;
#56 =( LENGTH_UNIT ( ) NAMED_UNIT ( * ) SI_UNIT ( .MILLI., .METRE. ) );
#57 = ORIENTED_EDGE ( 'NONE', *, *, #2683, .F. ) ;
#58 = STYLED_ITEM ( 'NONE', ( #2558 ), #4151 ) ;
#59 = SURFACE_STYLE_FILL_AREA ( #8470 ) ;
#60 = CARTESIAN_POINT ( 'NONE',  ( -0.3200000000000000067, -15.40000000000000036, -3.000000000000000000 ) ) ;
#61 = PLANE ( 'NONE',  #2981 ) ;
#62 = PRESENTATION_LAYER_ASSIGNMENT (  '', '', ( #1299 ) ) ;
#63 = DIRECTION ( 'NONE',  ( 0.000000000000000000, 0.000000000000000000, 1.000000000000000000 ) ) ;
#64 =( GEOMETRIC_REPRESENTATION_CONTEXT ( 3 ) GLOBAL_UNCERTAINTY_ASSIGNED_CONTEXT ( ( #3115 ) ) GLOBAL_UNIT_ASSIGNED_CONTEXT ( ( #3584, #8172, #6177 ) ) REPRESENTATION_CONTEXT ( 'NONE', 'WORKASPACE' ) );
#65 = LINE ( 'NONE', #1443, #7120 ) ;
#66 = SURFACE_STYLE_USAGE ( .BOTH. , #5278 ) ;
#67 = APPLICATION_PROTOCOL_DEFINITION ( 'draft international standard', 'automotive_design', 1998, #4969 ) ;
#68 = ORIENTED_EDGE ( 'NONE', *, *, #2274, .F. ) ;
#69 = EDGE_CURVE ( 'NONE', #2465, #1721, #6027, .T. ) ;
#70 = STYLED_ITEM ( 'NONE', ( #5869 ), #3225 ) ;
#71 = FILL_AREA_STYLE_COLOUR ( '', #1869 ) ;
#72 =( GEOMETRIC_REPRESENTATION_CONTEXT ( 3 ) GLOBAL_UNCERTAINTY_ASSIGNED_CONTEXT ( ( #2864 ) ) GLOBAL_UNIT_ASSIGNED_CONTEXT ( ( #7662, #3005, #2396 ) ) REPRESENTATION_CONTEXT ( 'NONE', 'WORKASPACE' ) );
#73 = EDGE_CURVE ( 'NONE', #8189, #8035, #8011, .T. ) ;
#74 = CARTESIAN_POINT ( 'NONE',  ( 0.3200000000000000067, -13.01999999999999957, -2.839999999999999858 ) ) ;
#75 = UNCERTAINTY_MEASURE_WITH_UNIT (LENGTH_MEASURE( 1.000000000000000082E-05 ), #144, 'distance_accuracy_value', 'NONE');
#76 = VECTOR ( 'NONE', #4104, 1000.000000000000000 ) ;
#77 = LINE ( 'NONE', #1367, #8278 ) ;
#78 = PRESENTATION_STYLE_ASSIGNMENT (( #1857 ) ) ;
#79 = VECTOR ( 'NONE', #6284, 1000.000000000000000 ) ;
#80 = ORIENTED_EDGE ( 'NONE', *, *, #8228, .F. ) ;
#81 = CARTESIAN_POINT ( 'NONE',  ( -1.270000000000000018, -3.556000000000000050, 2.540000000000000036 ) ) ;
#82 = DIRECTION ( 'NONE',  ( -0.000000000000000000, 1.000000000000000000, 0.000000000000000000 ) ) ;
#83 = DIRECTION ( 'NONE',  ( 0.000000000000000000, 1.000000000000000000, 0.000000000000000000 ) ) ;
#84 = DIRECTION ( 'NONE',  ( 0.5773502691896257311, 0.5773502691896257311, -0.5773502691896257311 ) ) ;
#85 = VECTOR ( 'NONE', #1298, 1000.000000000000114 ) ;
#86 = DIRECTION ( 'NONE',  ( 0.000000000000000000, 1.000000000000000000, 0.000000000000000000 ) ) ;
#87 = DIRECTION ( 'NONE',  ( 1.000000000000000000, 0.000000000000000000, 0.000000000000000000 ) ) ;
#88 = EDGE_CURVE ( 'NONE', #977, #4369, #413, .T. ) ;
#89 = EDGE_CURVE ( 'NONE', #5233, #5484, #7578, .T. ) ;
#90 = DIRECTION ( 'NONE',  ( 0.7071067811865475727, -0.7071067811865475727, 0.000000000000000000 ) ) ;
#91 = FILL_AREA_STYLE_COLOUR ( '', #2996 ) ;
#92 =( NAMED_UNIT ( * ) SI_UNIT ( $, .STERADIAN. ) SOLID_ANGLE_UNIT ( ) );
#93 =( NAMED_UNIT ( * ) SI_UNIT ( $, .STERADIAN. ) SOLID_ANGLE_UNIT ( ) );
#94 = AXIS2_PLACEMENT_3D ( 'NONE', #8132, #7643, #3669 ) ;
#95 = LINE ( 'NONE', #4022, #76 ) ;
#96 = CARTESIAN_POINT ( 'NONE',  ( -0.2666666666669999519, -5.346666666666999745, 8.433333333333001391 ) ) ;
#97 =( NAMED_UNIT ( * ) SI_UNIT ( $, .STERADIAN. ) SOLID_ANGLE_UNIT ( ) );
#98 =( LENGTH_UNIT ( ) NAMED_UNIT ( * ) SI_UNIT ( .MILLI., .METRE. ) );
#99 = UNCERTAINTY_MEASURE_WITH_UNIT (LENGTH_MEASURE( 1.000000000000000082E-05 ), #5755, 'distance_accuracy_value', 'NONE');
#100 = LINE ( 'NONE', #633, #7500 ) ;
#101 = EDGE_LOOP ( 'NONE', ( #4888, #7151, #1470, #666 ) ) ;
#102 = CARTESIAN_POINT ( 'NONE',  ( -0.3200000000000000067, -5.400000000000000355, -3.000000000000000000 ) ) ;
#103 = VERTEX_POINT ( 'NONE', #5089 ) ;
#104 = LINE ( 'NONE', #2047, #8183 ) ;
#105 = SURFACE_STYLE_FILL_AREA ( #6781 ) ;
#106 =( LENGTH_UNIT ( ) NAMED_UNIT ( * ) SI_UNIT ( .MILLI., .METRE. ) );
#107 = PLANE ( 'NONE',  #213 ) ;
#108 =( NAMED_UNIT ( * ) SI_UNIT ( $, .STERADIAN. ) SOLID_ANGLE_UNIT ( ) );
#109 = AXIS2_PLACEMENT_3D ( 'NONE', #1071, #3642, #8369 ) ;
#110 =( GEOMETRIC_REPRESENTATION_CONTEXT ( 3 ) GLOBAL_UNCERTAINTY_ASSIGNED_CONTEXT ( ( #6391 ) ) GLOBAL_UNIT_ASSIGNED_CONTEXT ( ( #3163, #5808, #5766 ) ) REPRESENTATION_CONTEXT ( 'NONE', 'WORKASPACE' ) );
#111 = LINE ( 'NONE', #2014, #4634 ) ;
#112 = LINE ( 'NONE', #1359, #1855 ) ;
#113 = ORIENTED_EDGE ( 'NONE', *, *, #7193, .T. ) ;
#114 = EDGE_CURVE ( 'NONE', #6692, #8147, #6301, .T. ) ;
#115 = ORIENTED_EDGE ( 'NONE', *, *, #836, .T. ) ;
#116 =( LENGTH_UNIT ( ) NAMED_UNIT ( * ) SI_UNIT ( .MILLI., .METRE. ) );
#117 = VECTOR ( 'NONE', #6322, 1000.000000000000000 ) ;
#118 =( LENGTH_UNIT ( ) NAMED_UNIT ( * ) SI_UNIT ( .MILLI., .METRE. ) );
#119 = STYLED_ITEM ( 'NONE', ( #7465 ), #7338 ) ;
#120 = SURFACE_STYLE_FILL_AREA ( #3366 ) ;
#121 = DIRECTION ( 'NONE',  ( 0.000000000000000000, 0.000000000000000000, 1.000000000000000000 ) ) ;
#122 = ORIENTED_EDGE ( 'NONE', *, *, #224, .F. ) ;
#123 =( LENGTH_UNIT ( ) NAMED_UNIT ( * ) SI_UNIT ( .MILLI., .METRE. ) );
#124 = LINE ( 'NONE', #8148, #4491 ) ;
#125 =( NAMED_UNIT ( * ) SI_UNIT ( $, .STERADIAN. ) SOLID_ANGLE_UNIT ( ) );
#126 = LINE ( 'NONE', #2106, #5777 ) ;
#127 = MECHANICAL_DESIGN_GEOMETRIC_PRESENTATION_REPRESENTATION (  '', ( #3449 ), #6732 ) ;
#128 = LINE ( 'NONE', #1554, #3635 ) ;
#129 = MECHANICAL_DESIGN_GEOMETRIC_PRESENTATION_REPRESENTATION (  '', ( #6325 ), #3731 ) ;
#130 = FILL_AREA_STYLE_COLOUR ( '', #6404 ) ;
#131 = ORIENTED_EDGE ( 'NONE', *, *, #7790, .T. ) ;
#132 = CARTESIAN_POINT ( 'NONE',  ( -0.3200000000000000067, -12.93999999999999950, 8.460000000000000853 ) ) ;
#133 = CARTESIAN_POINT ( 'NONE',  ( 0.3200000000000000067, -12.38000000000000078, 8.380000000000000782 ) ) ;
#134 = CARTESIAN_POINT ( 'NONE',  ( -0.3200000000000000067, -17.94000000000000128, 8.540000000000000924 ) ) ;
#135 = DIRECTION ( 'NONE',  ( -1.000000000000000000, 2.453897423307444850E-18, 0.000000000000000000 ) ) ;
#136 = COLOUR_RGB ( '',0.1450980392156862586, 0.1411764705882352922, 0.1411764705882352922 ) ;
#137 = DIRECTION ( 'NONE',  ( 1.000000000000000000, 0.000000000000000000, 0.000000000000000000 ) ) ;
#138 = EDGE_CURVE ( 'NONE', #2242, #4824, #5049, .T. ) ;
#139 = SURFACE_STYLE_USAGE ( .BOTH. , #6028 ) ;
#140 = VECTOR ( 'NONE', #7954, 1000.000000000000000 ) ;
#141 = FILL_AREA_STYLE ('',( #831 ) ) ;
#142 = COLOUR_RGB ( '',0.8588235294117646523, 0.7372549019607843590, 0.4941176470588235503 ) ;
#143 = COLOUR_RGB ( '',0.8588235294117646523, 0.7372549019607843590, 0.4941176470588235503 ) ;
#144 =( LENGTH_UNIT ( ) NAMED_UNIT ( * ) SI_UNIT ( .MILLI., .METRE. ) );
#145 = VERTEX_POINT ( 'NONE', #2403 ) ;
#146 = EDGE_LOOP ( 'NONE', ( #4844, #2997, #3324, #2595 ) ) ;
#147 = ORIENTED_EDGE ( 'NONE', *, *, #3055, .T. ) ;
#148 = LINE ( 'NONE', #7418, #2766 ) ;
#149 = CARTESIAN_POINT ( 'NONE',  ( -1.016000000000000014, -8.890000000000000568, 0.000000000000000000 ) ) ;
#150 = PRESENTATION_LAYER_ASSIGNMENT (  '', '', ( #5514 ) ) ;
#151 = VECTOR ( 'NONE', #1238, 1000.000000000000000 ) ;
#152 = DIRECTION ( 'NONE',  ( 0.7071067811865474617, -0.7071067811865474617, 0.000000000000000000 ) ) ;
#153 = CARTESIAN_POINT ( 'NONE',  ( 0.3200000000000000067, -0.3200000000000000067, -2.839999999999999858 ) ) ;
#154 = CARTESIAN_POINT ( 'NONE',  ( -0.3200000000000000067, -7.379999999999999893, -2.919999999999999929 ) ) ;
#155 = DIRECTION ( 'NONE',  ( 1.000000000000000000, 0.000000000000000000, 0.000000000000000000 ) ) ;
#156 = FACE_BOUND ( 'NONE', #4165, .T. ) ;
#157 = AXIS2_PLACEMENT_3D ( 'NONE', #4142, #90, #6025 ) ;
#158 = ORIENTED_EDGE ( 'NONE', *, *, #44, .F. ) ;
#159 = LINE ( 'NONE', #846, #6107 ) ;
#160 = VERTEX_POINT ( 'NONE', #5560 ) ;
#161 = SHAPE_DEFINITION_REPRESENTATION ( #3376, #4017 ) ;
#162 = VECTOR ( 'NONE', #4532, 1000.000000000000114 ) ;
#163 = ORIENTED_EDGE ( 'NONE', *, *, #6454, .F. ) ;
#164 = CARTESIAN_POINT ( 'NONE',  ( -1.016000000000000014, -11.42999999999999972, 2.540000000000000036 ) ) ;
#165 = CARTESIAN_POINT ( 'NONE',  ( 0.1600000000000000033, -15.40000000000000036, -3.000000000000000000 ) ) ;
#166 =( NAMED_UNIT ( * ) PLANE_ANGLE_UNIT ( ) SI_UNIT ( $, .RADIAN. ) );
#167 = EDGE_CURVE ( 'NONE', #6374, #1013, #3134, .T. ) ;
#168 = VECTOR ( 'NONE', #7664, 1000.000000000000000 ) ;
#169 = UNCERTAINTY_MEASURE_WITH_UNIT (LENGTH_MEASURE( 1.000000000000000082E-05 ), #6165, 'distance_accuracy_value', 'NONE');
#170 = LINE ( 'NONE', #7996, #2224 ) ;
#171 = PLANE ( 'NONE',  #538 ) ;
#172 = EDGE_LOOP ( 'NONE', ( #2316, #6704, #8317, #804 ) ) ;
#173 = DIRECTION ( 'NONE',  ( 0.7071067811865475727, 1.735167508356890344E-18, -0.7071067811865475727 ) ) ;
#174 = LINE ( 'NONE', #813, #8486 ) ;
#175 = CARTESIAN_POINT ( 'NONE',  ( -0.3200000000000000067, -5.400000000000000355, -2.839999999999999858 ) ) ;
#176 =( LENGTH_UNIT ( ) NAMED_UNIT ( * ) SI_UNIT ( .MILLI., .METRE. ) );
#177 = MECHANICAL_DESIGN_GEOMETRIC_PRESENTATION_REPRESENTATION (  '', ( #714 ), #6629 ) ;
#178 = EDGE_CURVE ( 'NONE', #1773, #5114, #3650, .T. ) ;
#179 =( NAMED_UNIT ( * ) SI_UNIT ( $, .STERADIAN. ) SOLID_ANGLE_UNIT ( ) );
#180 = MECHANICAL_DESIGN_GEOMETRIC_PRESENTATION_REPRESENTATION (  '', ( #3775 ), #8303 ) ;
#181 = PLANE ( 'NONE',  #2709 ) ;
#182 = FILL_AREA_STYLE_COLOUR ( '', #4895 ) ;
#183 = FILL_AREA_STYLE_COLOUR ( '', #2535 ) ;
#184 =( NAMED_UNIT ( * ) SI_UNIT ( $, .STERADIAN. ) SOLID_ANGLE_UNIT ( ) );
#185 = EDGE_LOOP ( 'NONE', ( #1750, #7474, #6871, #3836 ) ) ;
#186 = VERTEX_POINT ( 'NONE', #4275 ) ;
#187 = FILL_AREA_STYLE ('',( #7063 ) ) ;
#188 = CARTESIAN_POINT ( 'NONE',  ( 0.3200000000000000067, -13.01999999999999957, 8.380000000000000782 ) ) ;
#189 = EDGE_CURVE ( 'NONE', #22, #8189, #7669, .T. ) ;
#190 = SURFACE_SIDE_STYLE ('',( #4662 ) ) ;
#191 = CARTESIAN_POINT ( 'NONE',  ( -1.270000000000000018, -4.064000000000000057, 0.000000000000000000 ) ) ;
#192 =( NAMED_UNIT ( * ) PLANE_ANGLE_UNIT ( ) SI_UNIT ( $, .RADIAN. ) );
#193 = EDGE_CURVE ( 'NONE', #6984, #7690, #7534, .T. ) ;
#194 = PRESENTATION_STYLE_ASSIGNMENT (( #5838 ) ) ;
#195 = UNCERTAINTY_MEASURE_WITH_UNIT (LENGTH_MEASURE( 1.000000000000000082E-05 ), #6559, 'distance_accuracy_value', 'NONE');
#196 = PLANE ( 'NONE',  #6605 ) ;
#197 = ORIENTED_EDGE ( 'NONE', *, *, #2147, .T. ) ;
#198 = ORIENTED_EDGE ( 'NONE', *, *, #6390, .T. ) ;
#199 = ORIENTED_EDGE ( 'NONE', *, *, #4769, .F. ) ;
#200 = CARTESIAN_POINT ( 'NONE',  ( 0.3200000000000000067, -15.55999999999999872, -2.839999999999999858 ) ) ;
#201 = MECHANICAL_DESIGN_GEOMETRIC_PRESENTATION_REPRESENTATION (  '', ( #1426 ), #3250 ) ;
#202 =( NAMED_UNIT ( * ) PLANE_ANGLE_UNIT ( ) SI_UNIT ( $, .RADIAN. ) );
#203 = LINE ( 'NONE', #2901, #6943 ) ;
#204 = SURFACE_SIDE_STYLE ('',( #7376 ) ) ;
#205 = SURFACE_STYLE_USAGE ( .BOTH. , #3358 ) ;
#206 = DIRECTION ( 'NONE',  ( 1.000000000000000000, 0.000000000000000000, 0.000000000000000000 ) ) ;
#207 = VERTEX_POINT ( 'NONE', #4401 ) ;
#208 = EDGE_CURVE ( 'NONE', #4177, #6101, #487, .T. ) ;
#209 = EDGE_LOOP ( 'NONE', ( #312, #7944, #1126, #3091 ) ) ;
#210 =( NAMED_UNIT ( * ) SI_UNIT ( $, .STERADIAN. ) SOLID_ANGLE_UNIT ( ) );
#211 = VECTOR ( 'NONE', #1401, 1000.000000000000114 ) ;
#212 = SURFACE_STYLE_FILL_AREA ( #5453 ) ;
#213 = AXIS2_PLACEMENT_3D ( 'NONE', #6783, #294, #2285 ) ;
#214 = AXIS2_PLACEMENT_3D ( 'NONE', #1163, #3808, #5120 ) ;
#215 = SURFACE_SIDE_STYLE ('',( #3596 ) ) ;
#216 = ADVANCED_FACE ( 'NONE', ( #1085 ), #1649, .F. ) ;
#217 = EDGE_LOOP ( 'NONE', ( #6381, #4021, #4386, #6916 ) ) ;
#218 = FACE_OUTER_BOUND ( 'NONE', #8137, .T. ) ;
#219 = VECTOR ( 'NONE', #5060, 1000.000000000000000 ) ;
#220 = LINE ( 'NONE', #6711, #2344 ) ;
#221 = ORIENTED_EDGE ( 'NONE', *, *, #2436, .F. ) ;
#222 = SURFACE_STYLE_USAGE ( .BOTH. , #2155 ) ;
#223 =( GEOMETRIC_REPRESENTATION_CONTEXT ( 3 ) GLOBAL_UNCERTAINTY_ASSIGNED_CONTEXT ( ( #3459 ) ) GLOBAL_UNIT_ASSIGNED_CONTEXT ( ( #7544, #967, #6920 ) ) REPRESENTATION_CONTEXT ( 'NONE', 'WORKASPACE' ) );
#224 = EDGE_CURVE ( 'NONE', #1265, #1277, #362, .T. ) ;
#225 = PRESENTATION_LAYER_ASSIGNMENT (  '', '', ( #7773 ) ) ;
#226 = SURFACE_STYLE_USAGE ( .BOTH. , #6626 ) ;
#227 = PLANE ( 'NONE',  #2218 ) ;
#228 = FILL_AREA_STYLE ('',( #4048 ) ) ;
#229 = STYLED_ITEM ( 'NONE', ( #646 ), #1306 ) ;
#230 = PRESENTATION_LAYER_ASSIGNMENT (  '', '', ( #4762 ) ) ;
#231 = VERTEX_POINT ( 'NONE', #2362 ) ;
#232 = ORIENTED_EDGE ( 'NONE', *, *, #261, .T. ) ;
#233 = FACE_OUTER_BOUND ( 'NONE', #2932, .T. ) ;
#234 = PRESENTATION_LAYER_ASSIGNMENT (  '', '', ( #6827 ) ) ;
#235 = DIRECTION ( 'NONE',  ( 0.000000000000000000, 0.000000000000000000, 1.000000000000000000 ) ) ;
#236 = PLANE ( 'NONE',  #3013 ) ;
#237 = CARTESIAN_POINT ( 'NONE',  ( -0.3200000000000000067, -18.10000000000000142, -3.000000000000000000 ) ) ;
#238 = PRESENTATION_LAYER_ASSIGNMENT (  '', '', ( #5729 ) ) ;
#239 = DIRECTION ( 'NONE',  ( 0.000000000000000000, 0.000000000000000000, 1.000000000000000000 ) ) ;
#240 = VERTEX_POINT ( 'NONE', #4961 ) ;
#241 = LINE ( 'NONE', #4885, #4062 ) ;
#242 = ORIENTED_EDGE ( 'NONE', *, *, #2167, .T. ) ;
#243 = ORIENTED_EDGE ( 'NONE', *, *, #948, .T. ) ;
#244 = ADVANCED_FACE ( 'NONE', ( #1690 ), #4315, .F. ) ;
#245 = DIRECTION ( 'NONE',  ( 0.000000000000000000, 1.000000000000000000, 0.000000000000000000 ) ) ;
#246 = SURFACE_STYLE_USAGE ( .BOTH. , #3623 ) ;
#247 = MECHANICAL_DESIGN_GEOMETRIC_PRESENTATION_REPRESENTATION (  '', ( #7677 ), #1757 ) ;
#248 = CARTESIAN_POINT ( 'NONE',  ( 1.016000000000000014, -11.42999999999999972, 2.540000000000000036 ) ) ;
#249 = CARTESIAN_POINT ( 'NONE',  ( -0.3200000000000000067, -5.400000000000000355, -3.000000000000000000 ) ) ;
#250 = SURFACE_STYLE_USAGE ( .BOTH. , #5579 ) ;
#251 = LINE ( 'NONE', #1011, #7853 ) ;
#252 = CARTESIAN_POINT ( 'NONE',  ( -0.1600000000000000033, -18.10000000000000142, 8.540000000000000924 ) ) ;
#253 = VERTEX_POINT ( 'NONE', #4483 ) ;
#254 = CARTESIAN_POINT ( 'NONE',  ( 0.3200000000000000067, -12.38000000000000078, -2.839999999999999858 ) ) ;
#255 = ORIENTED_EDGE ( 'NONE', *, *, #4366, .F. ) ;
#256 = ORIENTED_EDGE ( 'NONE', *, *, #2995, .F. ) ;
#257 = CARTESIAN_POINT ( 'NONE',  ( -0.3200000000000000067, -2.860000000000000320, -3.000000000000000000 ) ) ;
#258 =( LENGTH_UNIT ( ) NAMED_UNIT ( * ) SI_UNIT ( .MILLI., .METRE. ) );
#259 =( GEOMETRIC_REPRESENTATION_CONTEXT ( 3 ) GLOBAL_UNCERTAINTY_ASSIGNED_CONTEXT ( ( #4751 ) ) GLOBAL_UNIT_ASSIGNED_CONTEXT ( ( #116, #2191, #4037 ) ) REPRESENTATION_CONTEXT ( 'NONE', 'WORKASPACE' ) );
#260 =( NAMED_UNIT ( * ) SI_UNIT ( $, .STERADIAN. ) SOLID_ANGLE_UNIT ( ) );
#261 = EDGE_CURVE ( 'NONE', #4557, #3276, #6510, .T. ) ;
#262 = UNCERTAINTY_MEASURE_WITH_UNIT (LENGTH_MEASURE( 1.000000000000000082E-05 ), #7050, 'distance_accuracy_value', 'NONE');
#263 = ORIENTED_EDGE ( 'NONE', *, *, #3265, .T. ) ;
#264 = AXIS2_PLACEMENT_3D ( 'NONE', #2606, #7176, #3920 ) ;
#265 = SURFACE_STYLE_USAGE ( .BOTH. , #4863 ) ;
#266 = VERTEX_POINT ( 'NONE', #6425 ) ;
#267 =( NAMED_UNIT ( * ) PLANE_ANGLE_UNIT ( ) SI_UNIT ( $, .RADIAN. ) );
#268 = LINE ( 'NONE', #5640, #7156 ) ;
#269 = FACE_OUTER_BOUND ( 'NONE', #2906, .T. ) ;
#270 = AXIS2_PLACEMENT_3D ( 'NONE', #8311, #4374, #4250 ) ;
#271 = LINE ( 'NONE', #3603, #8039 ) ;
#272 = CARTESIAN_POINT ( 'NONE',  ( -0.3200000000000000067, -5.400000000000000355, 8.540000000000000924 ) ) ;
#273 = PRESENTATION_STYLE_ASSIGNMENT (( #3428 ) ) ;
#274 = ORIENTED_EDGE ( 'NONE', *, *, #6557, .F. ) ;
#275 = VERTEX_POINT ( 'NONE', #5893 ) ;
#276 =( LENGTH_UNIT ( ) NAMED_UNIT ( * ) SI_UNIT ( .MILLI., .METRE. ) );
#277 = VECTOR ( 'NONE', #3991, 1000.000000000000000 ) ;
#278 = AXIS2_PLACEMENT_3D ( 'NONE', #5742, #8300, #5697 ) ;
#279 = SURFACE_SIDE_STYLE ('',( #4100 ) ) ;
#280 = PRESENTATION_STYLE_ASSIGNMENT (( #4232 ) ) ;
#281 =( NAMED_UNIT ( * ) PLANE_ANGLE_UNIT ( ) SI_UNIT ( $, .RADIAN. ) );
#282 = CARTESIAN_POINT ( 'NONE',  ( -1.016000000000000014, 1.270000000000000018, 2.540000000000000036 ) ) ;
#283 = VECTOR ( 'NONE', #6771, 1000.000000000000114 ) ;
#284 = EDGE_CURVE ( 'NONE', #2949, #1315, #1172, .T. ) ;
#285 = UNCERTAINTY_MEASURE_WITH_UNIT (LENGTH_MEASURE( 1.000000000000000082E-05 ), #7155, 'distance_accuracy_value', 'NONE');
#286 = EDGE_LOOP ( 'NONE', ( #6779, #6198, #1560, #8368 ) ) ;
#287 = SURFACE_STYLE_FILL_AREA ( #6870 ) ;
#288 = ORIENTED_EDGE ( 'NONE', *, *, #3595, .T. ) ;
#289 = ORIENTED_EDGE ( 'NONE', *, *, #1006, .F. ) ;
#290 = AXIS2_PLACEMENT_3D ( 'NONE', #577, #7791, #4569 ) ;
#291 = EDGE_CURVE ( 'NONE', #7452, #1047, #6469, .T. ) ;
#292 = MECHANICAL_DESIGN_GEOMETRIC_PRESENTATION_REPRESENTATION (  '', ( #1936 ), #3323 ) ;
#293 = DIRECTION ( 'NONE',  ( 0.7071067811865474617, 0.7071067811865474617, 0.000000000000000000 ) ) ;
#294 = DIRECTION ( 'NONE',  ( 1.735167508356890344E-18, 0.7071067811865475727, 0.7071067811865475727 ) ) ;
#295 =( NAMED_UNIT ( * ) SI_UNIT ( $, .STERADIAN. ) SOLID_ANGLE_UNIT ( ) );
#296 = VERTEX_POINT ( 'NONE', #3222 ) ;
#297 = FACE_OUTER_BOUND ( 'NONE', #3010, .T. ) ;
#298 = ORIENTED_EDGE ( 'NONE', *, *, #4116, .F. ) ;
#299 = VERTEX_POINT ( 'NONE', #2619 ) ;
#300 = DIRECTION ( 'NONE',  ( -0.7071067811865475727, 0.7071067811865475727, 0.000000000000000000 ) ) ;
#301 = SURFACE_STYLE_USAGE ( .BOTH. , #3675 ) ;
#302 = DIRECTION ( 'NONE',  ( 1.000000000000000000, 0.000000000000000000, 0.000000000000000000 ) ) ;
#303 = AXIS2_PLACEMENT_3D ( 'NONE', #1995, #5865, #541 ) ;
#304 = PRESENTATION_LAYER_ASSIGNMENT (  '', '', ( #7038 ) ) ;
#305 = ORIENTED_EDGE ( 'NONE', *, *, #4936, .F. ) ;
#306 = CARTESIAN_POINT ( 'NONE',  ( -0.1600000000000000033, -13.01999999999999957, 0.000000000000000000 ) ) ;
#307 =( NAMED_UNIT ( * ) PLANE_ANGLE_UNIT ( ) SI_UNIT ( $, .RADIAN. ) );
#308 = ORIENTED_EDGE ( 'NONE', *, *, #3721, .T. ) ;
#309 = CARTESIAN_POINT ( 'NONE',  ( 1.016000000000000014, -3.810000000000000053, 0.000000000000000000 ) ) ;
#310 = SURFACE_STYLE_FILL_AREA ( #1466 ) ;
#311 = DIRECTION ( 'NONE',  ( -0.7071067811865475727, 0.000000000000000000, 0.7071067811865475727 ) ) ;
#312 = ORIENTED_EDGE ( 'NONE', *, *, #6277, .F. ) ;
#313 = ORIENTED_EDGE ( 'NONE', *, *, #6223, .F. ) ;
#314 = MECHANICAL_DESIGN_GEOMETRIC_PRESENTATION_REPRESENTATION (  '', ( #8302 ), #2401 ) ;
#315 = EDGE_CURVE ( 'NONE', #6081, #5214, #7188, .T. ) ;
#316 = PRESENTATION_STYLE_ASSIGNMENT (( #6212 ) ) ;
#317 = SURFACE_STYLE_USAGE ( .BOTH. , #5562 ) ;
#318 =( LENGTH_UNIT ( ) NAMED_UNIT ( * ) SI_UNIT ( .MILLI., .METRE. ) );
#319 = EDGE_CURVE ( 'NONE', #7703, #5902, #38, .T. ) ;
#320 = EDGE_CURVE ( 'NONE', #4139, #2317, #1326, .T. ) ;
#321 = ORIENTED_EDGE ( 'NONE', *, *, #88, .T. ) ;
#322 = DIRECTION ( 'NONE',  ( 0.5773502691896257311, -0.5773502691896257311, 0.5773502691896257311 ) ) ;
#323 = EDGE_LOOP ( 'NONE', ( #7369, #49, #5123, #1436 ) ) ;
#324 = ORIENTED_EDGE ( 'NONE', *, *, #5604, .T. ) ;
#325 = SURFACE_STYLE_USAGE ( .BOTH. , #8170 ) ;
#326 = EDGE_CURVE ( 'NONE', #240, #2242, #5820, .T. ) ;
#327 = FACE_OUTER_BOUND ( 'NONE', #5461, .T. ) ;
#328 = MECHANICAL_DESIGN_GEOMETRIC_PRESENTATION_REPRESENTATION (  '', ( #2414 ), #6936 ) ;
#329 = VECTOR ( 'NONE', #6726, 1000.000000000000114 ) ;
#330 = DIRECTION ( 'NONE',  ( 0.000000000000000000, 0.000000000000000000, 1.000000000000000000 ) ) ;
#331 = SURFACE_SIDE_STYLE ('',( #2238 ) ) ;
#332 =( LENGTH_UNIT ( ) NAMED_UNIT ( * ) SI_UNIT ( .MILLI., .METRE. ) );
#333 = ORIENTED_EDGE ( 'NONE', *, *, #8077, .T. ) ;
#334 = CARTESIAN_POINT ( 'NONE',  ( -0.3200000000000000067, -10.00000000000000000, 8.540000000000000924 ) ) ;
#335 = ORIENTED_EDGE ( 'NONE', *, *, #5566, .T. ) ;
#336 = SURFACE_SIDE_STYLE ('',( #5023 ) ) ;
#337 = VECTOR ( 'NONE', #8511, 1000.000000000000000 ) ;
#338 = CARTESIAN_POINT ( 'NONE',  ( 0.3200000000000000067, -13.01999999999999957, 2.540000000000000036 ) ) ;
#339 = LINE ( 'NONE', #1064, #5912 ) ;
#340 = MECHANICAL_DESIGN_GEOMETRIC_PRESENTATION_REPRESENTATION (  '', ( #1162 ), #3663 ) ;
#341 = DIRECTION ( 'NONE',  ( 0.000000000000000000, 0.000000000000000000, 1.000000000000000000 ) ) ;
#342 = UNCERTAINTY_MEASURE_WITH_UNIT (LENGTH_MEASURE( 1.000000000000000082E-05 ), #7457, 'distance_accuracy_value', 'NONE');
#343 = EDGE_CURVE ( 'NONE', #1785, #3197, #2536, .T. ) ;
#344 = ORIENTED_EDGE ( 'NONE', *, *, #6278, .F. ) ;
#345 = LINE ( 'NONE', #1068, #4880 ) ;
#346 = LINE ( 'NONE', #5637, #5070 ) ;
#347 = MECHANICAL_DESIGN_GEOMETRIC_PRESENTATION_REPRESENTATION (  '', ( #4465 ), #8036 ) ;
#348 = ORIENTED_EDGE ( 'NONE', *, *, #189, .F. ) ;
#349 = CARTESIAN_POINT ( 'NONE',  ( -0.3200000000000000067, -0.3200000000000000067, 8.540000000000000924 ) ) ;
#350 = DIRECTION ( 'NONE',  ( -0.000000000000000000, 1.000000000000000000, 0.000000000000000000 ) ) ;
#351 = CARTESIAN_POINT ( 'NONE',  ( -0.1600000000000000033, -7.779999999999999361, -3.000000000000000000 ) ) ;
#352 = MECHANICAL_DESIGN_GEOMETRIC_PRESENTATION_REPRESENTATION (  '', ( #7084 ), #6808 ) ;
#353 = CARTESIAN_POINT ( 'NONE',  ( -1.016000000000000014, -13.97000000000000064, 2.540000000000000036 ) ) ;
#354 = STYLED_ITEM ( 'NONE', ( #6830 ), #4455 ) ;
#355 = STYLED_ITEM ( 'NONE', ( #6357 ), #3139 ) ;
#356 = FILL_AREA_STYLE_COLOUR ( '', #4136 ) ;
#357 = DIRECTION ( 'NONE',  ( -1.000000000000000000, 0.000000000000000000, 0.000000000000000000 ) ) ;
#358 = ORIENTED_EDGE ( 'NONE', *, *, #138, .T. ) ;
#359 = ORIENTED_EDGE ( 'NONE', *, *, #7002, .T. ) ;
#360 =( NAMED_UNIT ( * ) SI_UNIT ( $, .STERADIAN. ) SOLID_ANGLE_UNIT ( ) );
#361 = STYLED_ITEM ( 'NONE', ( #4533 ), #6679 ) ;
#362 = LINE ( 'NONE', #5686, #7273 ) ;
#363 = COLOUR_RGB ( '',0.1450980392156862586, 0.1411764705882352922, 0.1411764705882352922 ) ;
#364 = FACE_OUTER_BOUND ( 'NONE', #4305, .T. ) ;
#365 = STYLED_ITEM ( 'NONE', ( #2451 ), #3379 ) ;
#366 = COLOUR_RGB ( '',0.8588235294117646523, 0.7372549019607843590, 0.4941176470588235503 ) ;
#367 =( NAMED_UNIT ( * ) PLANE_ANGLE_UNIT ( ) SI_UNIT ( $, .RADIAN. ) );
#368 = EDGE_CURVE ( 'NONE', #231, #1941, #7154, .T. ) ;
#369 = LINE ( 'NONE', #2836, #7232 ) ;
#370 = EDGE_CURVE ( 'NONE', #5233, #6933, #3816, .T. ) ;
#371 = UNCERTAINTY_MEASURE_WITH_UNIT (LENGTH_MEASURE( 1.000000000000000082E-05 ), #1541, 'distance_accuracy_value', 'NONE');
#372 = DIRECTION ( 'NONE',  ( -0.000000000000000000, 1.000000000000000000, 0.000000000000000000 ) ) ;
#373 = PLANE ( 'NONE',  #7101 ) ;
#374 = VECTOR ( 'NONE', #3934, 1000.000000000000114 ) ;
#375 = ORIENTED_EDGE ( 'NONE', *, *, #326, .T. ) ;
#376 = STYLED_ITEM ( 'NONE', ( #3679 ), #5225 ) ;
#377 = STYLED_ITEM ( 'NONE', ( #1425 ), #864 ) ;
#378 = ORIENTED_EDGE ( 'NONE', *, *, #2683, .T. ) ;
#379 = SURFACE_STYLE_FILL_AREA ( #1697 ) ;
#380 = MECHANICAL_DESIGN_GEOMETRIC_PRESENTATION_REPRESENTATION (  '', ( #7363 ), #6980 ) ;
#381 = FACE_OUTER_BOUND ( 'NONE', #1870, .T. ) ;
#382 = FACE_OUTER_BOUND ( 'NONE', #6099, .T. ) ;
#383 =( LENGTH_UNIT ( ) NAMED_UNIT ( * ) SI_UNIT ( .MILLI., .METRE. ) );
#384 = VECTOR ( 'NONE', #5944, 1000.000000000000000 ) ;
#385 = DIRECTION ( 'NONE',  ( 0.7071067811865474617, -0.7071067811865474617, 0.000000000000000000 ) ) ;
#386 = PLANE ( 'NONE',  #5744 ) ;
#387 = SURFACE_STYLE_USAGE ( .BOTH. , #7009 ) ;
#388 = EDGE_LOOP ( 'NONE', ( #68, #5313, #7998, #5683 ) ) ;
#389 = SURFACE_STYLE_FILL_AREA ( #5586 ) ;
#390 = EDGE_LOOP ( 'NONE', ( #2553, #3397, #7320, #3605 ) ) ;
#391 = LINE ( 'NONE', #1710, #1789 ) ;
#392 = DIRECTION ( 'NONE',  ( 1.000000000000000000, 0.000000000000000000, 0.000000000000000000 ) ) ;
#393 = DIRECTION ( 'NONE',  ( -0.000000000000000000, 1.000000000000000000, 0.000000000000000000 ) ) ;
#394 =( GEOMETRIC_REPRESENTATION_CONTEXT ( 3 ) GLOBAL_UNCERTAINTY_ASSIGNED_CONTEXT ( ( #6123 ) ) GLOBAL_UNIT_ASSIGNED_CONTEXT ( ( #2091, #7427, #3446 ) ) REPRESENTATION_CONTEXT ( 'NONE', 'WORKASPACE' ) );
#395 = CARTESIAN_POINT ( 'NONE',  ( -1.270000000000000018, -11.68399999999999928, 0.000000000000000000 ) ) ;
#396 = EDGE_CURVE ( 'NONE', #1222, #1686, #2579, .T. ) ;
#397 = EDGE_LOOP ( 'NONE', ( #5670, #866, #5707, #2176 ) ) ;
#398 = LINE ( 'NONE', #5545, #2121 ) ;
#399 = DIRECTION ( 'NONE',  ( -0.5773502691896257311, -0.5773502691896257311, 0.5773502691896257311 ) ) ;
#400 = ORIENTED_EDGE ( 'NONE', *, *, #5656, .F. ) ;
#401 = MECHANICAL_DESIGN_GEOMETRIC_PRESENTATION_REPRESENTATION (  '', ( #4094 ), #8091 ) ;
#402 =( NAMED_UNIT ( * ) SI_UNIT ( $, .STERADIAN. ) SOLID_ANGLE_UNIT ( ) );
#403 = SURFACE_STYLE_USAGE ( .BOTH. , #3043 ) ;
#404 = EDGE_CURVE ( 'NONE', #2351, #4958, #4526, .T. ) ;
#405 = LINE ( 'NONE', #4992, #747 ) ;
#406 = CARTESIAN_POINT ( 'NONE',  ( 0.3200000000000000067, -13.01999999999999957, 8.380000000000000782 ) ) ;
#407 = VECTOR ( 'NONE', #7657, 1000.000000000000114 ) ;
#408 = PRESENTATION_STYLE_ASSIGNMENT (( #4311 ) ) ;
#409 = DIRECTION ( 'NONE',  ( -1.000000000000000000, 0.000000000000000000, 0.000000000000000000 ) ) ;
#410 = VERTEX_POINT ( 'NONE', #7752 ) ;
#411 = VERTEX_POINT ( 'NONE', #5858 ) ;
#412 = CARTESIAN_POINT ( 'NONE',  ( -0.3200000000000000067, -2.860000000000000320, 2.540000000000000036 ) ) ;
#413 = LINE ( 'NONE', #1039, #3088 ) ;
#414 = DIRECTION ( 'NONE',  ( -0.7071067811865474617, -0.7071067811865474617, 0.000000000000000000 ) ) ;
#415 = ORIENTED_EDGE ( 'NONE', *, *, #5997, .T. ) ;
#416 = EDGE_CURVE ( 'NONE', #4195, #5045, #6666, .T. ) ;
#417 =( LENGTH_UNIT ( ) NAMED_UNIT ( * ) SI_UNIT ( .MILLI., .METRE. ) );
#418 =( REPRESENTATION_RELATIONSHIP ('NONE','NONE', #8383, #4017 ) REPRESENTATION_RELATIONSHIP_WITH_TRANSFORMATION ( #7433 )SHAPE_REPRESENTATION_RELATIONSHIP( ) );
#419 =( GEOMETRIC_REPRESENTATION_CONTEXT ( 3 ) GLOBAL_UNCERTAINTY_ASSIGNED_CONTEXT ( ( #529 ) ) GLOBAL_UNIT_ASSIGNED_CONTEXT ( ( #3491, #6089, #930 ) ) REPRESENTATION_CONTEXT ( 'NONE', 'WORKASPACE' ) );
#420 = CARTESIAN_POINT ( 'NONE',  ( -0.3200000000000000067, -17.46000000000000085, -3.000000000000000000 ) ) ;
#421 = FACE_OUTER_BOUND ( 'NONE', #7712, .T. ) ;
#422 = PRESENTATION_STYLE_ASSIGNMENT (( #6316 ) ) ;
#423 = ORIENTED_EDGE ( 'NONE', *, *, #8397, .F. ) ;
#424 =( LENGTH_UNIT ( ) NAMED_UNIT ( * ) SI_UNIT ( .MILLI., .METRE. ) );
#425 = VERTEX_POINT ( 'NONE', #81 ) ;
#426 = FACE_OUTER_BOUND ( 'NONE', #5185, .T. ) ;
#427 = MECHANICAL_DESIGN_GEOMETRIC_PRESENTATION_REPRESENTATION (  '', ( #2071 ), #1106 ) ;
#428 = SURFACE_STYLE_FILL_AREA ( #7520 ) ;
#429 = EDGE_CURVE ( 'NONE', #6070, #8007, #2821, .T. ) ;
#430 = UNCERTAINTY_MEASURE_WITH_UNIT (LENGTH_MEASURE( 1.000000000000000082E-05 ), #622, 'distance_accuracy_value', 'NONE');
#431 = CARTESIAN_POINT ( 'NONE',  ( -0.3200000000000000067, -7.939999999999999503, -3.000000000000000000 ) ) ;
#433 = PRESENTATION_LAYER_ASSIGNMENT (  '', '', ( #2652 ) ) ;
#432 = DIRECTION ( 'NONE',  ( 0.000000000000000000, 1.000000000000000000, 0.000000000000000000 ) ) ;
#434 = EDGE_LOOP ( 'NONE', ( #2564, #1300, #2687, #3368 ) ) ;
#435 = CARTESIAN_POINT ( 'NONE',  ( -1.270000000000000018, -3.556000000000000050, 0.000000000000000000 ) ) ;
#436 =( LENGTH_UNIT ( ) NAMED_UNIT ( * ) SI_UNIT ( .MILLI., .METRE. ) );
#437 = EDGE_CURVE ( 'NONE', #6216, #7005, #174, .T. ) ;
#438 =( NAMED_UNIT ( * ) SI_UNIT ( $, .STERADIAN. ) SOLID_ANGLE_UNIT ( ) );
#439 = VECTOR ( 'NONE', #1795, 1000.000000000000000 ) ;
#441 = SURFACE_STYLE_USAGE ( .BOTH. , #8154 ) ;
#440 =( GEOMETRIC_REPRESENTATION_CONTEXT ( 3 ) GLOBAL_UNCERTAINTY_ASSIGNED_CONTEXT ( ( #3037 ) ) GLOBAL_UNIT_ASSIGNED_CONTEXT ( ( #1886, #6494, #2337 ) ) REPRESENTATION_CONTEXT ( 'NONE', 'WORKASPACE' ) );
#442 = PRESENTATION_STYLE_ASSIGNMENT (( #2355 ) ) ;
#443 = EDGE_LOOP ( 'NONE', ( #7929, #7097, #8467, #1902 ) ) ;
#444 = ORIENTED_EDGE ( 'NONE', *, *, #1952, .T. ) ;
#445 = ADVANCED_FACE ( 'NONE', ( #2065 ), #4012, .T. ) ;
#446 = CARTESIAN_POINT ( 'NONE',  ( -0.3200000000000000067, -17.46000000000000085, 8.380000000000000782 ) ) ;
#447 = VECTOR ( 'NONE', #7158, 1000.000000000000114 ) ;
#448 = DIRECTION ( 'NONE',  ( 1.000000000000000000, 0.000000000000000000, 0.000000000000000000 ) ) ;
#449 = SURFACE_SIDE_STYLE ('',( #918 ) ) ;
#450 = DIRECTION ( 'NONE',  ( 0.000000000000000000, 1.000000000000000000, 0.000000000000000000 ) ) ;
#451 = DIRECTION ( 'NONE',  ( -1.000000000000000000, 0.000000000000000000, 0.000000000000000000 ) ) ;
#452 = UNCERTAINTY_MEASURE_WITH_UNIT (LENGTH_MEASURE( 1.000000000000000082E-05 ), #3982, 'distance_accuracy_value', 'NONE');
#453 = EDGE_CURVE ( 'NONE', #1315, #3018, #124, .T. ) ;
#454 = CARTESIAN_POINT ( 'NONE',  ( -1.270000000000000018, -18.79599999999999937, 0.000000000000000000 ) ) ;
#455 = ORIENTED_EDGE ( 'NONE', *, *, #4381, .F. ) ;
#456 =( LENGTH_UNIT ( ) NAMED_UNIT ( * ) SI_UNIT ( .MILLI., .METRE. ) );
#457 = EDGE_CURVE ( 'NONE', #877, #5571, #2258, .T. ) ;
#458 = PRESENTATION_LAYER_ASSIGNMENT (  '', '', ( #3775 ) ) ;
#459 =( NAMED_UNIT ( * ) PLANE_ANGLE_UNIT ( ) SI_UNIT ( $, .RADIAN. ) );
#460 = SURFACE_SIDE_STYLE ('',( #7192 ) ) ;
#461 = PRESENTATION_STYLE_ASSIGNMENT (( #509 ) ) ;
#462 = FILL_AREA_STYLE ('',( #8261 ) ) ;
#463 = ORIENTED_EDGE ( 'NONE', *, *, #3664, .T. ) ;
#464 = VERTEX_POINT ( 'NONE', #2870 ) ;
#465 = FILL_AREA_STYLE_COLOUR ( '', #5406 ) ;
#466 = LINE ( 'NONE', #5713, #3849 ) ;
#467 = DIRECTION ( 'NONE',  ( 0.000000000000000000, 0.000000000000000000, 1.000000000000000000 ) ) ;
#468 = CARTESIAN_POINT ( 'NONE',  ( 0.3200000000000000067, -12.38000000000000078, -3.000000000000000000 ) ) ;
#469 = MECHANICAL_DESIGN_GEOMETRIC_PRESENTATION_REPRESENTATION (  '', ( #5547 ), #3512 ) ;
#470 = SURFACE_STYLE_USAGE ( .BOTH. , #5761 ) ;
#471 = DIRECTION ( 'NONE',  ( 1.000000000000000000, 0.000000000000000000, 0.000000000000000000 ) ) ;
#472 = ADVANCED_FACE ( 'NONE', ( #2105 ), #6759, .T. ) ;
#473 = SURFACE_SIDE_STYLE ('',( #2427 ) ) ;
#474 = PRESENTATION_STYLE_ASSIGNMENT (( #3760 ) ) ;
#475 = STYLED_ITEM ( 'NONE', ( #5910 ), #2694 ) ;
#476 = ORIENTED_EDGE ( 'NONE', *, *, #4306, .F. ) ;
#477 = CARTESIAN_POINT ( 'NONE',  ( -0.1600000000000000033, -13.01999999999999957, 2.540000000000000036 ) ) ;
#478 = LINE ( 'NONE', #2435, #2808 ) ;
#479 = CARTESIAN_POINT ( 'NONE',  ( -0.3200000000000000067, -0.3200000000000000067, -3.000000000000000000 ) ) ;
#480 = FACE_OUTER_BOUND ( 'NONE', #1070, .T. ) ;
#481 = VECTOR ( 'NONE', #886, 1000.000000000000000 ) ;
#482 = VECTOR ( 'NONE', #4299, 1000.000000000000000 ) ;
#483 = LINE ( 'NONE', #7029, #8241 ) ;
#484 = EDGE_LOOP ( 'NONE', ( #5473, #4928, #3641, #6264 ) ) ;
#485 = ORIENTED_EDGE ( 'NONE', *, *, #3383, .T. ) ;
#486 = CARTESIAN_POINT ( 'NONE',  ( -0.3200000000000000067, -18.10000000000000142, 2.540000000000000036 ) ) ;
#487 = LINE ( 'NONE', #5734, #8162 ) ;
#488 =( NAMED_UNIT ( * ) PLANE_ANGLE_UNIT ( ) SI_UNIT ( $, .RADIAN. ) );
#489 =( NAMED_UNIT ( * ) SI_UNIT ( $, .STERADIAN. ) SOLID_ANGLE_UNIT ( ) );
#490 = VECTOR ( 'NONE', #6079, 1000.000000000000114 ) ;
#491 = COLOUR_RGB ( '',0.8588235294117646523, 0.7372549019607843590, 0.4941176470588235503 ) ;
#492 = SURFACE_SIDE_STYLE ('',( #3097 ) ) ;
#493 = SURFACE_STYLE_FILL_AREA ( #1089 ) ;
#494 = VECTOR ( 'NONE', #86, 1000.000000000000000 ) ;
#495 = EDGE_CURVE ( 'NONE', #2744, #2812, #7445, .T. ) ;
#496 = DIRECTION ( 'NONE',  ( 1.000000000000000000, 0.000000000000000000, 0.000000000000000000 ) ) ;
#497 = FACE_OUTER_BOUND ( 'NONE', #6465, .T. ) ;
#498 = EDGE_LOOP ( 'NONE', ( #2967, #1525, #7415, #1230 ) ) ;
#499 =( LENGTH_UNIT ( ) NAMED_UNIT ( * ) SI_UNIT ( .MILLI., .METRE. ) );
#500 = LINE ( 'NONE', #5100, #8519 ) ;
#501 = VECTOR ( 'NONE', #1872, 1000.000000000000114 ) ;
#502 = COLOUR_RGB ( '',0.8588235294117646523, 0.7372549019607843590, 0.4941176470588235503 ) ;
#503 =( GEOMETRIC_REPRESENTATION_CONTEXT ( 3 ) GLOBAL_UNCERTAINTY_ASSIGNED_CONTEXT ( ( #195 ) ) GLOBAL_UNIT_ASSIGNED_CONTEXT ( ( #6559, #8499, #8010 ) ) REPRESENTATION_CONTEXT ( 'NONE', 'WORKASPACE' ) );
#504 = LINE ( 'NONE', #7638, #2440 ) ;
#505 = PRESENTATION_STYLE_ASSIGNMENT (( #1009 ) ) ;
#506 = MECHANICAL_DESIGN_GEOMETRIC_PRESENTATION_REPRESENTATION (  '', ( #7225 ), #3549 ) ;
#507 = VECTOR ( 'NONE', #4086, 1000.000000000000000 ) ;
#508 = EDGE_CURVE ( 'NONE', #160, #3009, #943, .T. ) ;
#509 = SURFACE_STYLE_USAGE ( .BOTH. , #1801 ) ;
#510 = DIRECTION ( 'NONE',  ( 0.000000000000000000, 0.000000000000000000, 1.000000000000000000 ) ) ;
#511 = ORIENTED_EDGE ( 'NONE', *, *, #368, .T. ) ;
#512 = FILL_AREA_STYLE ('',( #1266 ) ) ;
#513 = ORIENTED_EDGE ( 'NONE', *, *, #3458, .F. ) ;
#514 = LINE ( 'NONE', #1842, #2276 ) ;
#515 =( NAMED_UNIT ( * ) SI_UNIT ( $, .STERADIAN. ) SOLID_ANGLE_UNIT ( ) );
#516 = LINE ( 'NONE', #7696, #5782 ) ;
#517 =( GEOMETRIC_REPRESENTATION_CONTEXT ( 3 ) GLOBAL_UNCERTAINTY_ASSIGNED_CONTEXT ( ( #4216 ) ) GLOBAL_UNIT_ASSIGNED_CONTEXT ( ( #2631, #5390, #6029 ) ) REPRESENTATION_CONTEXT ( 'NONE', 'WORKASPACE' ) );
#518 = LINE ( 'NONE', #8515, #3210 ) ;
#519 = UNCERTAINTY_MEASURE_WITH_UNIT (LENGTH_MEASURE( 1.000000000000000082E-05 ), #5606, 'distance_accuracy_value', 'NONE');
#520 = PLANE ( 'NONE',  #4050 ) ;
#521 = EDGE_LOOP ( 'NONE', ( #7808, #724, #513, #4000, #8356, #6758, #8061, #7885, #6111, #2753, #6458, #6208, #6170, #1004, #122, #8288, #1391, #1469, #7186, #1963, #4851, #7353, #3747, #4210, #4711, #3826, #8033, #7518, #4865, #4512, #1858, #2939, #6780, #2929, #2977, #3090, #2185, #6054, #4396, #5412, #6035, #775, #2212, #914, #1646, #2340, #885, #7041, #3450, #5395 ) ) ;
#522 =( LENGTH_UNIT ( ) NAMED_UNIT ( * ) SI_UNIT ( .MILLI., .METRE. ) );
#523 = ADVANCED_FACE ( 'NONE', ( #4221 ), #1979, .F. ) ;
#524 = DIRECTION ( 'NONE',  ( 0.000000000000000000, 1.000000000000000000, 0.000000000000000000 ) ) ;
#525 =( GEOMETRIC_REPRESENTATION_CONTEXT ( 3 ) GLOBAL_UNCERTAINTY_ASSIGNED_CONTEXT ( ( #2453 ) ) GLOBAL_UNIT_ASSIGNED_CONTEXT ( ( #6698, #2851, #7327 ) ) REPRESENTATION_CONTEXT ( 'NONE', 'WORKASPACE' ) );
#526 = CARTESIAN_POINT ( 'NONE',  ( -1.016000000000000014, -19.05000000000000071, 0.000000000000000000 ) ) ;
#527 = SURFACE_SIDE_STYLE ('',( #3123 ) ) ;
#528 = CARTESIAN_POINT ( 'NONE',  ( -0.3200000000000000067, -12.22499999999999964, 2.540000000000000036 ) ) ;
#529 = UNCERTAINTY_MEASURE_WITH_UNIT (LENGTH_MEASURE( 1.000000000000000082E-05 ), #3491, 'distance_accuracy_value', 'NONE');
#530 = CARTESIAN_POINT ( 'NONE',  ( -0.3200000000000000067, -4.760000000000000675, 2.540000000000000036 ) ) ;
#531 = ORIENTED_EDGE ( 'NONE', *, *, #4629, .F. ) ;
#532 = ORIENTED_EDGE ( 'NONE', *, *, #1776, .T. ) ;
#533 =( LENGTH_UNIT ( ) NAMED_UNIT ( * ) SI_UNIT ( .MILLI., .METRE. ) );
#534 = DIRECTION ( 'NONE',  ( -0.5773502691896257311, 0.5773502691896257311, 0.5773502691896257311 ) ) ;
#535 = SURFACE_STYLE_USAGE ( .BOTH. , #8380 ) ;
#536 = DIRECTION ( 'NONE',  ( 0.7071067811865475727, -0.7071067811865475727, 0.000000000000000000 ) ) ;
#537 =( GEOMETRIC_REPRESENTATION_CONTEXT ( 3 ) GLOBAL_UNCERTAINTY_ASSIGNED_CONTEXT ( ( #6734 ) ) GLOBAL_UNIT_ASSIGNED_CONTEXT ( ( #522, #5768, #8523 ) ) REPRESENTATION_CONTEXT ( 'NONE', 'WORKASPACE' ) );
#538 = AXIS2_PLACEMENT_3D ( 'NONE', #6015, #2818, #121 ) ;
#539 = LINE ( 'NONE', #7001, #4493 ) ;
#540 = UNCERTAINTY_MEASURE_WITH_UNIT (LENGTH_MEASURE( 1.000000000000000082E-05 ), #771, 'distance_accuracy_value', 'NONE');
#541 = DIRECTION ( 'NONE',  ( 0.000000000000000000, 1.000000000000000000, 0.000000000000000000 ) ) ;
#542 = DIRECTION ( 'NONE',  ( 0.000000000000000000, 1.000000000000000000, 0.000000000000000000 ) ) ;
#543 = VECTOR ( 'NONE', #2843, 1000.000000000000000 ) ;
#544 = VERTEX_POINT ( 'NONE', #1319 ) ;
#545 =( LENGTH_UNIT ( ) NAMED_UNIT ( * ) SI_UNIT ( .MILLI., .METRE. ) );
#546 =( NAMED_UNIT ( * ) PLANE_ANGLE_UNIT ( ) SI_UNIT ( $, .RADIAN. ) );
#547 = EDGE_CURVE ( 'NONE', #2137, #8458, #6621, .T. ) ;
#548 = EDGE_CURVE ( 'NONE', #7787, #5193, #5284, .T. ) ;
#549 = FILL_AREA_STYLE_COLOUR ( '', #7105 ) ;
#550 = PRESENTATION_STYLE_ASSIGNMENT (( #8351 ) ) ;
#551 = AXIS2_PLACEMENT_3D ( 'NONE', #6875, #7721, #5698 ) ;
#552 = SURFACE_SIDE_STYLE ('',( #1837 ) ) ;
#553 = DIRECTION ( 'NONE',  ( 0.7071067811865474617, 0.7071067811865474617, 0.000000000000000000 ) ) ;
#554 = ORIENTED_EDGE ( 'NONE', *, *, #4482, .T. ) ;
#555 = CARTESIAN_POINT ( 'NONE',  ( 0.3200000000000000067, -5.875000000000000000, 2.540000000000000036 ) ) ;
#556 = ORIENTED_EDGE ( 'NONE', *, *, #5726, .T. ) ;
#557 =( NAMED_UNIT ( * ) SI_UNIT ( $, .STERADIAN. ) SOLID_ANGLE_UNIT ( ) );
#558 = DIRECTION ( 'NONE',  ( 0.7071067811865475727, 0.7071067811865475727, 0.000000000000000000 ) ) ;
#559 = ADVANCED_FACE ( 'NONE', ( #7901 ), #2731, .T. ) ;
#560 = MECHANICAL_DESIGN_GEOMETRIC_PRESENTATION_REPRESENTATION (  '', ( #7956 ), #6039 ) ;
#561 = DIRECTION ( 'NONE',  ( -1.000000000000000000, 0.000000000000000000, 0.000000000000000000 ) ) ;
#562 = STYLED_ITEM ( 'NONE', ( #7870 ), #7707 ) ;
#563 =( LENGTH_UNIT ( ) NAMED_UNIT ( * ) SI_UNIT ( .MILLI., .METRE. ) );
#564 = ORIENTED_EDGE ( 'NONE', *, *, #7081, .T. ) ;
#565 = FILL_AREA_STYLE_COLOUR ( '', #7250 ) ;
#566 = VECTOR ( 'NONE', #8048, 1000.000000000000000 ) ;
#567 = DIRECTION ( 'NONE',  ( -1.000000000000000000, 0.000000000000000000, 0.000000000000000000 ) ) ;
#568 = VECTOR ( 'NONE', #614, 1000.000000000000114 ) ;
#569 = PRESENTATION_LAYER_ASSIGNMENT (  '', '', ( #1936 ) ) ;
#570 = DIRECTION ( 'NONE',  ( 0.000000000000000000, 0.000000000000000000, 1.000000000000000000 ) ) ;
#571 = COLOUR_RGB ( '',0.8588235294117646523, 0.7372549019607843590, 0.4941176470588235503 ) ;
#572 = STYLED_ITEM ( 'NONE', ( #5730 ), #5813 ) ;
#573 =( LENGTH_UNIT ( ) NAMED_UNIT ( * ) SI_UNIT ( .MILLI., .METRE. ) );
#574 =( LENGTH_UNIT ( ) NAMED_UNIT ( * ) SI_UNIT ( .MILLI., .METRE. ) );
#575 = VERTEX_POINT ( 'NONE', #2057 ) ;
#576 = ORIENTED_EDGE ( 'NONE', *, *, #3624, .T. ) ;
#577 = CARTESIAN_POINT ( 'NONE',  ( 1.270000000000000018, -8.635999999999999233, 0.000000000000000000 ) ) ;
#579 = SURFACE_STYLE_USAGE ( .BOTH. , #5933 ) ;
#578 = COLOUR_RGB ( '',0.8588235294117646523, 0.7372549019607843590, 0.4941176470588235503 ) ;
#580 = CARTESIAN_POINT ( 'NONE',  ( 1.016000000000000014, -6.349999999999999645, 0.000000000000000000 ) ) ;
#581 =( GEOMETRIC_REPRESENTATION_CONTEXT ( 3 ) GLOBAL_UNCERTAINTY_ASSIGNED_CONTEXT ( ( #2691 ) ) GLOBAL_UNIT_ASSIGNED_CONTEXT ( ( #7365, #2938, #6125 ) ) REPRESENTATION_CONTEXT ( 'NONE', 'WORKASPACE' ) );
#582 = VECTOR ( 'NONE', #6067, 1000.000000000000114 ) ;
#583 = EDGE_CURVE ( 'NONE', #7005, #8070, #7292, .T. ) ;
#584 = LINE ( 'NONE', #5260, #4692 ) ;
#585 = SURFACE_STYLE_USAGE ( .BOTH. , #3904 ) ;
#586 = ORIENTED_EDGE ( 'NONE', *, *, #591, .T. ) ;
#587 = CARTESIAN_POINT ( 'NONE',  ( -0.3200000000000000067, -2.860000000000000320, -2.839999999999999858 ) ) ;
#588 = EDGE_CURVE ( 'NONE', #7278, #3601, #6058, .T. ) ;
#589 = CARTESIAN_POINT ( 'NONE',  ( 0.1600000000000000033, -10.31999999999999851, -3.000000000000000000 ) ) ;
#590 = DIRECTION ( 'NONE',  ( 0.000000000000000000, 1.000000000000000000, 0.000000000000000000 ) ) ;
#591 = EDGE_CURVE ( 'NONE', #7541, #296, #760, .T. ) ;
#592 = LINE ( 'NONE', #3235, #1865 ) ;
#593 = ORIENTED_EDGE ( 'NONE', *, *, #583, .F. ) ;
#594 =( LENGTH_UNIT ( ) NAMED_UNIT ( * ) SI_UNIT ( .MILLI., .METRE. ) );
#595 = ORIENTED_EDGE ( 'NONE', *, *, #8056, .T. ) ;
#596 = EDGE_CURVE ( 'NONE', #2317, #145, #2769, .T. ) ;
#597 = SURFACE_SIDE_STYLE ('',( #6488 ) ) ;
#598 = VECTOR ( 'NONE', #3422, 1000.000000000000000 ) ;
#599 = DIRECTION ( 'NONE',  ( -1.000000000000000000, 0.000000000000000000, 0.000000000000000000 ) ) ;
#600 = FACE_OUTER_BOUND ( 'NONE', #146, .T. ) ;
#601 = UNCERTAINTY_MEASURE_WITH_UNIT (LENGTH_MEASURE( 1.000000000000000082E-05 ), #1111, 'distance_accuracy_value', 'NONE');
#602 = ORIENTED_EDGE ( 'NONE', *, *, #3928, .F. ) ;
#603 = DIRECTION ( 'NONE',  ( 1.000000000000000000, 0.000000000000000000, 0.000000000000000000 ) ) ;
#604 = DIRECTION ( 'NONE',  ( -1.735167508356890344E-18, -0.7071067811865475727, 0.7071067811865475727 ) ) ;
#605 = FACE_OUTER_BOUND ( 'NONE', #8072, .T. ) ;
#606 = UNCERTAINTY_MEASURE_WITH_UNIT (LENGTH_MEASURE( 1.000000000000000082E-05 ), #7570, 'distance_accuracy_value', 'NONE');
#607 = VECTOR ( 'NONE', #6448, 1000.000000000000000 ) ;
#608 = MECHANICAL_DESIGN_GEOMETRIC_PRESENTATION_REPRESENTATION (  '', ( #6938 ), #5934 ) ;
#609 = ORIENTED_EDGE ( 'NONE', *, *, #1546, .T. ) ;
#610 = ORIENTED_EDGE ( 'NONE', *, *, #5662, .T. ) ;
#611 = EDGE_CURVE ( 'NONE', #7392, #5600, #5588, .T. ) ;
#612 = DIRECTION ( 'NONE',  ( -1.000000000000000000, 0.000000000000000000, 0.000000000000000000 ) ) ;
#613 =( GEOMETRIC_REPRESENTATION_CONTEXT ( 3 ) GLOBAL_UNCERTAINTY_ASSIGNED_CONTEXT ( ( #853 ) ) GLOBAL_UNIT_ASSIGNED_CONTEXT ( ( #6740, #6831, #4160 ) ) REPRESENTATION_CONTEXT ( 'NONE', 'WORKASPACE' ) );
#614 = DIRECTION ( 'NONE',  ( 0.7071067811865474617, -0.7071067811865474617, 0.000000000000000000 ) ) ;
#615 = LINE ( 'NONE', #7621, #2497 ) ;
#616 = FACE_OUTER_BOUND ( 'NONE', #1570, .T. ) ;
#617 =( LENGTH_UNIT ( ) NAMED_UNIT ( * ) SI_UNIT ( .MILLI., .METRE. ) );
#618 = SURFACE_SIDE_STYLE ('',( #7306 ) ) ;
#619 = VECTOR ( 'NONE', #7936, 1000.000000000000000 ) ;
#620 = UNCERTAINTY_MEASURE_WITH_UNIT (LENGTH_MEASURE( 1.000000000000000082E-05 ), #4516, 'distance_accuracy_value', 'NONE');
#621 = PLANE ( 'NONE',  #303 ) ;
#622 =( LENGTH_UNIT ( ) NAMED_UNIT ( * ) SI_UNIT ( .MILLI., .METRE. ) );
#623 = VERTEX_POINT ( 'NONE', #4857 ) ;
#624 = DIRECTION ( 'NONE',  ( 0.000000000000000000, 0.000000000000000000, 1.000000000000000000 ) ) ;
#625 = PRESENTATION_LAYER_ASSIGNMENT (  '', '', ( #58 ) ) ;
#626 = EDGE_CURVE ( 'NONE', #4792, #4802, #2342, .T. ) ;
#627 = VECTOR ( 'NONE', #6295, 1000.000000000000114 ) ;
#628 = EDGE_CURVE ( 'NONE', #3790, #7243, #3593, .T. ) ;
#629 =( LENGTH_UNIT ( ) NAMED_UNIT ( * ) SI_UNIT ( .MILLI., .METRE. ) );
#630 = FILL_AREA_STYLE_COLOUR ( '', #2456 ) ;
#631 = STYLED_ITEM ( 'NONE', ( #3868 ), #6449 ) ;
#632 = PRESENTATION_LAYER_ASSIGNMENT (  '', '', ( #4887 ) ) ;
#633 = CARTESIAN_POINT ( 'NONE',  ( 0.3200000000000000067, -9.684999999999998721, 0.000000000000000000 ) ) ;
#634 = ORIENTED_EDGE ( 'NONE', *, *, #1095, .F. ) ;
#635 =( NAMED_UNIT ( * ) PLANE_ANGLE_UNIT ( ) SI_UNIT ( $, .RADIAN. ) );
#636 = ORIENTED_EDGE ( 'NONE', *, *, #4818, .F. ) ;
#637 = CARTESIAN_POINT ( 'NONE',  ( -0.3200000000000000067, -18.10000000000000142, -2.839999999999999858 ) ) ;
#638 = STYLED_ITEM ( 'NONE', ( #5407 ), #1418 ) ;
#639 = CARTESIAN_POINT ( 'NONE',  ( -0.3200000000000000067, -7.459999999999999964, -3.000000000000000000 ) ) ;
#640 = COLOUR_RGB ( '',0.1450980392156862586, 0.1411764705882352922, 0.1411764705882352922 ) ;
#641 = CARTESIAN_POINT ( 'NONE',  ( -0.3200000000000000067, -0.2400000000000000189, -2.919999999999999929 ) ) ;
#642 = CARTESIAN_POINT ( 'NONE',  ( -0.3200000000000000067, -2.860000000000000320, -2.839999999999999858 ) ) ;
#643 = VERTEX_POINT ( 'NONE', #8268 ) ;
#644 = MECHANICAL_DESIGN_GEOMETRIC_PRESENTATION_REPRESENTATION (  '', ( #6977 ), #917 ) ;
#645 = CARTESIAN_POINT ( 'NONE',  ( 1.016000000000000014, -6.349999999999999645, 2.540000000000000036 ) ) ;
#646 = PRESENTATION_STYLE_ASSIGNMENT (( #3964 ) ) ;
#647 = ADVANCED_FACE ( 'NONE', ( #6189 ), #7553, .F. ) ;
#648 = CARTESIAN_POINT ( 'NONE',  ( 0.3200000000000000067, -7.145000000000000462, 0.000000000000000000 ) ) ;
#649 = VECTOR ( 'NONE', #4405, 1000.000000000000000 ) ;
#650 =( NAMED_UNIT ( * ) PLANE_ANGLE_UNIT ( ) SI_UNIT ( $, .RADIAN. ) );
#651 = ORIENTED_EDGE ( 'NONE', *, *, #2436, .T. ) ;
#652 = CARTESIAN_POINT ( 'NONE',  ( -0.3200000000000000067, -7.939999999999999503, -2.839999999999999858 ) ) ;
#653 = CARTESIAN_POINT ( 'NONE',  ( -0.1600000000000000033, -0.3200000000000000067, 8.540000000000000924 ) ) ;
#654 = EDGE_CURVE ( 'NONE', #4046, #5333, #3031, .T. ) ;
#655 =( LENGTH_UNIT ( ) NAMED_UNIT ( * ) SI_UNIT ( .MILLI., .METRE. ) );
#656 = CARTESIAN_POINT ( 'NONE',  ( 1.270000000000000018, 1.016000000000000014, 0.000000000000000000 ) ) ;
#657 = CARTESIAN_POINT ( 'NONE',  ( -0.3200000000000000067, 0.3200000000000000067, 8.380000000000000782 ) ) ;
#658 = ORIENTED_EDGE ( 'NONE', *, *, #2661, .F. ) ;
#659 = AXIS2_PLACEMENT_3D ( 'NONE', #1035, #409, #6249 ) ;
#660 = DIRECTION ( 'NONE',  ( 1.000000000000000000, 0.000000000000000000, 0.000000000000000000 ) ) ;
#661 = SURFACE_SIDE_STYLE ('',( #2673 ) ) ;
#662 = DIRECTION ( 'NONE',  ( 1.000000000000000000, 0.000000000000000000, 0.000000000000000000 ) ) ;
#663 = MECHANICAL_DESIGN_GEOMETRIC_PRESENTATION_REPRESENTATION (  '', ( #6441 ), #2037 ) ;
#664 = VECTOR ( 'NONE', #4912, 1000.000000000000000 ) ;
#665 = CARTESIAN_POINT ( 'NONE',  ( 0.05333333333332999915, -2.486666666666999870, 8.646666666667000456 ) ) ;
#666 = ORIENTED_EDGE ( 'NONE', *, *, #7301, .F. ) ;
#667 = LINE ( 'NONE', #3353, #3384 ) ;
#668 = VERTEX_POINT ( 'NONE', #338 ) ;
#669 = SURFACE_STYLE_USAGE ( .BOTH. , #5235 ) ;
#670 = CARTESIAN_POINT ( 'NONE',  ( -1.016000000000000014, -1.270000000000000018, 0.000000000000000000 ) ) ;
#671 = PRESENTATION_LAYER_ASSIGNMENT (  '', '', ( #4935 ) ) ;
#672 =( LENGTH_UNIT ( ) NAMED_UNIT ( * ) SI_UNIT ( .MILLI., .METRE. ) );
#673 = FILL_AREA_STYLE ('',( #3995 ) ) ;
#674 = PRESENTATION_LAYER_ASSIGNMENT (  '', '', ( #7950 ) ) ;
#675 = ORIENTED_EDGE ( 'NONE', *, *, #5788, .F. ) ;
#676 =( NAMED_UNIT ( * ) SI_UNIT ( $, .STERADIAN. ) SOLID_ANGLE_UNIT ( ) );
#677 = VECTOR ( 'NONE', #6727, 1000.000000000000000 ) ;
#678 = EDGE_CURVE ( 'NONE', #5574, #4271, #7600, .T. ) ;
#679 = COLOUR_RGB ( '',0.8588235294117646523, 0.7372549019607843590, 0.4941176470588235503 ) ;
#680 = DIRECTION ( 'NONE',  ( 2.453897423307444850E-18, 1.000000000000000000, 0.000000000000000000 ) ) ;
#681 = UNCERTAINTY_MEASURE_WITH_UNIT (LENGTH_MEASURE( 1.000000000000000082E-05 ), #533, 'distance_accuracy_value', 'NONE');
#682 = ORIENTED_EDGE ( 'NONE', *, *, #7458, .F. ) ;
#683 = LINE ( 'NONE', #652, #6379 ) ;
#684 = EDGE_CURVE ( 'NONE', #3631, #1482, #1544, .T. ) ;
#685 = ADVANCED_FACE ( 'NONE', ( #426 ), #1587, .T. ) ;
#686 =( NAMED_UNIT ( * ) PLANE_ANGLE_UNIT ( ) SI_UNIT ( $, .RADIAN. ) );
#687 = PRESENTATION_STYLE_ASSIGNMENT (( #6627 ) ) ;
#688 = DIRECTION ( 'NONE',  ( 0.000000000000000000, 1.000000000000000000, 0.000000000000000000 ) ) ;
#689 = MECHANICAL_DESIGN_GEOMETRIC_PRESENTATION_REPRESENTATION (  '', ( #4127 ), #2 ) ;
#690 = CARTESIAN_POINT ( 'NONE',  ( -0.1600000000000000033, -2.220000000000000195, 2.540000000000000036 ) ) ;
#691 =( NAMED_UNIT ( * ) PLANE_ANGLE_UNIT ( ) SI_UNIT ( $, .RADIAN. ) );
#692 = EDGE_CURVE ( 'NONE', #2893, #8429, #3915, .T. ) ;
#693 = UNCERTAINTY_MEASURE_WITH_UNIT (LENGTH_MEASURE( 1.000000000000000082E-05 ), #6547, 'distance_accuracy_value', 'NONE');
#694 =( NAMED_UNIT ( * ) PLANE_ANGLE_UNIT ( ) SI_UNIT ( $, .RADIAN. ) );
#695 = FILL_AREA_STYLE ('',( #7875 ) ) ;
#696 = ORIENTED_EDGE ( 'NONE', *, *, #738, .F. ) ;
#697 = DIRECTION ( 'NONE',  ( 0.000000000000000000, 1.000000000000000000, 0.000000000000000000 ) ) ;
#698 = LINE ( 'NONE', #7761, #2584 ) ;
#699 = STYLED_ITEM ( 'NONE', ( #7718 ), #1968 ) ;
#700 = FILL_AREA_STYLE ('',( #630 ) ) ;
#701 = FACE_OUTER_BOUND ( 'NONE', #2163, .T. ) ;
#702 = VECTOR ( 'NONE', #2471, 1000.000000000000114 ) ;
#703 = EDGE_CURVE ( 'NONE', #1805, #7541, #8433, .T. ) ;
#704 = SURFACE_SIDE_STYLE ('',( #1347 ) ) ;
#705 = ORIENTED_EDGE ( 'NONE', *, *, #6361, .T. ) ;
#706 = FILL_AREA_STYLE ('',( #5105 ) ) ;
#707 = VERTEX_POINT ( 'NONE', #3157 ) ;
#708 = CARTESIAN_POINT ( 'NONE',  ( -0.3200000000000000067, -2.860000000000000320, -3.000000000000000000 ) ) ;
#709 = VECTOR ( 'NONE', #4896, 1000.000000000000000 ) ;
#710 = SURFACE_SIDE_STYLE ('',( #5804 ) ) ;
#711 = DIRECTION ( 'NONE',  ( 0.000000000000000000, 1.000000000000000000, 0.000000000000000000 ) ) ;
#712 = CARTESIAN_POINT ( 'NONE',  ( 0.3200000000000000067, -4.604999999999999538, 2.540000000000000036 ) ) ;
#713 = FACE_BOUND ( 'NONE', #2356, .T. ) ;
#714 = STYLED_ITEM ( 'NONE', ( #4694 ), #1104 ) ;
#715 = CARTESIAN_POINT ( 'NONE',  ( -0.1600000000000000033, -7.939999999999999503, -3.000000000000000000 ) ) ;
#716 = ORIENTED_EDGE ( 'NONE', *, *, #7081, .F. ) ;
#717 = DIRECTION ( 'NONE',  ( 1.000000000000000000, 0.000000000000000000, 0.000000000000000000 ) ) ;
#718 = DIRECTION ( 'NONE',  ( 0.7071067811865475727, -0.7071067811865475727, 0.000000000000000000 ) ) ;
#719 = EDGE_CURVE ( 'NONE', #8254, #2137, #4504, .T. ) ;
#720 = EDGE_CURVE ( 'NONE', #5741, #2693, #1197, .T. ) ;
#721 = CARTESIAN_POINT ( 'NONE',  ( -0.3200000000000000067, -17.62000000000000099, -3.000000000000000000 ) ) ;
#722 = SURFACE_SIDE_STYLE ('',( #5329 ) ) ;
#723 = CARTESIAN_POINT ( 'NONE',  ( -0.3200000000000000067, 0.2400000000000000189, -2.919999999999999929 ) ) ;
#724 = ORIENTED_EDGE ( 'NONE', *, *, #3430, .F. ) ;
#725 =( NAMED_UNIT ( * ) PLANE_ANGLE_UNIT ( ) SI_UNIT ( $, .RADIAN. ) );
#726 =( LENGTH_UNIT ( ) NAMED_UNIT ( * ) SI_UNIT ( .MILLI., .METRE. ) );
#727 = FACE_OUTER_BOUND ( 'NONE', #6309, .T. ) ;
#728 = SURFACE_STYLE_USAGE ( .BOTH. , #2738 ) ;
#729 = SURFACE_STYLE_FILL_AREA ( #8051 ) ;
#730 =( NAMED_UNIT ( * ) PLANE_ANGLE_UNIT ( ) SI_UNIT ( $, .RADIAN. ) );
#731 = LINE ( 'NONE', #4018, #2387 ) ;
#732 = FILL_AREA_STYLE ('',( #6634 ) ) ;
#733 = VERTEX_POINT ( 'NONE', #1237 ) ;
#734 = CARTESIAN_POINT ( 'NONE',  ( -0.1600000000000000033, -5.240000000000000213, -3.000000000000000000 ) ) ;
#735 = PRESENTATION_LAYER_ASSIGNMENT (  '', '', ( #3370 ) ) ;
#736 =( NAMED_UNIT ( * ) SI_UNIT ( $, .STERADIAN. ) SOLID_ANGLE_UNIT ( ) );
#737 = LINE ( 'NONE', #7274, #7198 ) ;
#738 = EDGE_CURVE ( 'NONE', #575, #3352, #2600, .T. ) ;
#739 = VECTOR ( 'NONE', #7253, 1000.000000000000000 ) ;
#740 = DIRECTION ( 'NONE',  ( 0.000000000000000000, 0.000000000000000000, 1.000000000000000000 ) ) ;
#741 = ORIENTED_EDGE ( 'NONE', *, *, #1958, .T. ) ;
#742 = DIRECTION ( 'NONE',  ( 1.000000000000000000, 0.000000000000000000, 0.000000000000000000 ) ) ;
#743 = ORIENTED_EDGE ( 'NONE', *, *, #5230, .T. ) ;
#744 =( GEOMETRIC_REPRESENTATION_CONTEXT ( 3 ) GLOBAL_UNCERTAINTY_ASSIGNED_CONTEXT ( ( #1547 ) ) GLOBAL_UNIT_ASSIGNED_CONTEXT ( ( #106, #202, #1574 ) ) REPRESENTATION_CONTEXT ( 'NONE', 'WORKASPACE' ) );
#745 = DIRECTION ( 'NONE',  ( 0.000000000000000000, 1.000000000000000000, 0.000000000000000000 ) ) ;
#746 = FILL_AREA_STYLE_COLOUR ( '', #7537 ) ;
#747 = VECTOR ( 'NONE', #1727, 1000.000000000000000 ) ;
#748 = CARTESIAN_POINT ( 'NONE',  ( 1.016000000000000014, -3.810000000000000053, 0.000000000000000000 ) ) ;
#749 = VECTOR ( 'NONE', #4295, 1000.000000000000000 ) ;
#750 = LINE ( 'NONE', #796, #5845 ) ;
#751 =( LENGTH_UNIT ( ) NAMED_UNIT ( * ) SI_UNIT ( .MILLI., .METRE. ) );
#752 = EDGE_CURVE ( 'NONE', #6933, #4356, #1271, .T. ) ;
#753 = PLANE ( 'NONE',  #1476 ) ;
#754 = DIRECTION ( 'NONE',  ( -0.5773502691896257311, -0.5773502691896257311, 0.5773502691896257311 ) ) ;
#755 = VERTEX_POINT ( 'NONE', #7813 ) ;
#756 = DIRECTION ( 'NONE',  ( 0.000000000000000000, 0.000000000000000000, 1.000000000000000000 ) ) ;
#757 = VECTOR ( 'NONE', #7840, 1000.000000000000000 ) ;
#758 = VERTEX_POINT ( 'NONE', #3240 ) ;
#759 = CARTESIAN_POINT ( 'NONE',  ( -0.2666666666669999519, -7.886666666666999781, 8.433333333333001391 ) ) ;
#760 = LINE ( 'NONE', #2814, #4987 ) ;
#761 =( GEOMETRIC_REPRESENTATION_CONTEXT ( 3 ) GLOBAL_UNCERTAINTY_ASSIGNED_CONTEXT ( ( #169 ) ) GLOBAL_UNIT_ASSIGNED_CONTEXT ( ( #6165, #281, #736 ) ) REPRESENTATION_CONTEXT ( 'NONE', 'WORKASPACE' ) );
#762 = STYLED_ITEM ( 'NONE', ( #6296 ), #5005 ) ;
#763 =( GEOMETRIC_REPRESENTATION_CONTEXT ( 3 ) GLOBAL_UNCERTAINTY_ASSIGNED_CONTEXT ( ( #7388 ) ) GLOBAL_UNIT_ASSIGNED_CONTEXT ( ( #617, #3820, #1257 ) ) REPRESENTATION_CONTEXT ( 'NONE', 'WORKASPACE' ) );
#764 = COLOUR_RGB ( '',0.8588235294117646523, 0.7372549019607843590, 0.4941176470588235503 ) ;
#765 = MECHANICAL_DESIGN_GEOMETRIC_PRESENTATION_REPRESENTATION (  '', ( #8218 ), #4077 ) ;
#766 = ORIENTED_EDGE ( 'NONE', *, *, #626, .F. ) ;
#767 = ADVANCED_FACE ( 'NONE', ( #5835 ), #4463, .F. ) ;
#768 = SURFACE_STYLE_USAGE ( .BOTH. , #1411 ) ;
#769 =( NAMED_UNIT ( * ) PLANE_ANGLE_UNIT ( ) SI_UNIT ( $, .RADIAN. ) );
#770 = DIRECTION ( 'NONE',  ( 0.000000000000000000, 1.000000000000000000, 0.000000000000000000 ) ) ;
#771 =( LENGTH_UNIT ( ) NAMED_UNIT ( * ) SI_UNIT ( .MILLI., .METRE. ) );
#772 = VECTOR ( 'NONE', #451, 1000.000000000000000 ) ;
#773 =( LENGTH_UNIT ( ) NAMED_UNIT ( * ) SI_UNIT ( .MILLI., .METRE. ) );
#774 = FILL_AREA_STYLE_COLOUR ( '', #5806 ) ;
#775 = ORIENTED_EDGE ( 'NONE', *, *, #1463, .F. ) ;
#776 = LINE ( 'NONE', #7404, #4838 ) ;
#777 = CARTESIAN_POINT ( 'NONE',  ( -0.3200000000000000067, -17.62000000000000099, 8.540000000000000924 ) ) ;
#778 = ORIENTED_EDGE ( 'NONE', *, *, #2461, .F. ) ;
#779 = CARTESIAN_POINT ( 'NONE',  ( -0.3200000000000000067, -7.939999999999999503, 8.380000000000000782 ) ) ;
#780 = CARTESIAN_POINT ( 'NONE',  ( -0.3200000000000000067, -15.55999999999999872, -3.000000000000000000 ) ) ;
#781 = PRODUCT_DEFINITION_FORMATION_WITH_SPECIFIED_SOURCE ( 'ANY', '', #4673, .NOT_KNOWN. ) ;
#782 =( GEOMETRIC_REPRESENTATION_CONTEXT ( 3 ) GLOBAL_UNCERTAINTY_ASSIGNED_CONTEXT ( ( #4926 ) ) GLOBAL_UNIT_ASSIGNED_CONTEXT ( ( #6650, #2685, #4078 ) ) REPRESENTATION_CONTEXT ( 'NONE', 'WORKASPACE' ) );
#783 = CARTESIAN_POINT ( 'NONE',  ( 0.3200000000000000067, -13.01999999999999957, -3.000000000000000000 ) ) ;
#784 = FACE_OUTER_BOUND ( 'NONE', #2125, .T. ) ;
#785 = CARTESIAN_POINT ( 'NONE',  ( 0.2400000000000000189, -10.48000000000000043, -2.919999999999999929 ) ) ;
#786 = UNCERTAINTY_MEASURE_WITH_UNIT (LENGTH_MEASURE( 1.000000000000000082E-05 ), #3844, 'distance_accuracy_value', 'NONE');
#787 = FACE_OUTER_BOUND ( 'NONE', #931, .T. ) ;
#788 = ORIENTED_EDGE ( 'NONE', *, *, #3553, .F. ) ;
#789 = SURFACE_STYLE_FILL_AREA ( #1433 ) ;
#790 = VERTEX_POINT ( 'NONE', #2470 ) ;
#791 = STYLED_ITEM ( 'NONE', ( #78 ), #8259 ) ;
#792 = ORIENTED_EDGE ( 'NONE', *, *, #752, .T. ) ;
#793 = PRODUCT_DEFINITION ( 'UNKNOWN', '', #1767, #3656 ) ;
#794 = EDGE_CURVE ( 'NONE', #5306, #3009, #516, .T. ) ;
#795 = LINE ( 'NONE', #3444, #7491 ) ;
#796 = CARTESIAN_POINT ( 'NONE',  ( -1.270000000000000018, -1.016000000000000014, 0.000000000000000000 ) ) ;
#797 = VECTOR ( 'NONE', #4471, 1000.000000000000114 ) ;
#798 =( NAMED_UNIT ( * ) PLANE_ANGLE_UNIT ( ) SI_UNIT ( $, .RADIAN. ) );
#799 = LINE ( 'NONE', #5958, #7924 ) ;
#800 = EDGE_CURVE ( 'NONE', #2266, #8481, #1808, .T. ) ;
#801 = FACE_OUTER_BOUND ( 'NONE', #1059, .T. ) ;
#802 = LINE ( 'NONE', #7987, #211 ) ;
#803 = ORIENTED_EDGE ( 'NONE', *, *, #5409, .T. ) ;
#804 = ORIENTED_EDGE ( 'NONE', *, *, #5078, .F. ) ;
#805 = DIRECTION ( 'NONE',  ( 0.000000000000000000, 1.000000000000000000, 0.000000000000000000 ) ) ;
#806 =( NAMED_UNIT ( * ) PLANE_ANGLE_UNIT ( ) SI_UNIT ( $, .RADIAN. ) );
#807 = CARTESIAN_POINT ( 'NONE',  ( -0.3200000000000000067, -2.220000000000000195, -3.000000000000000000 ) ) ;
#808 = VECTOR ( 'NONE', #4451, 1000.000000000000000 ) ;
#809 =( NAMED_UNIT ( * ) SI_UNIT ( $, .STERADIAN. ) SOLID_ANGLE_UNIT ( ) );
#810 = DIRECTION ( 'NONE',  ( 0.000000000000000000, 0.000000000000000000, 1.000000000000000000 ) ) ;
#811 = ORIENTED_EDGE ( 'NONE', *, *, #5781, .F. ) ;
#812 =( LENGTH_UNIT ( ) NAMED_UNIT ( * ) SI_UNIT ( .MILLI., .METRE. ) );
#813 = CARTESIAN_POINT ( 'NONE',  ( -1.016000000000000014, -11.42999999999999972, 0.000000000000000000 ) ) ;
#814 = PRESENTATION_STYLE_ASSIGNMENT (( #4648 ) ) ;
#815 = CARTESIAN_POINT ( 'NONE',  ( -0.3200000000000000067, -0.3200000000000000067, 2.540000000000000036 ) ) ;
#816 = PRESENTATION_LAYER_ASSIGNMENT (  '', '', ( #2206 ) ) ;
#817 = ADVANCED_FACE ( 'NONE', ( #5757 ), #3795, .F. ) ;
#818 = COLOUR_RGB ( '',0.8588235294117646523, 0.7372549019607843590, 0.4941176470588235503 ) ;
#819 = DIRECTION ( 'NONE',  ( -0.7071067811865474617, -0.7071067811865474617, 0.000000000000000000 ) ) ;
#820 = PLANE ( 'NONE',  #3710 ) ;
#821 = ORIENTED_EDGE ( 'NONE', *, *, #794, .F. ) ;
#822 = ORIENTED_EDGE ( 'NONE', *, *, #7441, .F. ) ;
#823 =( NAMED_UNIT ( * ) SI_UNIT ( $, .STERADIAN. ) SOLID_ANGLE_UNIT ( ) );
#824 = PRESENTATION_STYLE_ASSIGNMENT (( #4231 ) ) ;
#825 = FILL_AREA_STYLE ('',( #3386 ) ) ;
#826 = VECTOR ( 'NONE', #1461, 1000.000000000000000 ) ;
#827 = CARTESIAN_POINT ( 'NONE',  ( 0.1600000000000000033, -0.3200000000000000067, 8.540000000000000924 ) ) ;
#828 = CARTESIAN_POINT ( 'NONE',  ( -1.270000000000000018, -16.25600000000000023, 0.000000000000000000 ) ) ;
#829 = EDGE_CURVE ( 'NONE', #2784, #1023, #2219, .T. ) ;
#830 = MECHANICAL_DESIGN_GEOMETRIC_PRESENTATION_REPRESENTATION (  '', ( #3999 ), #5649 ) ;
#831 = FILL_AREA_STYLE_COLOUR ( '', #1255 ) ;
#832 = EDGE_LOOP ( 'NONE', ( #6229, #3716, #5057, #4729 ) ) ;
#833 = LINE ( 'NONE', #1301, #1728 ) ;
#834 = ORIENTED_EDGE ( 'NONE', *, *, #1933, .F. ) ;
#835 = ORIENTED_EDGE ( 'NONE', *, *, #5885, .T. ) ;
#836 = EDGE_CURVE ( 'NONE', #3589, #2784, #2270, .T. ) ;
#837 = AXIS2_PLACEMENT_3D ( 'NONE', #1109, #1768, #3918 ) ;
#838 = CARTESIAN_POINT ( 'NONE',  ( 1.270000000000000018, 1.016000000000000014, 0.000000000000000000 ) ) ;
#839 = DIRECTION ( 'NONE',  ( 0.000000000000000000, 0.000000000000000000, 1.000000000000000000 ) ) ;
#840 = EDGE_CURVE ( 'NONE', #1721, #1493, #7854, .T. ) ;
#841 = PRESENTATION_STYLE_ASSIGNMENT (( #28 ) ) ;
#842 = CARTESIAN_POINT ( 'NONE',  ( -0.3200000000000000067, -12.46000000000000085, 8.460000000000000853 ) ) ;
#843 =( GEOMETRIC_REPRESENTATION_CONTEXT ( 3 ) GLOBAL_UNCERTAINTY_ASSIGNED_CONTEXT ( ( #1206 ) ) GLOBAL_UNIT_ASSIGNED_CONTEXT ( ( #3608, #5559, #360 ) ) REPRESENTATION_CONTEXT ( 'NONE', 'WORKASPACE' ) );
#844 = FILL_AREA_STYLE_COLOUR ( '', #818 ) ;
#845 = ORIENTED_EDGE ( 'NONE', *, *, #2899, .T. ) ;
#846 = CARTESIAN_POINT ( 'NONE',  ( -0.3200000000000000067, -12.54000000000000092, 8.540000000000000924 ) ) ;
#847 = ORIENTED_EDGE ( 'NONE', *, *, #1033, .T. ) ;
#848 = ITEM_DEFINED_TRANSFORMATION ( 'NONE', 'NONE', #8386,  #264 ) ;
#849 = MECHANICAL_DESIGN_GEOMETRIC_PRESENTATION_REPRESENTATION (  '', ( #7044 ), #2079 ) ;
#850 = ORIENTED_EDGE ( 'NONE', *, *, #8338, .F. ) ;
#851 = CARTESIAN_POINT ( 'NONE',  ( -1.270000000000000018, -6.603999999999999204, 0.000000000000000000 ) ) ;
#852 = FILL_AREA_STYLE_COLOUR ( '', #6075 ) ;
#853 = UNCERTAINTY_MEASURE_WITH_UNIT (LENGTH_MEASURE( 1.000000000000000082E-05 ), #6740, 'distance_accuracy_value', 'NONE');
#854 = ORIENTED_EDGE ( 'NONE', *, *, #4410, .T. ) ;
#855 = FILL_AREA_STYLE_COLOUR ( '', #5786 ) ;
#856 = ORIENTED_EDGE ( 'NONE', *, *, #6557, .T. ) ;
#857 = SURFACE_STYLE_FILL_AREA ( #4690 ) ;
#858 = DIRECTION ( 'NONE',  ( -0.7071067811865475727, 1.735167508356890344E-18, 0.7071067811865475727 ) ) ;
#859 =( NAMED_UNIT ( * ) PLANE_ANGLE_UNIT ( ) SI_UNIT ( $, .RADIAN. ) );
#860 = AXIS2_PLACEMENT_3D ( 'NONE', #7398, #4134, #3510 ) ;
#861 = DIRECTION ( 'NONE',  ( -0.5773502691896257311, -0.5773502691896257311, -0.5773502691896257311 ) ) ;
#862 = VECTOR ( 'NONE', #6656, 1000.000000000000114 ) ;
#863 =( NAMED_UNIT ( * ) PLANE_ANGLE_UNIT ( ) SI_UNIT ( $, .RADIAN. ) );
#864 = ADVANCED_FACE ( 'NONE', ( #8064 ), #4588, .F. ) ;
#865 = CARTESIAN_POINT ( 'NONE',  ( -1.270000000000000018, -6.603999999999999204, 2.540000000000000036 ) ) ;
#866 = ORIENTED_EDGE ( 'NONE', *, *, #3974, .F. ) ;
#867 = ORIENTED_EDGE ( 'NONE', *, *, #4256, .T. ) ;
#868 = PLANE ( 'NONE',  #157 ) ;
#869 =( NAMED_UNIT ( * ) PLANE_ANGLE_UNIT ( ) SI_UNIT ( $, .RADIAN. ) );
#870 = FACE_OUTER_BOUND ( 'NONE', #7434, .T. ) ;
#871 = LINE ( 'NONE', #828, #1465 ) ;
#872 = UNCERTAINTY_MEASURE_WITH_UNIT (LENGTH_MEASURE( 1.000000000000000082E-05 ), #6019, 'distance_accuracy_value', 'NONE');
#873 = MECHANICAL_DESIGN_GEOMETRIC_PRESENTATION_REPRESENTATION (  '', ( #6516 ), #4727 ) ;
#874 = FILL_AREA_STYLE_COLOUR ( '', #5097 ) ;
#875 = ORIENTED_EDGE ( 'NONE', *, *, #3568, .F. ) ;
#876 = ORIENTED_EDGE ( 'NONE', *, *, #6424, .T. ) ;
#877 = VERTEX_POINT ( 'NONE', #5388 ) ;
#878 = EDGE_CURVE ( 'NONE', #2484, #3734, #7360, .T. ) ;
#879 =( NAMED_UNIT ( * ) SI_UNIT ( $, .STERADIAN. ) SOLID_ANGLE_UNIT ( ) );
#880 = CARTESIAN_POINT ( 'NONE',  ( 0.05333333333332999915, -12.64666666665999983, 8.646666666667000456 ) ) ;
#881 = COLOUR_RGB ( '',0.1450980392156862586, 0.1411764705882352922, 0.1411764705882352922 ) ;
#882 = PRESENTATION_LAYER_ASSIGNMENT (  '', '', ( #2126 ) ) ;
#883 = PRESENTATION_STYLE_ASSIGNMENT (( #66 ) ) ;
#884 = SURFACE_SIDE_STYLE ('',( #974 ) ) ;
#885 = ORIENTED_EDGE ( 'NONE', *, *, #7142, .F. ) ;
#886 = DIRECTION ( 'NONE',  ( 0.000000000000000000, 0.000000000000000000, 1.000000000000000000 ) ) ;
#887 = VERTEX_POINT ( 'NONE', #4146 ) ;
#888 = ORIENTED_EDGE ( 'NONE', *, *, #8436, .T. ) ;
#889 = CARTESIAN_POINT ( 'NONE',  ( -1.016000000000000014, -16.51000000000000156, 0.000000000000000000 ) ) ;
#890 = STYLED_ITEM ( 'NONE', ( #2124 ), #6550 ) ;
#891 = SURFACE_STYLE_FILL_AREA ( #8090 ) ;
#892 = PRESENTATION_LAYER_ASSIGNMENT (  '', '', ( #4604 ) ) ;
#893 = CARTESIAN_POINT ( 'NONE',  ( -0.3200000000000000067, -15.55999999999999872, -3.000000000000000000 ) ) ;
#894 = AXIS2_PLACEMENT_3D ( 'NONE', #7613, #1779, #8321 ) ;
#895 = ORIENTED_EDGE ( 'NONE', *, *, #3451, .F. ) ;
#896 =( LENGTH_UNIT ( ) NAMED_UNIT ( * ) SI_UNIT ( .MILLI., .METRE. ) );
#897 = CARTESIAN_POINT ( 'NONE',  ( 0.1600000000000000033, -4.919999999999999929, -3.000000000000000000 ) ) ;
#898 = ORIENTED_EDGE ( 'NONE', *, *, #6328, .F. ) ;
#899 = SURFACE_SIDE_STYLE ('',( #6149 ) ) ;
#900 = STYLED_ITEM ( 'NONE', ( #6963 ), #3156 ) ;
#901 = STYLED_ITEM ( 'NONE', ( #4993 ), #4959 ) ;
#902 = CARTESIAN_POINT ( 'NONE',  ( 0.3200000000000000067, -4.760000000000000675, -3.000000000000000000 ) ) ;
#903 = EDGE_CURVE ( 'NONE', #7618, #7243, #6728, .T. ) ;
#904 = DIRECTION ( 'NONE',  ( 0.000000000000000000, 0.000000000000000000, 1.000000000000000000 ) ) ;
#905 = VECTOR ( 'NONE', #1073, 1000.000000000000114 ) ;
#906 = AXIS2_PLACEMENT_3D ( 'NONE', #7314, #6773, #2220 ) ;
#907 = MECHANICAL_DESIGN_GEOMETRIC_PRESENTATION_REPRESENTATION (  '', ( #7358 ), #1748 ) ;
#908 = PLANE ( 'NONE',  #6215 ) ;
#909 = FILL_AREA_STYLE ('',( #8108 ) ) ;
#910 = VERTEX_POINT ( 'NONE', #191 ) ;
#911 = ORIENTED_EDGE ( 'NONE', *, *, #2240, .T. ) ;
#912 = EDGE_CURVE ( 'NONE', #411, #4709, #2835, .T. ) ;
#913 = SURFACE_SIDE_STYLE ('',( #4876 ) ) ;
#914 = ORIENTED_EDGE ( 'NONE', *, *, #15, .F. ) ;
#915 =( NAMED_UNIT ( * ) SI_UNIT ( $, .STERADIAN. ) SOLID_ANGLE_UNIT ( ) );
#916 = AXIS2_PLACEMENT_3D ( 'NONE', #5478, #2166, #4925 ) ;
#917 =( GEOMETRIC_REPRESENTATION_CONTEXT ( 3 ) GLOBAL_UNCERTAINTY_ASSIGNED_CONTEXT ( ( #1220 ) ) GLOBAL_UNIT_ASSIGNED_CONTEXT ( ( #6387, #1692, #489 ) ) REPRESENTATION_CONTEXT ( 'NONE', 'WORKASPACE' ) );
#918 = SURFACE_STYLE_FILL_AREA ( #1562 ) ;
#919 = SURFACE_SIDE_STYLE ('',( #4746 ) ) ;
#920 =( NAMED_UNIT ( * ) SI_UNIT ( $, .STERADIAN. ) SOLID_ANGLE_UNIT ( ) );
#921 = FILL_AREA_STYLE ('',( #8017 ) ) ;
#922 = ORIENTED_EDGE ( 'NONE', *, *, #6328, .T. ) ;
#923 = EDGE_LOOP ( 'NONE', ( #3814, #2245, #3482, #5843 ) ) ;
#924 = ORIENTED_EDGE ( 'NONE', *, *, #7608, .T. ) ;
#925 =( NAMED_UNIT ( * ) SI_UNIT ( $, .STERADIAN. ) SOLID_ANGLE_UNIT ( ) );
#926 =( NAMED_UNIT ( * ) PLANE_ANGLE_UNIT ( ) SI_UNIT ( $, .RADIAN. ) );
#927 = CARTESIAN_POINT ( 'NONE',  ( 0.3200000000000000067, -10.48000000000000043, -3.000000000000000000 ) ) ;
#928 = PLANE ( 'NONE',  #3793 ) ;
#929 = DIRECTION ( 'NONE',  ( 0.000000000000000000, 1.000000000000000000, 0.000000000000000000 ) ) ;
#930 =( NAMED_UNIT ( * ) SI_UNIT ( $, .STERADIAN. ) SOLID_ANGLE_UNIT ( ) );
#931 = EDGE_LOOP ( 'NONE', ( #5548, #3543, #3834, #7319 ) ) ;
#932 = DIRECTION ( 'NONE',  ( 0.000000000000000000, 0.000000000000000000, 1.000000000000000000 ) ) ;
#933 = EDGE_LOOP ( 'NONE', ( #6413, #4336, #4841, #564 ) ) ;
#934 = EDGE_LOOP ( 'NONE', ( #6024, #6129, #3469, #609 ) ) ;
#935 =( NAMED_UNIT ( * ) PLANE_ANGLE_UNIT ( ) SI_UNIT ( $, .RADIAN. ) );
#936 = COLOUR_RGB ( '',0.8588235294117646523, 0.7372549019607843590, 0.4941176470588235503 ) ;
#937 = DIRECTION ( 'NONE',  ( 0.000000000000000000, 0.000000000000000000, 1.000000000000000000 ) ) ;
#938 = UNCERTAINTY_MEASURE_WITH_UNIT (LENGTH_MEASURE( 1.000000000000000082E-05 ), #7710, 'distance_accuracy_value', 'NONE');
#939 = ORIENTED_EDGE ( 'NONE', *, *, #1216, .T. ) ;
#940 = COLOUR_RGB ( '',0.1450980392156862586, 0.1411764705882352922, 0.1411764705882352922 ) ;
#941 = SURFACE_STYLE_USAGE ( .BOTH. , #6848 ) ;
#942 = ORIENTED_EDGE ( 'NONE', *, *, #1753, .T. ) ;
#943 = LINE ( 'NONE', #4866, #1464 ) ;
#944 =( LENGTH_UNIT ( ) NAMED_UNIT ( * ) SI_UNIT ( .MILLI., .METRE. ) );
#945 = ADVANCED_FACE ( 'NONE', ( #4794 ), #7408, .F. ) ;
#946 = DIRECTION ( 'NONE',  ( 0.000000000000000000, 0.000000000000000000, 1.000000000000000000 ) ) ;
#947 = AXIS2_PLACEMENT_3D ( 'NONE', #3828, #2630, #8388 ) ;
#948 = EDGE_CURVE ( 'NONE', #4996, #7540, #1790, .T. ) ;
#949 = LINE ( 'NONE', #5044, #10 ) ;
#950 = ADVANCED_FACE ( 'NONE', ( #4403 ), #4317, .T. ) ;
#951 = EDGE_LOOP ( 'NONE', ( #4788, #1621, #5503, #2830 ) ) ;
#952 = EDGE_LOOP ( 'NONE', ( #4874, #5535, #6394, #2942 ) ) ;
#953 = SURFACE_STYLE_FILL_AREA ( #4998 ) ;
#954 = PRESENTATION_LAYER_ASSIGNMENT (  '', '', ( #5220 ) ) ;
#955 =( NAMED_UNIT ( * ) PLANE_ANGLE_UNIT ( ) SI_UNIT ( $, .RADIAN. ) );
#956 = CARTESIAN_POINT ( 'NONE',  ( 0.1600000000000000033, -10.31999999999999851, 8.540000000000000924 ) ) ;
#957 = DIRECTION ( 'NONE',  ( 1.000000000000000000, 0.000000000000000000, 0.000000000000000000 ) ) ;
#958 = CARTESIAN_POINT ( 'NONE',  ( 0.3200000000000000067, -10.48000000000000043, 2.540000000000000036 ) ) ;
#959 = PRESENTATION_LAYER_ASSIGNMENT (  '', '', ( #562 ) ) ;
#960 = UNCERTAINTY_MEASURE_WITH_UNIT (LENGTH_MEASURE( 1.000000000000000082E-05 ), #6237, 'distance_accuracy_value', 'NONE');
#961 =( NAMED_UNIT ( * ) PLANE_ANGLE_UNIT ( ) SI_UNIT ( $, .RADIAN. ) );
#962 = ORIENTED_EDGE ( 'NONE', *, *, #548, .F. ) ;
#963 = VERTEX_POINT ( 'NONE', #3652 ) ;
#964 = EDGE_LOOP ( 'NONE', ( #8180, #4949, #6680, #4324 ) ) ;
#965 = FILL_AREA_STYLE_COLOUR ( '', #6592 ) ;
#966 = VECTOR ( 'NONE', #5253, 1000.000000000000000 ) ;
#967 =( NAMED_UNIT ( * ) PLANE_ANGLE_UNIT ( ) SI_UNIT ( $, .RADIAN. ) );
#968 = EDGE_CURVE ( 'NONE', #5019, #6984, #5654, .T. ) ;
#969 = SURFACE_STYLE_FILL_AREA ( #4204 ) ;
#970 = SURFACE_STYLE_FILL_AREA ( #7468 ) ;
#971 = PRESENTATION_LAYER_ASSIGNMENT (  '', '', ( #3612 ) ) ;
#972 = DIRECTION ( 'NONE',  ( -0.7071067811865474617, -0.7071067811865474617, 0.000000000000000000 ) ) ;
#973 = CARTESIAN_POINT ( 'NONE',  ( -0.1600000000000000033, -4.919999999999999929, -3.000000000000000000 ) ) ;
#974 = SURFACE_STYLE_FILL_AREA ( #2905 ) ;
#975 = ORIENTED_EDGE ( 'NONE', *, *, #2534, .T. ) ;
#976 = SURFACE_STYLE_USAGE ( .BOTH. , #3715 ) ;
#977 = VERTEX_POINT ( 'NONE', #6908 ) ;
#978 = EDGE_CURVE ( 'NONE', #4757, #5064, #6949, .T. ) ;
#979 = ORIENTED_EDGE ( 'NONE', *, *, #6575, .T. ) ;
#980 = PRESENTATION_STYLE_ASSIGNMENT (( #3591 ) ) ;
#981 = STYLED_ITEM ( 'NONE', ( #5149 ), #5273 ) ;
#982 = CARTESIAN_POINT ( 'NONE',  ( 1.270000000000000018, -13.71600000000000108, 2.540000000000000036 ) ) ;
#983 = LINE ( 'NONE', #4214, #7436 ) ;
#984 = MECHANICAL_DESIGN_GEOMETRIC_PRESENTATION_REPRESENTATION (  '', ( #7164 ), #1946 ) ;
#985 = DIRECTION ( 'NONE',  ( 1.000000000000000000, 0.000000000000000000, 0.000000000000000000 ) ) ;
#986 =( GEOMETRIC_REPRESENTATION_CONTEXT ( 3 ) GLOBAL_UNCERTAINTY_ASSIGNED_CONTEXT ( ( #3554 ) ) GLOBAL_UNIT_ASSIGNED_CONTEXT ( ( #7056, #6409, #5109 ) ) REPRESENTATION_CONTEXT ( 'NONE', 'WORKASPACE' ) );
#987 = EDGE_LOOP ( 'NONE', ( #3546, #7595, #5505, #8299 ) ) ;
#988 = ORIENTED_EDGE ( 'NONE', *, *, #5487, .F. ) ;
#989 = DIRECTION ( 'NONE',  ( 1.000000000000000000, 0.000000000000000000, 0.000000000000000000 ) ) ;
#990 = ADVANCED_FACE ( 'NONE', ( #364 ), #3014, .T. ) ;
#991 =( NAMED_UNIT ( * ) SI_UNIT ( $, .STERADIAN. ) SOLID_ANGLE_UNIT ( ) );
#992 = SURFACE_STYLE_FILL_AREA ( #6898 ) ;
#993 = ADVANCED_FACE ( 'NONE', ( #616 ), #7833, .F. ) ;
#994 = SURFACE_STYLE_FILL_AREA ( #1603 ) ;
#995 = ORIENTED_EDGE ( 'NONE', *, *, #5345, .T. ) ;
#996 = ORIENTED_EDGE ( 'NONE', *, *, #6539, .F. ) ;
#997 = FILL_AREA_STYLE_COLOUR ( '', #5376 ) ;
#998 = DIRECTION ( 'NONE',  ( -0.000000000000000000, 1.000000000000000000, 0.000000000000000000 ) ) ;
#999 = CARTESIAN_POINT ( 'NONE',  ( 1.270000000000000018, -4.064000000000000057, 2.540000000000000036 ) ) ;
#1000 = SURFACE_STYLE_USAGE ( .BOTH. , #8252 ) ;
#1001 = SURFACE_SIDE_STYLE ('',( #1091 ) ) ;
#1002 = FILL_AREA_STYLE ('',( #2227 ) ) ;
#1003 = ORIENTED_EDGE ( 'NONE', *, *, #1084, .T. ) ;
#1004 = ORIENTED_EDGE ( 'NONE', *, *, #2750, .F. ) ;
#1005 = FACE_OUTER_BOUND ( 'NONE', #2064, .T. ) ;
#1006 = EDGE_CURVE ( 'NONE', #8492, #8216, #3261, .T. ) ;
#1007 = SURFACE_STYLE_FILL_AREA ( #1143 ) ;
#1008 = SURFACE_STYLE_USAGE ( .BOTH. , #7467 ) ;
#1009 = SURFACE_STYLE_USAGE ( .BOTH. , #3022 ) ;
#1010 = VECTOR ( 'NONE', #8247, 1000.000000000000000 ) ;
#1011 = CARTESIAN_POINT ( 'NONE',  ( 0.1600000000000000033, -2.700000000000000178, -3.000000000000000000 ) ) ;
#1012 = FILL_AREA_STYLE ('',( #6318 ) ) ;
#1013 = VERTEX_POINT ( 'NONE', #7231 ) ;
#1014 = CARTESIAN_POINT ( 'NONE',  ( 1.016000000000000014, -8.890000000000000568, 2.540000000000000036 ) ) ;
#1015 = VERTEX_POINT ( 'NONE', #5778 ) ;
#1016 = FILL_AREA_STYLE ('',( #1103 ) ) ;
#1017 = ADVANCED_FACE ( 'NONE', ( #8414 ), #7189, .F. ) ;
#1018 = AXIS2_PLACEMENT_3D ( 'NONE', #3198, #8396, #1709 ) ;
#1019 = SURFACE_STYLE_FILL_AREA ( #4377 ) ;
#1020 =( NAMED_UNIT ( * ) SI_UNIT ( $, .STERADIAN. ) SOLID_ANGLE_UNIT ( ) );
#1021 = LINE ( 'NONE', #8272, #2662 ) ;
#1022 = UNCERTAINTY_MEASURE_WITH_UNIT (LENGTH_MEASURE( 1.000000000000000082E-05 ), #1847, 'distance_accuracy_value', 'NONE');
#1023 = VERTEX_POINT ( 'NONE', #2663 ) ;
#1024 = LINE ( 'NONE', #2349, #2424 ) ;
#1025 = CARTESIAN_POINT ( 'NONE',  ( 0.05333333333332999915, -17.72666666666000168, 8.646666666667000456 ) ) ;
#1026 = AXIS2_PLACEMENT_3D ( 'NONE', #641, #7740, #3842 ) ;
#1027 = ORIENTED_EDGE ( 'NONE', *, *, #2016, .T. ) ;
#1028 =( NAMED_UNIT ( * ) PLANE_ANGLE_UNIT ( ) SI_UNIT ( $, .RADIAN. ) );
#1029 =( NAMED_UNIT ( * ) PLANE_ANGLE_UNIT ( ) SI_UNIT ( $, .RADIAN. ) );
#1030 =( NAMED_UNIT ( * ) PLANE_ANGLE_UNIT ( ) SI_UNIT ( $, .RADIAN. ) );
#1031 = FILL_AREA_STYLE ('',( #3690 ) ) ;
#1032 = VECTOR ( 'NONE', #63, 1000.000000000000000 ) ;
#1033 = EDGE_CURVE ( 'NONE', #4812, #6737, #4610, .T. ) ;
#1034 = LINE ( 'NONE', #8372, #7582 ) ;
#1035 = CARTESIAN_POINT ( 'NONE',  ( 1.270000000000000018, -6.096000000000000085, 0.000000000000000000 ) ) ;
#1036 = ORIENTED_EDGE ( 'NONE', *, *, #1006, .T. ) ;
#1037 = EDGE_LOOP ( 'NONE', ( #2819, #5873, #1232, #4188 ) ) ;
#1038 = LINE ( 'NONE', #3694, #2559 ) ;
#1039 = CARTESIAN_POINT ( 'NONE',  ( -0.3200000000000000067, -13.49499999999999922, 0.000000000000000000 ) ) ;
#1040 = PRESENTATION_LAYER_ASSIGNMENT (  '', '', ( #3939 ) ) ;
#1041 = AXIS2_PLACEMENT_3D ( 'NONE', #5177, #4444, #3856 ) ;
#1042 = MECHANICAL_DESIGN_GEOMETRIC_PRESENTATION_REPRESENTATION (  '', ( #5301 ), #3398 ) ;
#1043 = PRESENTATION_STYLE_ASSIGNMENT (( #2272 ) ) ;
#1044 = UNCERTAINTY_MEASURE_WITH_UNIT (LENGTH_MEASURE( 1.000000000000000082E-05 ), #7034, 'distance_accuracy_value', 'NONE');
#1045 = FILL_AREA_STYLE_COLOUR ( '', #3879 ) ;
#1046 = PRESENTATION_STYLE_ASSIGNMENT (( #6127 ) ) ;
#1047 = VERTEX_POINT ( 'NONE', #8153 ) ;
#1048 = PRESENTATION_LAYER_ASSIGNMENT (  '', '', ( #8482 ) ) ;
#1049 = ORIENTED_EDGE ( 'NONE', *, *, #6202, .F. ) ;
#1050 = SURFACE_STYLE_USAGE ( .BOTH. , #6918 ) ;
#1051 = CARTESIAN_POINT ( 'NONE',  ( -1.270000000000000018, 1.016000000000000014, 0.000000000000000000 ) ) ;
#1052 = AXIS2_PLACEMENT_3D ( 'NONE', #2919, #5507, #6803 ) ;
#1053 =( LENGTH_UNIT ( ) NAMED_UNIT ( * ) SI_UNIT ( .MILLI., .METRE. ) );
#1054 = CARTESIAN_POINT ( 'NONE',  ( 0.3200000000000000067, -15.55999999999999872, -3.000000000000000000 ) ) ;
#1055 = DIRECTION ( 'NONE',  ( 0.000000000000000000, 0.000000000000000000, 1.000000000000000000 ) ) ;
#1056 = LINE ( 'NONE', #6272, #5247 ) ;
#1057 = CARTESIAN_POINT ( 'NONE',  ( 0.1600000000000000033, -2.700000000000000178, -3.000000000000000000 ) ) ;
#1058 = DIRECTION ( 'NONE',  ( 0.000000000000000000, 0.000000000000000000, 1.000000000000000000 ) ) ;
#1059 = EDGE_LOOP ( 'NONE', ( #7899, #1262, #3781, #2018 ) ) ;
#1060 = ORIENTED_EDGE ( 'NONE', *, *, #5656, .T. ) ;
#1061 = EDGE_CURVE ( 'NONE', #6146, #755, #128, .T. ) ;
#1062 = SURFACE_STYLE_USAGE ( .BOTH. , #2510 ) ;
#1063 = LINE ( 'NONE', #3029, #7814 ) ;
#1064 = CARTESIAN_POINT ( 'NONE',  ( -0.3200000000000000067, 0.1600000000000000033, -3.000000000000000000 ) ) ;
#1065 = FILL_AREA_STYLE_COLOUR ( '', #5413 ) ;
#1066 = COLOUR_RGB ( '',0.8588235294117646523, 0.7372549019607843590, 0.4941176470588235503 ) ;
#1067 = EDGE_CURVE ( 'NONE', #4997, #5752, #5510, .T. ) ;
#1068 = CARTESIAN_POINT ( 'NONE',  ( -0.1600000000000000033, -17.46000000000000085, 0.000000000000000000 ) ) ;
#1069 = DIRECTION ( 'NONE',  ( 0.000000000000000000, 0.000000000000000000, 1.000000000000000000 ) ) ;
#1070 = EDGE_LOOP ( 'NONE', ( #1151, #7031, #3518, #3660 ) ) ;
#1071 = CARTESIAN_POINT ( 'NONE',  ( -1.270000000000000018, -16.76400000000000290, 0.000000000000000000 ) ) ;
#1072 = COLOUR_RGB ( '',0.1450980392156862586, 0.1411764705882352922, 0.1411764705882352922 ) ;
#1073 = DIRECTION ( 'NONE',  ( 0.5773502691896257311, -0.5773502691896257311, -0.5773502691896257311 ) ) ;
#1074 = DIRECTION ( 'NONE',  ( -0.5773502691896257311, -0.5773502691896257311, -0.5773502691896257311 ) ) ;
#1075 = EDGE_CURVE ( 'NONE', #1595, #7463, #4650, .T. ) ;
#1076 = DIRECTION ( 'NONE',  ( -0.000000000000000000, 1.000000000000000000, 0.000000000000000000 ) ) ;
#1077 =( GEOMETRIC_REPRESENTATION_CONTEXT ( 3 ) GLOBAL_UNCERTAINTY_ASSIGNED_CONTEXT ( ( #1565 ) ) GLOBAL_UNIT_ASSIGNED_CONTEXT ( ( #1450, #8089, #210 ) ) REPRESENTATION_CONTEXT ( 'NONE', 'WORKASPACE' ) );
#1078 = COLOUR_RGB ( '',0.1450980392156862586, 0.1411764705882352922, 0.1411764705882352922 ) ;
#1079 = FACE_OUTER_BOUND ( 'NONE', #5754, .T. ) ;
#1080 = SURFACE_STYLE_USAGE ( .BOTH. , #5773 ) ;
#1081 = ORIENTED_EDGE ( 'NONE', *, *, #8378, .T. ) ;
#1082 = ORIENTED_EDGE ( 'NONE', *, *, #138, .F. ) ;
#1083 = CARTESIAN_POINT ( 'NONE',  ( 0.3200000000000000067, -14.91999999999999993, -3.000000000000000000 ) ) ;
#1084 = EDGE_CURVE ( 'NONE', #275, #1631, #7304, .T. ) ;
#1085 = FACE_OUTER_BOUND ( 'NONE', #5314, .T. ) ;
#1086 = CARTESIAN_POINT ( 'NONE',  ( -1.270000000000000018, -8.635999999999999233, 0.000000000000000000 ) ) ;
#1087 = PRESENTATION_LAYER_ASSIGNMENT (  '', '', ( #2042 ) ) ;
#1088 = FACE_OUTER_BOUND ( 'NONE', #4338, .T. ) ;
#1089 = FILL_AREA_STYLE ('',( #7119 ) ) ;
#1090 = VECTOR ( 'NONE', #3400, 1000.000000000000114 ) ;
#1091 = SURFACE_STYLE_FILL_AREA ( #5095 ) ;
#1092 = ORIENTED_EDGE ( 'NONE', *, *, #457, .T. ) ;
#1093 = SURFACE_STYLE_USAGE ( .BOTH. , #2370 ) ;
#1094 =( GEOMETRIC_REPRESENTATION_CONTEXT ( 3 ) GLOBAL_UNCERTAINTY_ASSIGNED_CONTEXT ( ( #7414 ) ) GLOBAL_UNIT_ASSIGNED_CONTEXT ( ( #3651, #2321, #915 ) ) REPRESENTATION_CONTEXT ( 'NONE', 'WORKASPACE' ) );
#1095 = EDGE_CURVE ( 'NONE', #3601, #544, #2825, .T. ) ;
#1096 =( NAMED_UNIT ( * ) SI_UNIT ( $, .STERADIAN. ) SOLID_ANGLE_UNIT ( ) );
#1097 = MECHANICAL_DESIGN_GEOMETRIC_PRESENTATION_REPRESENTATION (  '', ( #2500 ), #2925 ) ;
#1098 = CARTESIAN_POINT ( 'NONE',  ( -0.3200000000000000067, -2.220000000000000195, -3.000000000000000000 ) ) ;
#1099 = ORIENTED_EDGE ( 'NONE', *, *, #5303, .F. ) ;
#1100 =( NAMED_UNIT ( * ) SI_UNIT ( $, .STERADIAN. ) SOLID_ANGLE_UNIT ( ) );
#1101 = ORIENTED_EDGE ( 'NONE', *, *, #5092, .F. ) ;
#1102 =( NAMED_UNIT ( * ) SI_UNIT ( $, .STERADIAN. ) SOLID_ANGLE_UNIT ( ) );
#1103 = FILL_AREA_STYLE_COLOUR ( '', #4519 ) ;
#1104 = ADVANCED_FACE ( 'NONE', ( #269 ), #7449, .F. ) ;
#1105 = CARTESIAN_POINT ( 'NONE',  ( 1.016000000000000014, -1.270000000000000018, 0.000000000000000000 ) ) ;
#1106 =( GEOMETRIC_REPRESENTATION_CONTEXT ( 3 ) GLOBAL_UNCERTAINTY_ASSIGNED_CONTEXT ( ( #5852 ) ) GLOBAL_UNIT_ASSIGNED_CONTEXT ( ( #436, #1029, #402 ) ) REPRESENTATION_CONTEXT ( 'NONE', 'WORKASPACE' ) );
#1107 = PRESENTATION_STYLE_ASSIGNMENT (( #5715 ) ) ;
#1108 =( LENGTH_UNIT ( ) NAMED_UNIT ( * ) SI_UNIT ( .MILLI., .METRE. ) );
#1109 = CARTESIAN_POINT ( 'NONE',  ( 0.3200000000000000067, -13.01999999999999957, -3.000000000000000000 ) ) ;
#1110 = UNCERTAINTY_MEASURE_WITH_UNIT (LENGTH_MEASURE( 1.000000000000000082E-05 ), #4446, 'distance_accuracy_value', 'NONE');
#1111 =( LENGTH_UNIT ( ) NAMED_UNIT ( * ) SI_UNIT ( .MILLI., .METRE. ) );
#1113 =( GEOMETRIC_REPRESENTATION_CONTEXT ( 3 ) GLOBAL_UNCERTAINTY_ASSIGNED_CONTEXT ( ( #5179 ) ) GLOBAL_UNIT_ASSIGNED_CONTEXT ( ( #3676, #6281, #260 ) ) REPRESENTATION_CONTEXT ( 'NONE', 'WORKASPACE' ) );
#1112 = SURFACE_STYLE_FILL_AREA ( #7020 ) ;
#1114 = AXIS2_PLACEMENT_3D ( 'NONE', #2692, #1940, #2531 ) ;
#1115 = ORIENTED_EDGE ( 'NONE', *, *, #7162, .F. ) ;
#1116 = SURFACE_SIDE_STYLE ('',( #8060 ) ) ;
#1117 = DIRECTION ( 'NONE',  ( -1.000000000000000000, 0.000000000000000000, 0.000000000000000000 ) ) ;
#1118 = CARTESIAN_POINT ( 'NONE',  ( -0.1600000000000000033, -2.700000000000000178, 8.540000000000000924 ) ) ;
#1119 = ADVANCED_FACE ( 'NONE', ( #2778 ), #5976, .F. ) ;
#1121 = CARTESIAN_POINT ( 'NONE',  ( -1.016000000000000014, -13.97000000000000064, 2.540000000000000036 ) ) ;
#1120 = STYLED_ITEM ( 'NONE', ( #8400 ), #5414 ) ;
#1122 = UNCERTAINTY_MEASURE_WITH_UNIT (LENGTH_MEASURE( 1.000000000000000082E-05 ), #499, 'distance_accuracy_value', 'NONE');
#1123 = DIRECTION ( 'NONE',  ( 0.000000000000000000, 0.000000000000000000, 1.000000000000000000 ) ) ;
#1124 = DIRECTION ( 'NONE',  ( 0.000000000000000000, 0.000000000000000000, 1.000000000000000000 ) ) ;
#1125 = VERTEX_POINT ( 'NONE', #1118 ) ;
#1126 = ORIENTED_EDGE ( 'NONE', *, *, #1320, .T. ) ;
#1127 =( REPRESENTATION_RELATIONSHIP ('NONE','NONE', #8383, #4017 ) REPRESENTATION_RELATIONSHIP_WITH_TRANSFORMATION ( #848 )SHAPE_REPRESENTATION_RELATIONSHIP( ) );
#1128 =( GEOMETRIC_REPRESENTATION_CONTEXT ( 3 ) GLOBAL_UNCERTAINTY_ASSIGNED_CONTEXT ( ( #2061 ) ) GLOBAL_UNIT_ASSIGNED_CONTEXT ( ( #276, #4789, #823 ) ) REPRESENTATION_CONTEXT ( 'NONE', 'WORKASPACE' ) );
#1129 = PLANE ( 'NONE',  #5661 ) ;
#1130 =( GEOMETRIC_REPRESENTATION_CONTEXT ( 3 ) GLOBAL_UNCERTAINTY_ASSIGNED_CONTEXT ( ( #8437 ) ) GLOBAL_UNIT_ASSIGNED_CONTEXT ( ( #6023, #4735, #5341 ) ) REPRESENTATION_CONTEXT ( 'NONE', 'WORKASPACE' ) );
#1131 = CARTESIAN_POINT ( 'NONE',  ( 0.3200000000000000067, 0.3200000000000000067, -3.000000000000000000 ) ) ;
#1132 = SURFACE_STYLE_FILL_AREA ( #8331 ) ;
#1133 = DIRECTION ( 'NONE',  ( 0.5773502691896257311, -0.5773502691896257311, -0.5773502691896257311 ) ) ;
#1134 = ADVANCED_FACE ( 'NONE', ( #4352 ), #4916, .F. ) ;
#1135 = CARTESIAN_POINT ( 'NONE',  ( 0.3200000000000000067, 0.3200000000000000067, 0.000000000000000000 ) ) ;
#1136 = UNCERTAINTY_MEASURE_WITH_UNIT (LENGTH_MEASURE( 1.000000000000000082E-05 ), #4995, 'distance_accuracy_value', 'NONE');
#1137 = SURFACE_SIDE_STYLE ('',( #2973 ) ) ;
#1138 = CARTESIAN_POINT ( 'NONE',  ( 0.3200000000000000067, -0.3200000000000000067, -3.000000000000000000 ) ) ;
#1139 = VECTOR ( 'NONE', #6385, 1000.000000000000000 ) ;
#1140 = ORIENTED_EDGE ( 'NONE', *, *, #4552, .F. ) ;
#1141 = PRESENTATION_STYLE_ASSIGNMENT (( #1093 ) ) ;
#1142 = SURFACE_STYLE_FILL_AREA ( #1871 ) ;
#1143 = FILL_AREA_STYLE ('',( #4244 ) ) ;
#1144 = LINE ( 'NONE', #6397, #2849 ) ;
#1145 = DIRECTION ( 'NONE',  ( 0.000000000000000000, 1.000000000000000000, 0.000000000000000000 ) ) ;
#1146 = EDGE_CURVE ( 'NONE', #6236, #3060, #4388, .T. ) ;
#1147 = LINE ( 'NONE', #5062, #6706 ) ;
#1148 = CARTESIAN_POINT ( 'NONE',  ( -1.270000000000000018, -18.79599999999999937, 0.000000000000000000 ) ) ;
#1149 = ORIENTED_EDGE ( 'NONE', *, *, #4025, .T. ) ;
#1150 = DIRECTION ( 'NONE',  ( 0.000000000000000000, 1.000000000000000000, 0.000000000000000000 ) ) ;
#1151 = ORIENTED_EDGE ( 'NONE', *, *, #3133, .T. ) ;
#1152 =( NAMED_UNIT ( * ) SI_UNIT ( $, .STERADIAN. ) SOLID_ANGLE_UNIT ( ) );
#1153 = CARTESIAN_POINT ( 'NONE',  ( 0.1600000000000000033, -7.939999999999999503, 8.540000000000000924 ) ) ;
#1154 = LINE ( 'NONE', #468, #4191 ) ;
#1155 = FACE_OUTER_BOUND ( 'NONE', #5394, .T. ) ;
#1156 = SURFACE_STYLE_USAGE ( .BOTH. , #1715 ) ;
#1157 =( NAMED_UNIT ( * ) SI_UNIT ( $, .STERADIAN. ) SOLID_ANGLE_UNIT ( ) );
#1158 = CARTESIAN_POINT ( 'NONE',  ( -1.270000000000000018, -8.635999999999999233, 0.000000000000000000 ) ) ;
#1159 = ORIENTED_EDGE ( 'NONE', *, *, #1613, .T. ) ;
#1160 = LINE ( 'NONE', #477, #7937 ) ;
#1161 = DIRECTION ( 'NONE',  ( 1.000000000000000000, 0.000000000000000000, 0.000000000000000000 ) ) ;
#1162 = STYLED_ITEM ( 'NONE', ( #2413 ), #3913 ) ;
#1163 = CARTESIAN_POINT ( 'NONE',  ( -0.3200000000000000067, -17.46000000000000085, -3.000000000000000000 ) ) ;
#1164 = DIRECTION ( 'NONE',  ( -0.000000000000000000, 1.000000000000000000, 0.000000000000000000 ) ) ;
#1165 = VECTOR ( 'NONE', #6498, 1000.000000000000000 ) ;
#1166 = AXIS2_PLACEMENT_3D ( 'NONE', #3838, #393, #6283 ) ;
#1167 = SURFACE_SIDE_STYLE ('',( #6902 ) ) ;
#1168 = ORIENTED_EDGE ( 'NONE', *, *, #7238, .T. ) ;
#1169 = ORIENTED_EDGE ( 'NONE', *, *, #343, .T. ) ;
#1170 = CARTESIAN_POINT ( 'NONE',  ( -0.1600000000000000033, -17.94000000000000128, 8.540000000000000924 ) ) ;
#1171 = STYLED_ITEM ( 'NONE', ( #8408 ), #3686 ) ;
#1172 = LINE ( 'NONE', #7229, #568 ) ;
#1173 = PLANE ( 'NONE',  #6876 ) ;
#1174 =( GEOMETRIC_REPRESENTATION_CONTEXT ( 3 ) GLOBAL_UNCERTAINTY_ASSIGNED_CONTEXT ( ( #4909 ) ) GLOBAL_UNIT_ASSIGNED_CONTEXT ( ( #424, #5495, #4852 ) ) REPRESENTATION_CONTEXT ( 'NONE', 'WORKASPACE' ) );
#1175 = AXIS2_PLACEMENT_3D ( 'NONE', #4893, #7590, #4329 ) ;
#1176 = FILL_AREA_STYLE ('',( #1907 ) ) ;
#1177 = PRESENTATION_LAYER_ASSIGNMENT (  '', '', ( #1171 ) ) ;
#1178 = EDGE_CURVE ( 'NONE', #5558, #410, #2261, .T. ) ;
#1179 = VECTOR ( 'NONE', #7244, 1000.000000000000000 ) ;
#1180 = CARTESIAN_POINT ( 'NONE',  ( -0.1600000000000000033, -13.01999999999999957, -3.000000000000000000 ) ) ;
#1181 = SURFACE_SIDE_STYLE ('',( #7083 ) ) ;
#1182 = ORIENTED_EDGE ( 'NONE', *, *, #8234, .T. ) ;
#1183 = AXIS2_PLACEMENT_3D ( 'NONE', #4310, #1076, #2354 ) ;
#1184 = LINE ( 'NONE', #7240, #4059 ) ;
#1185 = DIRECTION ( 'NONE',  ( 0.7071067811865474617, -0.7071067811865474617, 0.000000000000000000 ) ) ;
#1186 = CARTESIAN_POINT ( 'NONE',  ( 0.3200000000000000067, -4.760000000000000675, 2.540000000000000036 ) ) ;
#1187 =( GEOMETRIC_REPRESENTATION_CONTEXT ( 3 ) GLOBAL_UNCERTAINTY_ASSIGNED_CONTEXT ( ( #3126 ) ) GLOBAL_UNIT_ASSIGNED_CONTEXT ( ( #3738, #6867, #6951 ) ) REPRESENTATION_CONTEXT ( 'NONE', 'WORKASPACE' ) );
#1188 =( GEOMETRIC_REPRESENTATION_CONTEXT ( 3 ) GLOBAL_UNCERTAINTY_ASSIGNED_CONTEXT ( ( #1889 ) ) GLOBAL_UNIT_ASSIGNED_CONTEXT ( ( #3253, #6622, #1937 ) ) REPRESENTATION_CONTEXT ( 'NONE', 'WORKASPACE' ) );
#1189 = PRESENTATION_LAYER_ASSIGNMENT (  '', '', ( #3557 ) ) ;
#1190 = DIRECTION ( 'NONE',  ( 1.000000000000000000, 0.000000000000000000, 0.000000000000000000 ) ) ;
#1191 =( NAMED_UNIT ( * ) SI_UNIT ( $, .STERADIAN. ) SOLID_ANGLE_UNIT ( ) );
#1192 = ORIENTED_EDGE ( 'NONE', *, *, #3176, .F. ) ;
#1193 = PLANE ( 'NONE',  #4741 ) ;
#1194 = ORIENTED_EDGE ( 'NONE', *, *, #3094, .T. ) ;
#1195 = DIRECTION ( 'NONE',  ( -1.735167508356890344E-18, 0.7071067811865475727, -0.7071067811865475727 ) ) ;
#1196 = SURFACE_SIDE_STYLE ('',( #1305 ) ) ;
#1197 = LINE ( 'NONE', #5671, #7275 ) ;
#1198 = FACE_OUTER_BOUND ( 'NONE', #7460, .T. ) ;
#1199 = FILL_AREA_STYLE ('',( #6527 ) ) ;
#1200 = UNCERTAINTY_MEASURE_WITH_UNIT (LENGTH_MEASURE( 1.000000000000000082E-05 ), #672, 'distance_accuracy_value', 'NONE');
#1201 = SURFACE_STYLE_FILL_AREA ( #5205 ) ;
#1202 = ORIENTED_EDGE ( 'NONE', *, *, #1513, .F. ) ;
#1203 = SURFACE_SIDE_STYLE ('',( #7821 ) ) ;
#1204 = PRESENTATION_LAYER_ASSIGNMENT (  '', '', ( #7521 ) ) ;
#1205 = EDGE_CURVE ( 'NONE', #1047, #2228, #4991, .T. ) ;
#1206 = UNCERTAINTY_MEASURE_WITH_UNIT (LENGTH_MEASURE( 1.000000000000000082E-05 ), #3608, 'distance_accuracy_value', 'NONE');
#1207 = VECTOR ( 'NONE', #7728, 1000.000000000000114 ) ;
#1208 =( GEOMETRIC_REPRESENTATION_CONTEXT ( 3 ) GLOBAL_UNCERTAINTY_ASSIGNED_CONTEXT ( ( #2793 ) ) GLOBAL_UNIT_ASSIGNED_CONTEXT ( ( #1456, #307, #4219 ) ) REPRESENTATION_CONTEXT ( 'NONE', 'WORKASPACE' ) );
#1209 = SURFACE_SIDE_STYLE ('',( #3892 ) ) ;
#1210 = ORIENTED_EDGE ( 'NONE', *, *, #4635, .T. ) ;
#1211 = EDGE_LOOP ( 'NONE', ( #6885, #2418, #4119, #3648 ) ) ;
#1212 = DIRECTION ( 'NONE',  ( 0.000000000000000000, 1.000000000000000000, 0.000000000000000000 ) ) ;
#1213 = EDGE_CURVE ( 'NONE', #3952, #5114, #1726, .T. ) ;
#1214 =( NAMED_UNIT ( * ) SI_UNIT ( $, .STERADIAN. ) SOLID_ANGLE_UNIT ( ) );
#1215 = SURFACE_SIDE_STYLE ('',( #1861 ) ) ;
#1216 = EDGE_CURVE ( 'NONE', #3815, #1409, #478, .T. ) ;
#1217 = AXIS2_PLACEMENT_3D ( 'NONE', #6535, #2608, #1931 ) ;
#1218 = SURFACE_SIDE_STYLE ('',( #6952 ) ) ;
#1219 = EDGE_CURVE ( 'NONE', #2326, #5045, #3085, .T. ) ;
#1220 = UNCERTAINTY_MEASURE_WITH_UNIT (LENGTH_MEASURE( 1.000000000000000082E-05 ), #6387, 'distance_accuracy_value', 'NONE');
#1221 =( GEOMETRIC_REPRESENTATION_CONTEXT ( 3 ) GLOBAL_UNCERTAINTY_ASSIGNED_CONTEXT ( ( #2365 ) ) GLOBAL_UNIT_ASSIGNED_CONTEXT ( ( #5629, #935, #4298 ) ) REPRESENTATION_CONTEXT ( 'NONE', 'WORKASPACE' ) );
#1222 = VERTEX_POINT ( 'NONE', #6201 ) ;
#1223 = DIRECTION ( 'NONE',  ( -1.735167508356890344E-18, -0.7071067811865475727, 0.7071067811865475727 ) ) ;
#1224 = SURFACE_SIDE_STYLE ('',( #5132 ) ) ;
#1225 = FILL_AREA_STYLE_COLOUR ( '', #6118 ) ;
#1226 = FILL_AREA_STYLE ('',( #5828 ) ) ;
#1227 =( LENGTH_UNIT ( ) NAMED_UNIT ( * ) SI_UNIT ( .MILLI., .METRE. ) );
#1228 = VECTOR ( 'NONE', #6083, 1000.000000000000000 ) ;
#1229 =( LENGTH_UNIT ( ) NAMED_UNIT ( * ) SI_UNIT ( .MILLI., .METRE. ) );
#1230 = ORIENTED_EDGE ( 'NONE', *, *, #5112, .T. ) ;
#1231 = PRESENTATION_STYLE_ASSIGNMENT (( #5753 ) ) ;
#1232 = ORIENTED_EDGE ( 'NONE', *, *, #829, .F. ) ;
#1233 = CARTESIAN_POINT ( 'NONE',  ( -1.016000000000000014, -6.349999999999999645, 2.540000000000000036 ) ) ;
#1234 = STYLED_ITEM ( 'NONE', ( #5126 ), #7681 ) ;
#1235 = VECTOR ( 'NONE', #2898, 1000.000000000000000 ) ;
#1236 = EDGE_CURVE ( 'NONE', #3867, #7462, #8320, .T. ) ;
#1237 = CARTESIAN_POINT ( 'NONE',  ( 0.3200000000000000067, -2.860000000000000320, 2.540000000000000036 ) ) ;
#1238 = DIRECTION ( 'NONE',  ( 0.000000000000000000, 0.000000000000000000, 1.000000000000000000 ) ) ;
#1239 =( LENGTH_UNIT ( ) NAMED_UNIT ( * ) SI_UNIT ( .MILLI., .METRE. ) );
#1240 = AXIS2_PLACEMENT_3D ( 'NONE', #7303, #7914, #1945 ) ;
#1241 = PLANE ( 'NONE',  #1782 ) ;
#1242 = ORIENTED_EDGE ( 'NONE', *, *, #7981, .T. ) ;
#1243 = MECHANICAL_DESIGN_GEOMETRIC_PRESENTATION_REPRESENTATION (  '', ( #3204 ), #6044 ) ;
#1244 =( LENGTH_UNIT ( ) NAMED_UNIT ( * ) SI_UNIT ( .MILLI., .METRE. ) );
#1245 =( NAMED_UNIT ( * ) PLANE_ANGLE_UNIT ( ) SI_UNIT ( $, .RADIAN. ) );
#1246 = DIRECTION ( 'NONE',  ( 0.000000000000000000, -1.000000000000000000, -2.453897423307444850E-18 ) ) ;
#1247 = ORIENTED_EDGE ( 'NONE', *, *, #5370, .T. ) ;
#1248 = ORIENTED_EDGE ( 'NONE', *, *, #5011, .F. ) ;
#1249 = EDGE_CURVE ( 'NONE', #1222, #2357, #8196, .T. ) ;
#1250 = CARTESIAN_POINT ( 'NONE',  ( -0.1600000000000000033, -0.3200000000000000067, 2.540000000000000036 ) ) ;
#1251 = ADVANCED_FACE ( 'NONE', ( #6940 ), #2309, .F. ) ;
#1252 = PRESENTATION_STYLE_ASSIGNMENT (( #1287 ) ) ;
#1253 = DIRECTION ( 'NONE',  ( 0.000000000000000000, -1.000000000000000000, -2.453897423307444850E-18 ) ) ;
#1254 = AXIS2_PLACEMENT_3D ( 'NONE', #7318, #2122, #8166 ) ;
#1256 =( NAMED_UNIT ( * ) SI_UNIT ( $, .STERADIAN. ) SOLID_ANGLE_UNIT ( ) );
#1255 = COLOUR_RGB ( '',0.8588235294117646523, 0.7372549019607843590, 0.4941176470588235503 ) ;
#1257 =( NAMED_UNIT ( * ) SI_UNIT ( $, .STERADIAN. ) SOLID_ANGLE_UNIT ( ) );
#1258 =( NAMED_UNIT ( * ) SI_UNIT ( $, .STERADIAN. ) SOLID_ANGLE_UNIT ( ) );
#1259 = SURFACE_STYLE_FILL_AREA ( #2464 ) ;
#1260 = PRESENTATION_LAYER_ASSIGNMENT (  '', '', ( #4971 ) ) ;
#1261 =( NAMED_UNIT ( * ) SI_UNIT ( $, .STERADIAN. ) SOLID_ANGLE_UNIT ( ) );
#1262 = ORIENTED_EDGE ( 'NONE', *, *, #319, .F. ) ;
#1263 = LINE ( 'NONE', #6314, #7915 ) ;
#1264 = SURFACE_SIDE_STYLE ('',( #1916 ) ) ;
#1265 = VERTEX_POINT ( 'NONE', #3885 ) ;
#1266 = FILL_AREA_STYLE_COLOUR ( '', #2989 ) ;
#1267 = EDGE_LOOP ( 'NONE', ( #6992, #2408, #7245, #6894 ) ) ;
#1268 = FILL_AREA_STYLE ('',( #4071 ) ) ;
#1269 = EDGE_CURVE ( 'NONE', #1284, #1569, #1853, .T. ) ;
#1270 = MECHANICAL_DESIGN_GEOMETRIC_PRESENTATION_REPRESENTATION (  '', ( #2599 ), #3496 ) ;
#1271 = LINE ( 'NONE', #1153, #7971 ) ;
#1272 = FACE_BOUND ( 'NONE', #3150, .T. ) ;
#1273 = PRESENTATION_STYLE_ASSIGNMENT (( #470 ) ) ;
#1274 = EDGE_CURVE ( 'NONE', #3041, #6702, #7181, .T. ) ;
#1275 =( NAMED_UNIT ( * ) PLANE_ANGLE_UNIT ( ) SI_UNIT ( $, .RADIAN. ) );
#1276 =( NAMED_UNIT ( * ) PLANE_ANGLE_UNIT ( ) SI_UNIT ( $, .RADIAN. ) );
#1277 = VERTEX_POINT ( 'NONE', #4600 ) ;
#1278 = DIRECTION ( 'NONE',  ( 1.000000000000000000, 0.000000000000000000, 0.000000000000000000 ) ) ;
#1279 = DIRECTION ( 'NONE',  ( 0.000000000000000000, 1.000000000000000000, 0.000000000000000000 ) ) ;
#1280 = FACE_OUTER_BOUND ( 'NONE', #7331, .T. ) ;
#1281 = UNCERTAINTY_MEASURE_WITH_UNIT (LENGTH_MEASURE( 1.000000000000000082E-05 ), #456, 'distance_accuracy_value', 'NONE');
#1282 = VECTOR ( 'NONE', #1212, 1000.000000000000000 ) ;
#1283 = ORIENTED_EDGE ( 'NONE', *, *, #7764, .F. ) ;
#1284 = VERTEX_POINT ( 'NONE', #8485 ) ;
#1285 = DIRECTION ( 'NONE',  ( 0.000000000000000000, -1.000000000000000000, -2.453897423307444850E-18 ) ) ;
#1286 = COLOUR_RGB ( '',0.1450980392156862586, 0.1411764705882352922, 0.1411764705882352922 ) ;
#1287 = SURFACE_STYLE_USAGE ( .BOTH. , #8493 ) ;
#1288 = LINE ( 'NONE', #1327, #2770 ) ;
#1289 =( NAMED_UNIT ( * ) PLANE_ANGLE_UNIT ( ) SI_UNIT ( $, .RADIAN. ) );
#1290 = FILL_AREA_STYLE_COLOUR ( '', #640 ) ;
#1291 = VECTOR ( 'NONE', #7815, 1000.000000000000000 ) ;
#1292 = UNCERTAINTY_MEASURE_WITH_UNIT (LENGTH_MEASURE( 1.000000000000000082E-05 ), #5051, 'distance_accuracy_value', 'NONE');
#1293 = FACE_OUTER_BOUND ( 'NONE', #434, .T. ) ;
#1294 = COLOUR_RGB ( '',0.8588235294117646523, 0.7372549019607843590, 0.4941176470588235503 ) ;
#1295 = VERTEX_POINT ( 'NONE', #4475 ) ;
#1296 = COLOUR_RGB ( '',0.8588235294117646523, 0.7372549019607843590, 0.4941176470588235503 ) ;
#1297 = DIRECTION ( 'NONE',  ( 0.000000000000000000, 1.000000000000000000, 0.000000000000000000 ) ) ;
#1298 = DIRECTION ( 'NONE',  ( 0.5773502691896257311, 0.5773502691896257311, 0.5773502691896257311 ) ) ;
#1299 = STYLED_ITEM ( 'NONE', ( #3542 ), #6384 ) ;
#1300 = ORIENTED_EDGE ( 'NONE', *, *, #903, .T. ) ;
#1301 = CARTESIAN_POINT ( 'NONE',  ( 1.270000000000000018, -11.68399999999999928, 2.540000000000000036 ) ) ;
#1302 = VECTOR ( 'NONE', #2752, 1000.000000000000114 ) ;
#1303 = ORIENTED_EDGE ( 'NONE', *, *, #6113, .T. ) ;
#1304 = DIRECTION ( 'NONE',  ( -0.5773502691896257311, 0.5773502691896257311, -0.5773502691896257311 ) ) ;
#1305 = SURFACE_STYLE_FILL_AREA ( #5068 ) ;
#1306 = ADVANCED_FACE ( 'NONE', ( #1280 ), #7221, .F. ) ;
#1307 = PRESENTATION_LAYER_ASSIGNMENT (  '', '', ( #2140 ) ) ;
#1308 = CARTESIAN_POINT ( 'NONE',  ( 0.3200000000000000067, -10.48000000000000043, -3.000000000000000000 ) ) ;
#1309 = AXIS2_PLACEMENT_3D ( 'NONE', #5091, #1827, #1330 ) ;
#1310 =( GEOMETRIC_REPRESENTATION_CONTEXT ( 3 ) GLOBAL_UNCERTAINTY_ASSIGNED_CONTEXT ( ( #6455 ) ) GLOBAL_UNIT_ASSIGNED_CONTEXT ( ( #3501, #6845, #1498 ) ) REPRESENTATION_CONTEXT ( 'NONE', 'WORKASPACE' ) );
#1311 = EDGE_CURVE ( 'NONE', #1047, #7417, #3848, .T. ) ;
#1312 = CARTESIAN_POINT ( 'NONE',  ( -0.3200000000000000067, -15.08000000000000007, -3.000000000000000000 ) ) ;
#1313 =( NAMED_UNIT ( * ) PLANE_ANGLE_UNIT ( ) SI_UNIT ( $, .RADIAN. ) );
#1314 = SURFACE_STYLE_FILL_AREA ( #7254 ) ;
#1315 = VERTEX_POINT ( 'NONE', #526 ) ;
#1316 = SURFACE_STYLE_USAGE ( .BOTH. , #1203 ) ;
#1317 = AXIS2_PLACEMENT_3D ( 'NONE', #5691, #3183, #1793 ) ;
#1318 = MECHANICAL_DESIGN_GEOMETRIC_PRESENTATION_REPRESENTATION (  '', ( #3557 ), #3405 ) ;
#1319 = CARTESIAN_POINT ( 'NONE',  ( 0.1600000000000000033, -15.08000000000000007, -3.000000000000000000 ) ) ;
#1320 = EDGE_CURVE ( 'NONE', #5992, #4899, #5245, .T. ) ;
#1321 = DIRECTION ( 'NONE',  ( 0.000000000000000000, 1.000000000000000000, 0.000000000000000000 ) ) ;
#1322 = STYLED_ITEM ( 'NONE', ( #7502 ), #4736 ) ;
#1323 = LINE ( 'NONE', #5854, #2522 ) ;
#1324 = EDGE_LOOP ( 'NONE', ( #4144, #5696, #1210, #5622, #4140, #2615, #8439, #8355, #6140, #7073, #2883, #1060, #1169, #7205, #6571, #4480, #5994, #6828, #308, #4155, #3988, #2116, #6250, #554, #8287, #7124, #6691, #3038, #4619, #4429, #7630, #888, #5098, #4920, #6789, #1403, #444, #6816, #3528, #2024, #2149, #2226, #3670, #6477, #4856, #6826, #3726, #8264, #3025, #6797 ) ) ;
#1325 = FILL_AREA_STYLE ('',( #6509 ) ) ;
#1326 = LINE ( 'NONE', #7912, #1660 ) ;
#1327 = CARTESIAN_POINT ( 'NONE',  ( 0.1600000000000000033, -15.55999999999999872, 8.540000000000000924 ) ) ;
#1328 =( NAMED_UNIT ( * ) PLANE_ANGLE_UNIT ( ) SI_UNIT ( $, .RADIAN. ) );
#1329 = ADVANCED_FACE ( 'NONE', ( #7781 ), #5811, .T. ) ;
#1330 = DIRECTION ( 'NONE',  ( 0.000000000000000000, 0.000000000000000000, 1.000000000000000000 ) ) ;
#1331 = CARTESIAN_POINT ( 'NONE',  ( -0.3200000000000000067, -2.700000000000000178, 8.540000000000000924 ) ) ;
#1332 = PRESENTATION_LAYER_ASSIGNMENT (  '', '', ( #3969 ) ) ;
#1333 = CARTESIAN_POINT ( 'NONE',  ( 1.270000000000000018, -6.603999999999999204, 2.540000000000000036 ) ) ;
#1334 = EDGE_CURVE ( 'NONE', #5950, #3060, #2098, .T. ) ;
#1335 = CARTESIAN_POINT ( 'NONE',  ( 1.016000000000000014, -16.51000000000000156, 2.540000000000000036 ) ) ;
#1336 = DIRECTION ( 'NONE',  ( 1.735167508356890344E-18, 0.7071067811865475727, 0.7071067811865475727 ) ) ;
#1337 = PRESENTATION_STYLE_ASSIGNMENT (( #5227 ) ) ;
#1338 = EDGE_LOOP ( 'NONE', ( #4395, #8073, #5948, #4903 ) ) ;
#1339 = CARTESIAN_POINT ( 'NONE',  ( -0.1600000000000000033, -10.00000000000000000, -3.000000000000000000 ) ) ;
#1340 = VECTOR ( 'NONE', #2912, 1000.000000000000000 ) ;
#1341 =( GEOMETRIC_REPRESENTATION_CONTEXT ( 3 ) GLOBAL_UNCERTAINTY_ASSIGNED_CONTEXT ( ( #7504 ) ) GLOBAL_UNIT_ASSIGNED_CONTEXT ( ( #4645, #650, #5250 ) ) REPRESENTATION_CONTEXT ( 'NONE', 'WORKASPACE' ) );
#1342 = SURFACE_STYLE_USAGE ( .BOTH. , #7163 ) ;
#1343 = FACE_OUTER_BOUND ( 'NONE', #8245, .T. ) ;
#1344 = SURFACE_STYLE_USAGE ( .BOTH. , #1264 ) ;
#1345 = STYLED_ITEM ( 'NONE', ( #2679 ), #7206 ) ;
#1346 = COLOUR_RGB ( '',0.8941176470588234615, 0.8941176470588234615, 0.8941176470588234615 ) ;
#1347 = SURFACE_STYLE_FILL_AREA ( #5870 ) ;
#1348 = ORIENTED_EDGE ( 'NONE', *, *, #3944, .T. ) ;
#1349 = ORIENTED_EDGE ( 'NONE', *, *, #7764, .T. ) ;
#1350 = EDGE_CURVE ( 'NONE', #5352, #7975, #5454, .T. ) ;
#1351 = DIRECTION ( 'NONE',  ( 0.000000000000000000, -1.000000000000000000, 0.000000000000000000 ) ) ;
#1352 = CARTESIAN_POINT ( 'NONE',  ( -0.1600000000000000033, -15.55999999999999872, 8.540000000000000924 ) ) ;
#1353 = ADVANCED_FACE ( 'NONE', ( #8038 ), #4817, .F. ) ;
#1354 =( GEOMETRIC_REPRESENTATION_CONTEXT ( 3 ) GLOBAL_UNCERTAINTY_ASSIGNED_CONTEXT ( ( #99 ) ) GLOBAL_UNIT_ASSIGNED_CONTEXT ( ( #5755, #2511, #1152 ) ) REPRESENTATION_CONTEXT ( 'NONE', 'WORKASPACE' ) );
#1355 = CARTESIAN_POINT ( 'NONE',  ( -1.270000000000000018, -11.17600000000000016, 2.540000000000000036 ) ) ;
#1356 = FILL_AREA_STYLE_COLOUR ( '', #491 ) ;
#1357 = FACE_OUTER_BOUND ( 'NONE', #1859, .T. ) ;
#1358 = CARTESIAN_POINT ( 'NONE',  ( 1.270000000000000018, -4.064000000000000057, 0.000000000000000000 ) ) ;
#1359 = CARTESIAN_POINT ( 'NONE',  ( 0.05333333333332999915, -10.10666666666000069, 8.646666666667000456 ) ) ;
#1360 = CARTESIAN_POINT ( 'NONE',  ( -0.3200000000000000067, -7.459999999999999964, 8.540000000000000924 ) ) ;
#1361 = VERTEX_POINT ( 'NONE', #4173 ) ;
#1362 = LINE ( 'NONE', #8138, #2477 ) ;
#1363 = CARTESIAN_POINT ( 'NONE',  ( -1.270000000000000018, -13.71600000000000108, 0.000000000000000000 ) ) ;
#1364 = MECHANICAL_DESIGN_GEOMETRIC_PRESENTATION_REPRESENTATION (  '', ( #1234 ), #4664 ) ;
#1365 = AXIS2_PLACEMENT_3D ( 'NONE', #2853, #2136, #1490 ) ;
#1366 = UNCERTAINTY_MEASURE_WITH_UNIT (LENGTH_MEASURE( 1.000000000000000082E-05 ), #2505, 'distance_accuracy_value', 'NONE');
#1367 = CARTESIAN_POINT ( 'NONE',  ( -0.3200000000000000067, -10.48000000000000043, -3.000000000000000000 ) ) ;
#1368 = DIRECTION ( 'NONE',  ( 0.7071067811865475727, -1.735167508356890344E-18, 0.7071067811865475727 ) ) ;
#1369 = ORIENTED_EDGE ( 'NONE', *, *, #3373, .F. ) ;
#1370 = SURFACE_STYLE_FILL_AREA ( #4779 ) ;
#1371 = LINE ( 'NONE', #6714, #566 ) ;
#1372 = LINE ( 'NONE', #6548, #3456 ) ;
#1373 = EDGE_CURVE ( 'NONE', #6092, #2326, #6793, .T. ) ;
#1374 = VECTOR ( 'NONE', #467, 1000.000000000000000 ) ;
#1375 = STYLED_ITEM ( 'NONE', ( #3527 ), #1849 ) ;
#1376 = CARTESIAN_POINT ( 'NONE',  ( 1.270000000000000018, -1.016000000000000014, 0.000000000000000000 ) ) ;
#1377 = DIRECTION ( 'NONE',  ( -0.7071067811865475727, 0.7071067811865475727, 0.000000000000000000 ) ) ;
#1378 = DIRECTION ( 'NONE',  ( 0.000000000000000000, 1.000000000000000000, 0.000000000000000000 ) ) ;
#1379 =( LENGTH_UNIT ( ) NAMED_UNIT ( * ) SI_UNIT ( .MILLI., .METRE. ) );
#1380 = SURFACE_STYLE_USAGE ( .BOTH. , #3342 ) ;
#1381 = VECTOR ( 'NONE', #8096, 1000.000000000000000 ) ;
#1382 = VERTEX_POINT ( 'NONE', #2815 ) ;
#1383 = EDGE_CURVE ( 'NONE', #6692, #4933, #34, .T. ) ;
#1384 = PLANE ( 'NONE',  #1741 ) ;
#1385 = SURFACE_SIDE_STYLE ('',( #6686 ) ) ;
#1386 = SURFACE_STYLE_USAGE ( .BOTH. , #5790 ) ;
#1387 = UNCERTAINTY_MEASURE_WITH_UNIT (LENGTH_MEASURE( 1.000000000000000082E-05 ), #2476, 'distance_accuracy_value', 'NONE');
#1388 = LINE ( 'NONE', #1878, #1302 ) ;
#1389 = ORIENTED_EDGE ( 'NONE', *, *, #2945, .F. ) ;
#1390 = SURFACE_STYLE_USAGE ( .BOTH. , #6690 ) ;
#1391 = ORIENTED_EDGE ( 'NONE', *, *, #3246, .F. ) ;
#1392 = DIRECTION ( 'NONE',  ( 0.7071067811865475727, 0.7071067811865475727, 0.000000000000000000 ) ) ;
#1393 = DIRECTION ( 'NONE',  ( -0.5773502691896257311, -0.5773502691896257311, 0.5773502691896257311 ) ) ;
#1394 = AXIS2_PLACEMENT_3D ( 'NONE', #2668, #2626, #7008 ) ;
#1395 = FACE_BOUND ( 'NONE', #3921, .T. ) ;
#1396 = LINE ( 'NONE', #3993, #6810 ) ;
#1397 = CARTESIAN_POINT ( 'NONE',  ( -1.270000000000000018, -9.144000000000000128, 0.000000000000000000 ) ) ;
#1398 = EDGE_CURVE ( 'NONE', #5573, #623, #2689, .T. ) ;
#1399 = DIRECTION ( 'NONE',  ( -0.5773502691896257311, -0.5773502691896257311, 0.5773502691896257311 ) ) ;
#1400 = COLOUR_RGB ( '',0.1450980392156862586, 0.1411764705882352922, 0.1411764705882352922 ) ;
#1401 = DIRECTION ( 'NONE',  ( -0.5773502691896257311, 0.5773502691896257311, 0.5773502691896257311 ) ) ;
#1402 = DIRECTION ( 'NONE',  ( 0.000000000000000000, 0.000000000000000000, 1.000000000000000000 ) ) ;
#1403 = ORIENTED_EDGE ( 'NONE', *, *, #4769, .T. ) ;
#1404 = SURFACE_STYLE_USAGE ( .BOTH. , #2860 ) ;
#1405 = CARTESIAN_POINT ( 'NONE',  ( -1.016000000000000014, -11.42999999999999972, 2.540000000000000036 ) ) ;
#1406 = FILL_AREA_STYLE_COLOUR ( '', #5580 ) ;
#1407 = CARTESIAN_POINT ( 'NONE',  ( 0.3200000000000000067, -5.400000000000000355, -3.000000000000000000 ) ) ;
#1408 = CARTESIAN_POINT ( 'NONE',  ( -0.1600000000000000033, -4.919999999999999929, 8.540000000000000924 ) ) ;
#1409 = VERTEX_POINT ( 'NONE', #1363 ) ;
#1410 =( NAMED_UNIT ( * ) PLANE_ANGLE_UNIT ( ) SI_UNIT ( $, .RADIAN. ) );
#1411 = SURFACE_SIDE_STYLE ('',( #857 ) ) ;
#1412 =( LENGTH_UNIT ( ) NAMED_UNIT ( * ) SI_UNIT ( .MILLI., .METRE. ) );
#1413 =( NAMED_UNIT ( * ) PLANE_ANGLE_UNIT ( ) SI_UNIT ( $, .RADIAN. ) );
#1414 = CARTESIAN_POINT ( 'NONE',  ( 0.05333333333332999915, -10.10666666666000069, -3.106666666666999976 ) ) ;
#1415 = LINE ( 'NONE', #1376, #4075 ) ;
#1416 =( GEOMETRIC_REPRESENTATION_CONTEXT ( 3 ) GLOBAL_UNCERTAINTY_ASSIGNED_CONTEXT ( ( #2771 ) ) GLOBAL_UNIT_ASSIGNED_CONTEXT ( ( #5293, #5890, #6423 ) ) REPRESENTATION_CONTEXT ( 'NONE', 'WORKASPACE' ) );
#1417 = SURFACE_SIDE_STYLE ('',( #4053 ) ) ;
#1418 = ADVANCED_FACE ( 'NONE', ( #2020 ), #3455, .F. ) ;
#1419 = CARTESIAN_POINT ( 'NONE',  ( -0.1600000000000000033, -2.860000000000000320, -3.000000000000000000 ) ) ;
#1420 = EDGE_LOOP ( 'NONE', ( #7575, #1823, #4028, #4976 ) ) ;
#1421 = CARTESIAN_POINT ( 'NONE',  ( -0.3200000000000000067, -14.91999999999999993, 0.000000000000000000 ) ) ;
#1422 = CARTESIAN_POINT ( 'NONE',  ( 0.1600000000000000033, -7.939999999999999503, -3.000000000000000000 ) ) ;
#1423 = VECTOR ( 'NONE', #745, 1000.000000000000000 ) ;
#1424 = LINE ( 'NONE', #4702, #329 ) ;
#1425 = PRESENTATION_STYLE_ASSIGNMENT (( #8013 ) ) ;
#1426 = STYLED_ITEM ( 'NONE', ( #505 ), #3901 ) ;
#1427 = FACE_OUTER_BOUND ( 'NONE', #217, .T. ) ;
#1428 = ADVANCED_FACE ( 'NONE', ( #1672 ), #3077, .F. ) ;
#1429 = DIRECTION ( 'NONE',  ( -0.7071067811865475727, 0.7071067811865475727, 0.000000000000000000 ) ) ;
#1430 = SURFACE_STYLE_USAGE ( .BOTH. , #5945 ) ;
#1431 = COLOUR_RGB ( '',0.8588235294117646523, 0.7372549019607843590, 0.4941176470588235503 ) ;
#1432 = ORIENTED_EDGE ( 'NONE', *, *, #2547, .T. ) ;
#1433 = FILL_AREA_STYLE ('',( #4668 ) ) ;
#1434 = EDGE_LOOP ( 'NONE', ( #321, #4968, #6861, #6646 ) ) ;
#1435 = MECHANICAL_DESIGN_GEOMETRIC_PRESENTATION_REPRESENTATION (  '', ( #1856 ), #2582 ) ;
#1436 = ORIENTED_EDGE ( 'NONE', *, *, #5648, .T. ) ;
#1437 = PLANE ( 'NONE',  #7405 ) ;
#1438 = LINE ( 'NONE', #60, #543 ) ;
#1439 = VECTOR ( 'NONE', #2761, 1000.000000000000000 ) ;
#1440 = MECHANICAL_DESIGN_GEOMETRIC_PRESENTATION_REPRESENTATION (  '', ( #5842 ), #2846 ) ;
#1441 = SURFACE_STYLE_USAGE ( .BOTH. , #6697 ) ;
#1442 = PRESENTATION_LAYER_ASSIGNMENT (  '', '', ( #5576 ) ) ;
#1443 = CARTESIAN_POINT ( 'NONE',  ( 0.3200000000000000067, -9.839999999999999858, -3.000000000000000000 ) ) ;
#1444 = FACE_BOUND ( 'NONE', #4198, .T. ) ;
#1445 = FILL_AREA_STYLE_COLOUR ( '', #881 ) ;
#1446 = ORIENTED_EDGE ( 'NONE', *, *, #3757, .F. ) ;
#1447 = DIRECTION ( 'NONE',  ( 1.000000000000000000, 0.000000000000000000, 0.000000000000000000 ) ) ;
#1448 = AXIS2_PLACEMENT_3D ( 'NONE', #2455, #1796, #542 ) ;
#1449 = ORIENTED_EDGE ( 'NONE', *, *, #7754, .T. ) ;
#1450 =( LENGTH_UNIT ( ) NAMED_UNIT ( * ) SI_UNIT ( .MILLI., .METRE. ) );
#1451 = PRESENTATION_STYLE_ASSIGNMENT (( #33 ) ) ;
#1452 = MECHANICAL_DESIGN_GEOMETRIC_PRESENTATION_REPRESENTATION (  '', ( #365 ), #4754 ) ;
#1453 = PRESENTATION_LAYER_ASSIGNMENT (  '', '', ( #762 ) ) ;
#1454 = UNCERTAINTY_MEASURE_WITH_UNIT (LENGTH_MEASURE( 1.000000000000000082E-05 ), #1053, 'distance_accuracy_value', 'NONE');
#1455 = DIRECTION ( 'NONE',  ( 1.000000000000000000, 0.000000000000000000, 0.000000000000000000 ) ) ;
#1456 =( LENGTH_UNIT ( ) NAMED_UNIT ( * ) SI_UNIT ( .MILLI., .METRE. ) );
#1457 = VECTOR ( 'NONE', #570, 1000.000000000000000 ) ;
#1458 = COLOUR_RGB ( '',0.8588235294117646523, 0.7372549019607843590, 0.4941176470588235503 ) ;
#1459 = VERTEX_POINT ( 'NONE', #4343 ) ;
#1460 = SURFACE_STYLE_FILL_AREA ( #6102 ) ;
#1461 = DIRECTION ( 'NONE',  ( 0.000000000000000000, 0.000000000000000000, 1.000000000000000000 ) ) ;
#1462 = DIRECTION ( 'NONE',  ( 0.000000000000000000, 1.000000000000000000, 0.000000000000000000 ) ) ;
#1463 = EDGE_CURVE ( 'NONE', #7765, #5019, #983, .T. ) ;
#1464 = VECTOR ( 'NONE', #1597, 1000.000000000000114 ) ;
#1465 = VECTOR ( 'NONE', #2890, 1000.000000000000114 ) ;
#1466 = FILL_AREA_STYLE ('',( #4870 ) ) ;
#1467 = CARTESIAN_POINT ( 'NONE',  ( -1.016000000000000014, -1.270000000000000018, 2.540000000000000036 ) ) ;
#1468 = FILL_AREA_STYLE_COLOUR ( '', #3425 ) ;
#1469 = ORIENTED_EDGE ( 'NONE', *, *, #684, .F. ) ;
#1470 = ORIENTED_EDGE ( 'NONE', *, *, #6041, .F. ) ;
#1471 = PRESENTATION_STYLE_ASSIGNMENT (( #2885 ) ) ;
#1472 = EDGE_CURVE ( 'NONE', #8147, #8035, #1765, .T. ) ;
#1473 = FILL_AREA_STYLE ('',( #7499 ) ) ;
#1474 = LINE ( 'NONE', #5307, #8391 ) ;
#1475 = CARTESIAN_POINT ( 'NONE',  ( 0.3200000000000000067, -2.220000000000000195, -3.000000000000000000 ) ) ;
#1476 = AXIS2_PLACEMENT_3D ( 'NONE', #6046, #5915, #3406 ) ;
#1477 = EDGE_CURVE ( 'NONE', #5902, #2055, #3550, .T. ) ;
#1478 = UNCERTAINTY_MEASURE_WITH_UNIT (LENGTH_MEASURE( 1.000000000000000082E-05 ), #7172, 'distance_accuracy_value', 'NONE');
#1479 = CARTESIAN_POINT ( 'NONE',  ( 1.270000000000000018, -6.603999999999999204, 0.000000000000000000 ) ) ;
#1480 = ORIENTED_EDGE ( 'NONE', *, *, #4567, .T. ) ;
#1481 = ORIENTED_EDGE ( 'NONE', *, *, #1674, .T. ) ;
#1482 = VERTEX_POINT ( 'NONE', #1712 ) ;
#1483 = LINE ( 'NONE', #149, #6866 ) ;
#1484 =( NAMED_UNIT ( * ) SI_UNIT ( $, .STERADIAN. ) SOLID_ANGLE_UNIT ( ) );
#1485 = DIRECTION ( 'NONE',  ( 0.000000000000000000, 0.000000000000000000, 1.000000000000000000 ) ) ;
#1486 = PLANE ( 'NONE',  #4591 ) ;
#1487 = VECTOR ( 'NONE', #6289, 1000.000000000000000 ) ;
#1488 = LINE ( 'NONE', #5447, #3419 ) ;
#1489 = FILL_AREA_STYLE_COLOUR ( '', #1066 ) ;
#1490 = DIRECTION ( 'NONE',  ( -1.000000000000000000, 2.453897423307444850E-18, 0.000000000000000000 ) ) ;
#1491 = ORIENTED_EDGE ( 'NONE', *, *, #8056, .F. ) ;
#1492 = PLANE ( 'NONE',  #54 ) ;
#1493 = VERTEX_POINT ( 'NONE', #8140 ) ;
#1494 = ORIENTED_EDGE ( 'NONE', *, *, #4268, .T. ) ;
#1495 = FILL_AREA_STYLE ('',( #2768 ) ) ;
#1496 = DIRECTION ( 'NONE',  ( 0.000000000000000000, -0.7071067811865475727, 0.7071067811865475727 ) ) ;
#1497 = EDGE_CURVE ( 'NONE', #5438, #3577, #339, .T. ) ;
#1498 =( NAMED_UNIT ( * ) SI_UNIT ( $, .STERADIAN. ) SOLID_ANGLE_UNIT ( ) );
#1499 = VECTOR ( 'NONE', #5356, 1000.000000000000000 ) ;
#1500 = ORIENTED_EDGE ( 'NONE', *, *, #3525, .T. ) ;
#1501 = LINE ( 'NONE', #7298, #1815 ) ;
#1502 = SURFACE_STYLE_FILL_AREA ( #2151 ) ;
#1503 = ORIENTED_EDGE ( 'NONE', *, *, #88, .F. ) ;
#1504 = FILL_AREA_STYLE ('',( #3506 ) ) ;
#1505 = LINE ( 'NONE', #2698, #3865 ) ;
#1506 = DIRECTION ( 'NONE',  ( 0.000000000000000000, 0.000000000000000000, 1.000000000000000000 ) ) ;
#1507 = DIRECTION ( 'NONE',  ( -0.5773502691896257311, 0.5773502691896257311, -0.5773502691896257311 ) ) ;
#1508 = PRESENTATION_LAYER_ASSIGNMENT (  '', '', ( #7412 ) ) ;
#1509 = CARTESIAN_POINT ( 'NONE',  ( 1.270000000000000018, -14.22400000000000020, 2.540000000000000036 ) ) ;
#1510 = CARTESIAN_POINT ( 'NONE',  ( -0.3200000000000000067, -4.760000000000000675, -3.000000000000000000 ) ) ;
#1511 = EDGE_CURVE ( 'NONE', #3621, #425, #2248, .T. ) ;
#1512 = DIRECTION ( 'NONE',  ( 0.5773502691896257311, 0.5773502691896257311, -0.5773502691896257311 ) ) ;
#1513 = EDGE_CURVE ( 'NONE', #3276, #1631, #4858, .T. ) ;
#1514 = EDGE_LOOP ( 'NONE', ( #198, #6036, #7597, #8448 ) ) ;
#1515 = ORIENTED_EDGE ( 'NONE', *, *, #1813, .F. ) ;
#1516 =( LENGTH_UNIT ( ) NAMED_UNIT ( * ) SI_UNIT ( .MILLI., .METRE. ) );
#1517 = EDGE_LOOP ( 'NONE', ( #4578, #378, #2911, #5538 ) ) ;
#1518 = FILL_AREA_STYLE ('',( #4878 ) ) ;
#1519 = AXIS2_PLACEMENT_3D ( 'NONE', #7023, #5727, #2479 ) ;
#1520 = SURFACE_STYLE_FILL_AREA ( #3478 ) ;
#1521 = DIRECTION ( 'NONE',  ( 0.000000000000000000, 0.000000000000000000, 1.000000000000000000 ) ) ;
#1522 =( GEOMETRIC_REPRESENTATION_CONTEXT ( 3 ) GLOBAL_UNCERTAINTY_ASSIGNED_CONTEXT ( ( #6555 ) ) GLOBAL_UNIT_ASSIGNED_CONTEXT ( ( #7386, #6011, #8185 ) ) REPRESENTATION_CONTEXT ( 'NONE', 'WORKASPACE' ) );
#1523 =( GEOMETRIC_REPRESENTATION_CONTEXT ( 3 ) GLOBAL_UNCERTAINTY_ASSIGNED_CONTEXT ( ( #4468 ) ) GLOBAL_UNIT_ASSIGNED_CONTEXT ( ( #573, #1899, #4563 ) ) REPRESENTATION_CONTEXT ( 'NONE', 'WORKASPACE' ) );
#1524 = CARTESIAN_POINT ( 'NONE',  ( -0.3200000000000000067, 0.3200000000000000067, -3.000000000000000000 ) ) ;
#1525 = ORIENTED_EDGE ( 'NONE', *, *, #5345, .F. ) ;
#1526 = DIRECTION ( 'NONE',  ( 1.000000000000000000, 0.000000000000000000, 0.000000000000000000 ) ) ;
#1527 = EDGE_LOOP ( 'NONE', ( #5628, #576, #6037, #2294 ) ) ;
#1528 = ORIENTED_EDGE ( 'NONE', *, *, #73, .T. ) ;
#1529 = CARTESIAN_POINT ( 'NONE',  ( -1.270000000000000018, -16.25600000000000023, 2.540000000000000036 ) ) ;
#1530 = FILL_AREA_STYLE_COLOUR ( '', #5338 ) ;
#1531 = COLOUR_RGB ( '',0.1450980392156862586, 0.1411764705882352922, 0.1411764705882352922 ) ;
#1532 = STYLED_ITEM ( 'NONE', ( #6453 ), #5264 ) ;
#1533 = DIRECTION ( 'NONE',  ( 0.000000000000000000, 0.000000000000000000, 1.000000000000000000 ) ) ;
#1534 = LINE ( 'NONE', #7513, #5141 ) ;
#1535 = SURFACE_STYLE_FILL_AREA ( #6088 ) ;
#1536 = DIRECTION ( 'NONE',  ( 0.000000000000000000, 1.000000000000000000, 0.000000000000000000 ) ) ;
#1537 = VERTEX_POINT ( 'NONE', #5673 ) ;
#1538 =( LENGTH_UNIT ( ) NAMED_UNIT ( * ) SI_UNIT ( .MILLI., .METRE. ) );
#1539 = ORIENTED_EDGE ( 'NONE', *, *, #5705, .F. ) ;
#1540 = EDGE_CURVE ( 'NONE', #7074, #5214, #3594, .T. ) ;
#1541 =( LENGTH_UNIT ( ) NAMED_UNIT ( * ) SI_UNIT ( .MILLI., .METRE. ) );
#1542 =( GEOMETRIC_REPRESENTATION_CONTEXT ( 3 ) GLOBAL_UNCERTAINTY_ASSIGNED_CONTEXT ( ( #7059 ) ) GLOBAL_UNIT_ASSIGNED_CONTEXT ( ( #7642, #2703, #5180 ) ) REPRESENTATION_CONTEXT ( 'NONE', 'WORKASPACE' ) );
#1543 = ORIENTED_EDGE ( 'NONE', *, *, #2104, .T. ) ;
#1544 = LINE ( 'NONE', #3718, #1661 ) ;
#1545 =( NAMED_UNIT ( * ) PLANE_ANGLE_UNIT ( ) SI_UNIT ( $, .RADIAN. ) );
#1546 = EDGE_CURVE ( 'NONE', #8458, #6788, #8270, .T. ) ;
#1547 = UNCERTAINTY_MEASURE_WITH_UNIT (LENGTH_MEASURE( 1.000000000000000082E-05 ), #106, 'distance_accuracy_value', 'NONE');
#1548 = ORIENTED_EDGE ( 'NONE', *, *, #7981, .F. ) ;
#1549 = LINE ( 'NONE', #4008, #7035 ) ;
#1550 = VECTOR ( 'NONE', #8379, 1000.000000000000000 ) ;
#1551 = ORIENTED_EDGE ( 'NONE', *, *, #2873, .T. ) ;
#1552 = PLANE ( 'NONE',  #3780 ) ;
#1553 = DIRECTION ( 'NONE',  ( 1.000000000000000000, 0.000000000000000000, 0.000000000000000000 ) ) ;
#1554 = CARTESIAN_POINT ( 'NONE',  ( 0.1600000000000000033, -17.94000000000000128, -3.000000000000000000 ) ) ;
#1555 = DIRECTION ( 'NONE',  ( 0.7071067811865475727, -1.735167508356890344E-18, 0.7071067811865475727 ) ) ;
#1556 = SURFACE_SIDE_STYLE ('',( #2828 ) ) ;
#1557 =( LENGTH_UNIT ( ) NAMED_UNIT ( * ) SI_UNIT ( .MILLI., .METRE. ) );
#1558 = ORIENTED_EDGE ( 'NONE', *, *, #4199, .F. ) ;
#1559 = EDGE_LOOP ( 'NONE', ( #2381, #6534, #2327, #6274 ) ) ;
#1560 = ORIENTED_EDGE ( 'NONE', *, *, #4525, .F. ) ;
#1561 = SURFACE_SIDE_STYLE ('',( #2405 ) ) ;
#1562 = FILL_AREA_STYLE ('',( #6772 ) ) ;
#1563 = PRESENTATION_LAYER_ASSIGNMENT (  '', '', ( #7469 ) ) ;
#1564 = PLANE ( 'NONE',  #1317 ) ;
#1565 = UNCERTAINTY_MEASURE_WITH_UNIT (LENGTH_MEASURE( 1.000000000000000082E-05 ), #1450, 'distance_accuracy_value', 'NONE');
#1566 = PRESENTATION_LAYER_ASSIGNMENT (  '', '', ( #475 ) ) ;
#1567 = ORIENTED_EDGE ( 'NONE', *, *, #720, .T. ) ;
#1568 =( LENGTH_UNIT ( ) NAMED_UNIT ( * ) SI_UNIT ( .MILLI., .METRE. ) );
#1569 = VERTEX_POINT ( 'NONE', #5590 ) ;
#1570 = EDGE_LOOP ( 'NONE', ( #6230, #1567, #1539, #7389 ) ) ;
#1571 =( NAMED_UNIT ( * ) PLANE_ANGLE_UNIT ( ) SI_UNIT ( $, .RADIAN. ) );
#1572 = SURFACE_SIDE_STYLE ('',( #5529 ) ) ;
#1573 = PRESENTATION_LAYER_ASSIGNMENT (  '', '', ( #1162 ) ) ;
#1574 =( NAMED_UNIT ( * ) SI_UNIT ( $, .STERADIAN. ) SOLID_ANGLE_UNIT ( ) );
#1575 = CARTESIAN_POINT ( 'NONE',  ( 1.016000000000000014, 1.270000000000000018, 0.000000000000000000 ) ) ;
#1576 = VECTOR ( 'NONE', #7175, 1000.000000000000114 ) ;
#1577 = CARTESIAN_POINT ( 'NONE',  ( -1.016000000000000014, -3.810000000000000053, 0.000000000000000000 ) ) ;
#1578 =( NAMED_UNIT ( * ) PLANE_ANGLE_UNIT ( ) SI_UNIT ( $, .RADIAN. ) );
#1579 = ORIENTED_EDGE ( 'NONE', *, *, #1084, .F. ) ;
#1580 = DIRECTION ( 'NONE',  ( 0.000000000000000000, -1.000000000000000000, 0.000000000000000000 ) ) ;
#1581 = ORIENTED_EDGE ( 'NONE', *, *, #6113, .F. ) ;
#1582 = ADVANCED_FACE ( 'NONE', ( #8231 ), #2384, .F. ) ;
#1583 =( NAMED_UNIT ( * ) SI_UNIT ( $, .STERADIAN. ) SOLID_ANGLE_UNIT ( ) );
#1584 = VERTEX_POINT ( 'NONE', #5975 ) ;
#1585 =( LENGTH_UNIT ( ) NAMED_UNIT ( * ) SI_UNIT ( .MILLI., .METRE. ) );
#1586 = VECTOR ( 'NONE', #3109, 1000.000000000000000 ) ;
#1587 = PLANE ( 'NONE',  #8273 ) ;
#1588 = VECTOR ( 'NONE', #8171, 1000.000000000000000 ) ;
#1589 = ADVANCED_FACE ( 'NONE', ( #2822 ), #7446, .F. ) ;
#1590 = EDGE_CURVE ( 'NONE', #8343, #1773, #3420, .T. ) ;
#1591 = LINE ( 'NONE', #4725, #507 ) ;
#1592 = MECHANICAL_DESIGN_GEOMETRIC_PRESENTATION_REPRESENTATION (  '', ( #2712 ), #5714 ) ;
#1593 = EDGE_LOOP ( 'NONE', ( #5513, #3485, #7953, #3659 ) ) ;
#1594 = DIRECTION ( 'NONE',  ( 1.000000000000000000, 0.000000000000000000, 0.000000000000000000 ) ) ;
#1595 = VERTEX_POINT ( 'NONE', #175 ) ;
#1596 = PRESENTATION_LAYER_ASSIGNMENT (  '', '', ( #70 ) ) ;
#1597 = DIRECTION ( 'NONE',  ( -0.5773502691896257311, 0.5773502691896257311, 0.5773502691896257311 ) ) ;
#1598 = CARTESIAN_POINT ( 'NONE',  ( -1.016000000000000014, -16.51000000000000156, 2.540000000000000036 ) ) ;
#1599 = FILL_AREA_STYLE ('',( #8103 ) ) ;
#1600 = CARTESIAN_POINT ( 'NONE',  ( -0.3200000000000000067, -14.91999999999999993, -3.000000000000000000 ) ) ;
#1601 = PRESENTATION_LAYER_ASSIGNMENT (  '', '', ( #7904 ) ) ;
#1602 = MECHANICAL_DESIGN_GEOMETRIC_PRESENTATION_REPRESENTATION (  '', ( #7349 ), #4064 ) ;
#1603 = FILL_AREA_STYLE ('',( #130 ) ) ;
#1604 = FILL_AREA_STYLE ('',( #182 ) ) ;
#1605 = PRESENTATION_LAYER_ASSIGNMENT (  '', '', ( #8477 ) ) ;
#1606 = VECTOR ( 'NONE', #3217, 1000.000000000000114 ) ;
#1607 = CARTESIAN_POINT ( 'NONE',  ( 1.270000000000000018, -6.603999999999999204, 0.000000000000000000 ) ) ;
#1608 =( LENGTH_UNIT ( ) NAMED_UNIT ( * ) SI_UNIT ( .MILLI., .METRE. ) );
#1609 = EDGE_LOOP ( 'NONE', ( #3588, #4566, #6049, #3771 ) ) ;
#1610 = ORIENTED_EDGE ( 'NONE', *, *, #437, .F. ) ;
#1611 = FILL_AREA_STYLE ('',( #2267 ) ) ;
#1612 = ORIENTED_EDGE ( 'NONE', *, *, #3624, .F. ) ;
#1613 = EDGE_CURVE ( 'NONE', #6692, #8189, #1505, .T. ) ;
#1614 = CARTESIAN_POINT ( 'NONE',  ( -0.3200000000000000067, -13.01999999999999957, -3.000000000000000000 ) ) ;
#1615 = AXIS2_PLACEMENT_3D ( 'NONE', #7880, #1960, #16 ) ;
#1616 = FACE_OUTER_BOUND ( 'NONE', #5155, .T. ) ;
#1617 = CARTESIAN_POINT ( 'NONE',  ( -0.1600000000000000033, -7.779999999999999361, 8.540000000000000924 ) ) ;
#1618 = FILL_AREA_STYLE ('',( #874 ) ) ;
#1619 = ORIENTED_EDGE ( 'NONE', *, *, #453, .F. ) ;
#1620 = VERTEX_POINT ( 'NONE', #4691 ) ;
#1621 = ORIENTED_EDGE ( 'NONE', *, *, #1674, .F. ) ;
#1622 =( NAMED_UNIT ( * ) PLANE_ANGLE_UNIT ( ) SI_UNIT ( $, .RADIAN. ) );
#1623 = STYLED_ITEM ( 'NONE', ( #883 ), #7959 ) ;
#1624 = MECHANICAL_DESIGN_GEOMETRIC_PRESENTATION_REPRESENTATION (  '', ( #7239 ), #5614 ) ;
#1625 = LINE ( 'NONE', #2903, #5522 ) ;
#1626 = EDGE_CURVE ( 'NONE', #3453, #6926, #5335, .T. ) ;
#1627 = EDGE_LOOP ( 'NONE', ( #4957, #1303, #7010, #476 ) ) ;
#1628 = DIRECTION ( 'NONE',  ( -1.000000000000000000, 0.000000000000000000, 2.453897423307444850E-18 ) ) ;
#1629 = EDGE_LOOP ( 'NONE', ( #2607, #2189, #8204, #2123 ) ) ;
#1630 = EDGE_CURVE ( 'NONE', #5045, #6812, #1371, .T. ) ;
#1631 = VERTEX_POINT ( 'NONE', #4179 ) ;
#1632 =( NAMED_UNIT ( * ) PLANE_ANGLE_UNIT ( ) SI_UNIT ( $, .RADIAN. ) );
#1633 = STYLED_ITEM ( 'NONE', ( #4437 ), #8187 ) ;
#1634 = SURFACE_STYLE_USAGE ( .BOTH. , #6931 ) ;
#1635 =( LENGTH_UNIT ( ) NAMED_UNIT ( * ) SI_UNIT ( .MILLI., .METRE. ) );
#1636 = EDGE_LOOP ( 'NONE', ( #854, #6928, #2671, #242 ) ) ;
#1637 =( NAMED_UNIT ( * ) PLANE_ANGLE_UNIT ( ) SI_UNIT ( $, .RADIAN. ) );
#1638 = CARTESIAN_POINT ( 'NONE',  ( -0.1600000000000000033, -18.10000000000000142, 0.000000000000000000 ) ) ;
#1639 = ORIENTED_EDGE ( 'NONE', *, *, #1205, .T. ) ;
#1640 = FACE_OUTER_BOUND ( 'NONE', #6584, .T. ) ;
#1641 =( NAMED_UNIT ( * ) PLANE_ANGLE_UNIT ( ) SI_UNIT ( $, .RADIAN. ) );
#1642 = MECHANICAL_DESIGN_GEOMETRIC_PRESENTATION_REPRESENTATION (  '', ( #3592 ), #6175 ) ;
#1643 = CARTESIAN_POINT ( 'NONE',  ( -1.270000000000000018, -3.556000000000000050, 0.000000000000000000 ) ) ;
#1644 =( NAMED_UNIT ( * ) PLANE_ANGLE_UNIT ( ) SI_UNIT ( $, .RADIAN. ) );
#1645 = VERTEX_POINT ( 'NONE', #5416 ) ;
#1646 = ORIENTED_EDGE ( 'NONE', *, *, #6873, .F. ) ;
#1647 = ADVANCED_FACE ( 'NONE', ( #6760 ), #227, .T. ) ;
#1648 = AXIS2_PLACEMENT_3D ( 'NONE', #2409, #8421, #3189 ) ;
#1649 = PLANE ( 'NONE',  #6891 ) ;
#1650 = DIRECTION ( 'NONE',  ( 1.000000000000000000, 0.000000000000000000, 0.000000000000000000 ) ) ;
#1651 = VECTOR ( 'NONE', #83, 1000.000000000000000 ) ;
#1652 = UNCERTAINTY_MEASURE_WITH_UNIT (LENGTH_MEASURE( 1.000000000000000082E-05 ), #1557, 'distance_accuracy_value', 'NONE');
#1653 = LINE ( 'NONE', #6432, #7986 ) ;
#1654 = VERTEX_POINT ( 'NONE', #7487 ) ;
#1655 = CARTESIAN_POINT ( 'NONE',  ( 1.016000000000000014, -16.51000000000000156, 2.540000000000000036 ) ) ;
#1656 = EDGE_LOOP ( 'NONE', ( #4302, #5627, #2379, #5234 ) ) ;
#1657 = ORIENTED_EDGE ( 'NONE', *, *, #8376, .F. ) ;
#1658 = DIRECTION ( 'NONE',  ( -0.000000000000000000, 1.000000000000000000, 0.000000000000000000 ) ) ;
#1659 =( NAMED_UNIT ( * ) PLANE_ANGLE_UNIT ( ) SI_UNIT ( $, .RADIAN. ) );
#1660 = VECTOR ( 'NONE', #5217, 1000.000000000000000 ) ;
#1661 = VECTOR ( 'NONE', #6326, 1000.000000000000000 ) ;
#1662 = DIRECTION ( 'NONE',  ( 1.735167508356890344E-18, 0.7071067811865475727, 0.7071067811865475727 ) ) ;
#1663 =( LENGTH_UNIT ( ) NAMED_UNIT ( * ) SI_UNIT ( .MILLI., .METRE. ) );
#1664 = CARTESIAN_POINT ( 'NONE',  ( -0.3200000000000000067, -9.839999999999999858, -2.839999999999999858 ) ) ;
#1665 = PRESENTATION_LAYER_ASSIGNMENT (  '', '', ( #2780 ) ) ;
#1666 = MECHANICAL_DESIGN_GEOMETRIC_PRESENTATION_REPRESENTATION (  '', ( #5368 ), #4963 ) ;
#1667 = LINE ( 'NONE', #6923, #1676 ) ;
#1668 = ORIENTED_EDGE ( 'NONE', *, *, #4587, .T. ) ;
#1669 = PRESENTATION_STYLE_ASSIGNMENT (( #7552 ) ) ;
#1670 = MECHANICAL_DESIGN_GEOMETRIC_PRESENTATION_REPRESENTATION (  '', ( #699 ), #7567 ) ;
#1671 = DIRECTION ( 'NONE',  ( -0.000000000000000000, 1.000000000000000000, 0.000000000000000000 ) ) ;
#1672 = FACE_OUTER_BOUND ( 'NONE', #4458, .T. ) ;
#1673 = LINE ( 'NONE', #7602, #6802 ) ;
#1674 = EDGE_CURVE ( 'NONE', #4812, #1620, #2393, .T. ) ;
#1675 = DIRECTION ( 'NONE',  ( 0.000000000000000000, 0.000000000000000000, 1.000000000000000000 ) ) ;
#1676 = VECTOR ( 'NONE', #2182, 1000.000000000000000 ) ;
#1677 = ORIENTED_EDGE ( 'NONE', *, *, #4818, .T. ) ;
#1678 = LINE ( 'NONE', #4428, #1487 ) ;
#1679 = ORIENTED_EDGE ( 'NONE', *, *, #4795, .T. ) ;
#1680 = CARTESIAN_POINT ( 'NONE',  ( 0.3200000000000000067, -0.3200000000000000067, -3.000000000000000000 ) ) ;
#1681 = LINE ( 'NONE', #3002, #8269 ) ;
#1682 = PRESENTATION_LAYER_ASSIGNMENT (  '', '', ( #5384 ) ) ;
#1683 = LINE ( 'NONE', #2962, #3930 ) ;
#1684 = DIRECTION ( 'NONE',  ( 0.000000000000000000, 1.000000000000000000, 0.000000000000000000 ) ) ;
#1685 =( LENGTH_UNIT ( ) NAMED_UNIT ( * ) SI_UNIT ( .MILLI., .METRE. ) );
#1686 = VERTEX_POINT ( 'NONE', #1598 ) ;
#1687 = VERTEX_POINT ( 'NONE', #2308 ) ;
#1688 = VECTOR ( 'NONE', #688, 1000.000000000000000 ) ;
#1689 = DIRECTION ( 'NONE',  ( 0.000000000000000000, 0.000000000000000000, 1.000000000000000000 ) ) ;
#1690 = FACE_OUTER_BOUND ( 'NONE', #3462, .T. ) ;
#1691 = CARTESIAN_POINT ( 'NONE',  ( -1.270000000000000018, -3.556000000000000050, 0.000000000000000000 ) ) ;
#1692 =( NAMED_UNIT ( * ) PLANE_ANGLE_UNIT ( ) SI_UNIT ( $, .RADIAN. ) );
#1693 = EDGE_CURVE ( 'NONE', #7522, #4082, #268, .T. ) ;
#1694 = DIRECTION ( 'NONE',  ( -1.000000000000000000, 0.000000000000000000, 0.000000000000000000 ) ) ;
#1695 = EDGE_LOOP ( 'NONE', ( #6712, #7810, #1369, #7828 ) ) ;
#1696 = VERTEX_POINT ( 'NONE', #5549 ) ;
#1697 = FILL_AREA_STYLE ('',( #3827 ) ) ;
#1698 = EDGE_CURVE ( 'NONE', #2616, #5797, #1681, .T. ) ;
#1699 = LINE ( 'NONE', #6921, #1729 ) ;
#1700 = FACE_OUTER_BOUND ( 'NONE', #4861, .T. ) ;
#1701 = VECTOR ( 'NONE', #7999, 1000.000000000000000 ) ;
#1702 = CARTESIAN_POINT ( 'NONE',  ( -0.1600000000000000033, -7.459999999999999964, 8.540000000000000924 ) ) ;
#1703 = DIRECTION ( 'NONE',  ( -1.000000000000000000, 0.000000000000000000, 0.000000000000000000 ) ) ;
#1704 = DIRECTION ( 'NONE',  ( -0.7071067811865475727, 0.7071067811865475727, 0.000000000000000000 ) ) ;
#1705 = ORIENTED_EDGE ( 'NONE', *, *, #5781, .T. ) ;
#1706 = LINE ( 'NONE', #2419, #749 ) ;
#1707 = ORIENTED_EDGE ( 'NONE', *, *, #8249, .F. ) ;
#1708 = VECTOR ( 'NONE', #6440, 1000.000000000000000 ) ;
#1709 = DIRECTION ( 'NONE',  ( 1.000000000000000000, 0.000000000000000000, 0.000000000000000000 ) ) ;
#1710 = CARTESIAN_POINT ( 'NONE',  ( 0.3200000000000000067, -8.415000000000000924, 0.000000000000000000 ) ) ;
#1711 = DIRECTION ( 'NONE',  ( 0.000000000000000000, 1.000000000000000000, 0.000000000000000000 ) ) ;
#1712 = CARTESIAN_POINT ( 'NONE',  ( 1.270000000000000018, -11.68399999999999928, 0.000000000000000000 ) ) ;
#1713 = DIRECTION ( 'NONE',  ( 0.000000000000000000, 0.000000000000000000, 1.000000000000000000 ) ) ;
#1714 = VECTOR ( 'NONE', #5633, 1000.000000000000114 ) ;
#1715 = SURFACE_SIDE_STYLE ('',( #7057 ) ) ;
#1716 = ADVANCED_FACE ( 'NONE', ( #4915 ), #6939, .T. ) ;
#1717 = UNCERTAINTY_MEASURE_WITH_UNIT (LENGTH_MEASURE( 1.000000000000000082E-05 ), #1568, 'distance_accuracy_value', 'NONE');
#1718 = PLANE ( 'NONE',  #2287 ) ;
#1719 = LINE ( 'NONE', #1158, #7947 ) ;
#1720 = VECTOR ( 'NONE', #8366, 1000.000000000000000 ) ;
#1721 = VERTEX_POINT ( 'NONE', #6200 ) ;
#1722 =( NAMED_UNIT ( * ) PLANE_ANGLE_UNIT ( ) SI_UNIT ( $, .RADIAN. ) );
#1723 = VECTOR ( 'NONE', #293, 1000.000000000000114 ) ;
#1724 = FILL_AREA_STYLE ('',( #5040 ) ) ;
#1725 =( GEOMETRIC_REPRESENTATION_CONTEXT ( 3 ) GLOBAL_UNCERTAINTY_ASSIGNED_CONTEXT ( ( #2611 ) ) GLOBAL_UNIT_ASSIGNED_CONTEXT ( ( #751, #5728, #4032 ) ) REPRESENTATION_CONTEXT ( 'NONE', 'WORKASPACE' ) );
#1726 = LINE ( 'NONE', #6853, #6774 ) ;
#1727 = DIRECTION ( 'NONE',  ( 0.000000000000000000, 1.000000000000000000, 0.000000000000000000 ) ) ;
#1728 = VECTOR ( 'NONE', #5353, 1000.000000000000114 ) ;
#1729 = VECTOR ( 'NONE', #5578, 1000.000000000000000 ) ;
#1730 =( NAMED_UNIT ( * ) PLANE_ANGLE_UNIT ( ) SI_UNIT ( $, .RADIAN. ) );
#1731 = SURFACE_STYLE_FILL_AREA ( #8325 ) ;
#1732 = EDGE_LOOP ( 'NONE', ( #5795, #7051, #1101, #4534 ) ) ;
#1733 = ORIENTED_EDGE ( 'NONE', *, *, #2432, .T. ) ;
#1734 = PRESENTATION_STYLE_ASSIGNMENT (( #4230 ) ) ;
#1735 = ADVANCED_FACE ( 'NONE', ( #3042 ), #2433, .F. ) ;
#1736 = PRESENTATION_LAYER_ASSIGNMENT (  '', '', ( #4749 ) ) ;
#1737 = DIRECTION ( 'NONE',  ( 0.000000000000000000, 1.000000000000000000, 0.000000000000000000 ) ) ;
#1738 = CARTESIAN_POINT ( 'NONE',  ( -0.3200000000000000067, -0.3200000000000000067, -2.839999999999999858 ) ) ;
#1739 = COLOUR_RGB ( '',0.8588235294117646523, 0.7372549019607843590, 0.4941176470588235503 ) ;
#1740 = PRESENTATION_STYLE_ASSIGNMENT (( #4964 ) ) ;
#1741 = AXIS2_PLACEMENT_3D ( 'NONE', #783, #4796, #3523 ) ;
#1742 = VECTOR ( 'NONE', #5299, 1000.000000000000000 ) ;
#1743 = PLANE ( 'NONE',  #4223 ) ;
#1744 = PRODUCT_DEFINITION_CONTEXT ( 'detailed design', #5951, 'design' ) ;
#1745 = EDGE_CURVE ( 'NONE', #1595, #7522, #7064, .T. ) ;
#1746 = CARTESIAN_POINT ( 'NONE',  ( -1.270000000000000018, -16.76400000000000290, 2.540000000000000036 ) ) ;
#1747 = CARTESIAN_POINT ( 'NONE',  ( -0.2666666666669999519, -12.96666666666000189, 8.433333333333001391 ) ) ;
#1748 =( GEOMETRIC_REPRESENTATION_CONTEXT ( 3 ) GLOBAL_UNCERTAINTY_ASSIGNED_CONTEXT ( ( #4820 ) ) GLOBAL_UNIT_ASSIGNED_CONTEXT ( ( #118, #1545, #2100 ) ) REPRESENTATION_CONTEXT ( 'NONE', 'WORKASPACE' ) );
#1749 =( GEOMETRIC_REPRESENTATION_CONTEXT ( 3 ) GLOBAL_UNCERTAINTY_ASSIGNED_CONTEXT ( ( #7837 ) ) GLOBAL_UNIT_ASSIGNED_CONTEXT ( ( #655, #1987, #7077 ) ) REPRESENTATION_CONTEXT ( 'NONE', 'WORKASPACE' ) );
#1750 = ORIENTED_EDGE ( 'NONE', *, *, #7510, .T. ) ;
#1751 = FILL_AREA_STYLE_COLOUR ( '', #3598 ) ;
#1752 = FILL_AREA_STYLE ('',( #965 ) ) ;
#1753 = EDGE_CURVE ( 'NONE', #4284, #7403, #5846, .T. ) ;
#1754 = DIRECTION ( 'NONE',  ( 0.000000000000000000, 1.000000000000000000, 0.000000000000000000 ) ) ;
#1755 = FILL_AREA_STYLE ('',( #3665 ) ) ;
#1756 = COLOUR_RGB ( '',0.1450980392156862586, 0.1411764705882352922, 0.1411764705882352922 ) ;
#1757 =( GEOMETRIC_REPRESENTATION_CONTEXT ( 3 ) GLOBAL_UNCERTAINTY_ASSIGNED_CONTEXT ( ( #8212 ) ) GLOBAL_UNIT_ASSIGNED_CONTEXT ( ( #5075, #5546, #2017 ) ) REPRESENTATION_CONTEXT ( 'NONE', 'WORKASPACE' ) );
#1758 = SURFACE_STYLE_FILL_AREA ( #462 ) ;
#1759 = ORIENTED_EDGE ( 'NONE', *, *, #7178, .F. ) ;
#1760 = FILL_AREA_STYLE_COLOUR ( '', #2706 ) ;
#1761 = ORIENTED_EDGE ( 'NONE', *, *, #4042, .F. ) ;
#1762 = ITEM_DEFINED_TRANSFORMATION ( 'NONE', 'NONE', #7660,  #264 ) ;
#1763 =( NAMED_UNIT ( * ) PLANE_ANGLE_UNIT ( ) SI_UNIT ( $, .RADIAN. ) );
#1764 = PRESENTATION_STYLE_ASSIGNMENT (( #6367 ) ) ;
#1765 = LINE ( 'NONE', #7014, #4827 ) ;
#1766 = SURFACE_STYLE_FILL_AREA ( #3796 ) ;
#1768 = DIRECTION ( 'NONE',  ( 1.000000000000000000, 0.000000000000000000, 0.000000000000000000 ) ) ;
#1767 = PRODUCT_DEFINITION_FORMATION_WITH_SPECIFIED_SOURCE ( 'ANY', '', #6525, .NOT_KNOWN. ) ;
#1769 =( GEOMETRIC_REPRESENTATION_CONTEXT ( 3 ) GLOBAL_UNCERTAINTY_ASSIGNED_CONTEXT ( ( #6823 ) ) GLOBAL_UNIT_ASSIGNED_CONTEXT ( ( #4334, #6227, #2417 ) ) REPRESENTATION_CONTEXT ( 'NONE', 'WORKASPACE' ) );
#1770 = CARTESIAN_POINT ( 'NONE',  ( 1.270000000000000018, -16.76400000000000290, 2.540000000000000036 ) ) ;
#1771 = DIRECTION ( 'NONE',  ( -1.000000000000000000, 0.000000000000000000, 0.000000000000000000 ) ) ;
#1772 = CARTESIAN_POINT ( 'NONE',  ( -0.3200000000000000067, -12.38000000000000078, 8.380000000000000782 ) ) ;
#1773 = VERTEX_POINT ( 'NONE', #5209 ) ;
#1774 = AXIS2_PLACEMENT_3D ( 'NONE', #2966, #5556, #2315 ) ;
#1775 = STYLED_ITEM ( 'NONE', ( #6624 ), #8266 ) ;
#1776 = EDGE_CURVE ( 'NONE', #4757, #3740, #6375, .T. ) ;
#1777 = DIRECTION ( 'NONE',  ( -0.7071067811865475727, 0.000000000000000000, 0.7071067811865475727 ) ) ;
#1778 = DIRECTION ( 'NONE',  ( 0.000000000000000000, 0.000000000000000000, -1.000000000000000000 ) ) ;
#1779 = DIRECTION ( 'NONE',  ( 0.000000000000000000, 0.000000000000000000, 1.000000000000000000 ) ) ;
#1780 =( NAMED_UNIT ( * ) PLANE_ANGLE_UNIT ( ) SI_UNIT ( $, .RADIAN. ) );
#1781 = PRESENTATION_LAYER_ASSIGNMENT (  '', '', ( #8097 ) ) ;
#1782 = AXIS2_PLACEMENT_3D ( 'NONE', #7775, #4594, #4556 ) ;
#1783 = DIRECTION ( 'NONE',  ( 0.000000000000000000, 0.000000000000000000, 1.000000000000000000 ) ) ;
#1784 = PLANE ( 'NONE',  #659 ) ;
#1785 = VERTEX_POINT ( 'NONE', #7862 ) ;
#1786 = ORIENTED_EDGE ( 'NONE', *, *, #2352, .T. ) ;
#1787 = SURFACE_SIDE_STYLE ('',( #3773 ) ) ;
#1788 = DIRECTION ( 'NONE',  ( 0.7071067811865474617, -0.7071067811865474617, 0.000000000000000000 ) ) ;
#1789 = VECTOR ( 'NONE', #6842, 1000.000000000000000 ) ;
#1790 = LINE ( 'NONE', #7580, #2457 ) ;
#1791 = CARTESIAN_POINT ( 'NONE',  ( -0.3200000000000000067, -2.860000000000000320, -3.000000000000000000 ) ) ;
#1792 = EDGE_CURVE ( 'NONE', #2974, #2268, #5157, .T. ) ;
#1793 = DIRECTION ( 'NONE',  ( 2.453897423307444850E-18, 1.000000000000000000, 0.000000000000000000 ) ) ;
#1794 = COLOUR_RGB ( '',0.8588235294117646523, 0.7372549019607843590, 0.4941176470588235503 ) ;
#1795 = DIRECTION ( 'NONE',  ( -1.000000000000000000, 0.000000000000000000, 0.000000000000000000 ) ) ;
#1796 = DIRECTION ( 'NONE',  ( 1.000000000000000000, 0.000000000000000000, 0.000000000000000000 ) ) ;
#1797 = VERTEX_POINT ( 'NONE', #2609 ) ;
#1798 = CARTESIAN_POINT ( 'NONE',  ( -1.270000000000000018, -13.71600000000000108, 0.000000000000000000 ) ) ;
#1799 = AXIS2_PLACEMENT_3D ( 'NONE', #4442, #5050, #1253 ) ;
#1800 = PRESENTATION_LAYER_ASSIGNMENT (  '', '', ( #5497 ) ) ;
#1801 = SURFACE_SIDE_STYLE ('',( #7269 ) ) ;
#1802 = PLANE ( 'NONE',  #5635 ) ;
#1803 = ORIENTED_EDGE ( 'NONE', *, *, #8436, .F. ) ;
#1804 = FACE_OUTER_BOUND ( 'NONE', #3196, .T. ) ;
#1805 = VERTEX_POINT ( 'NONE', #7180 ) ;
#1806 = LINE ( 'NONE', #7733, #48 ) ;
#1807 = COLOUR_RGB ( '',0.8588235294117646523, 0.7372549019607843590, 0.4941176470588235503 ) ;
#1808 = LINE ( 'NONE', #4423, #5094 ) ;
#1809 =( LENGTH_UNIT ( ) NAMED_UNIT ( * ) SI_UNIT ( .MILLI., .METRE. ) );
#1810 =( NAMED_UNIT ( * ) PLANE_ANGLE_UNIT ( ) SI_UNIT ( $, .RADIAN. ) );
#1811 = CARTESIAN_POINT ( 'NONE',  ( 1.270000000000000018, -16.76400000000000290, 0.000000000000000000 ) ) ;
#1812 = SURFACE_STYLE_FILL_AREA ( #7016 ) ;
#1813 = EDGE_CURVE ( 'NONE', #4770, #5472, #8370, .T. ) ;
#1814 = UNCERTAINTY_MEASURE_WITH_UNIT (LENGTH_MEASURE( 1.000000000000000082E-05 ), #4093, 'distance_accuracy_value', 'NONE');
#1815 = VECTOR ( 'NONE', #2866, 1000.000000000000000 ) ;
#1816 = ORIENTED_EDGE ( 'NONE', *, *, #8378, .F. ) ;
#1817 = FILL_AREA_STYLE ('',( #5679 ) ) ;
#1818 = SURFACE_STYLE_FILL_AREA ( #7704 ) ;
#1819 = VECTOR ( 'NONE', #239, 1000.000000000000000 ) ;
#1820 = EDGE_CURVE ( 'NONE', #1277, #887, #5810, .T. ) ;
#1821 = COLOUR_RGB ( '',0.1450980392156862586, 0.1411764705882352922, 0.1411764705882352922 ) ;
#1822 = UNCERTAINTY_MEASURE_WITH_UNIT (LENGTH_MEASURE( 1.000000000000000082E-05 ), #3703, 'distance_accuracy_value', 'NONE');
#1823 = ORIENTED_EDGE ( 'NONE', *, *, #1511, .T. ) ;
#1824 = VERTEX_POINT ( 'NONE', #645 ) ;
#1825 = LINE ( 'NONE', #7228, #7872 ) ;
#1826 = CARTESIAN_POINT ( 'NONE',  ( 1.270000000000000018, -1.016000000000000014, 2.540000000000000036 ) ) ;
#1827 = DIRECTION ( 'NONE',  ( -0.7071067811865475727, 0.7071067811865475727, 0.000000000000000000 ) ) ;
#1828 =( NAMED_UNIT ( * ) SI_UNIT ( $, .STERADIAN. ) SOLID_ANGLE_UNIT ( ) );
#1829 = UNCERTAINTY_MEASURE_WITH_UNIT (LENGTH_MEASURE( 1.000000000000000082E-05 ), #6864, 'distance_accuracy_value', 'NONE');
#1830 = SURFACE_SIDE_STYLE ('',( #5740 ) ) ;
#1831 = EDGE_LOOP ( 'NONE', ( #4595, #147, #5441, #1446 ) ) ;
#1832 = FILL_AREA_STYLE ('',( #7631 ) ) ;
#1833 = LINE ( 'NONE', #3231, #808 ) ;
#1834 = CARTESIAN_POINT ( 'NONE',  ( 0.05333333333332999915, -12.64666666665999983, -3.106666666666999976 ) ) ;
#1835 = LINE ( 'NONE', #5135, #2730 ) ;
#1836 = PLANE ( 'NONE',  #5004 ) ;
#1837 = SURFACE_STYLE_FILL_AREA ( #732 ) ;
#1838 =( NAMED_UNIT ( * ) PLANE_ANGLE_UNIT ( ) SI_UNIT ( $, .RADIAN. ) );
#1839 = EDGE_LOOP ( 'NONE', ( #6546, #2399, #593, #1610 ) ) ;
#1840 = LINE ( 'NONE', #5872, #3804 ) ;
#1841 = EDGE_LOOP ( 'NONE', ( #1942, #1816, #6837, #4121 ) ) ;
#1842 = CARTESIAN_POINT ( 'NONE',  ( 1.016000000000000014, -6.349999999999999645, 0.000000000000000000 ) ) ;
#1843 = CARTESIAN_POINT ( 'NONE',  ( -0.2400000000000000189, -13.01999999999999957, 8.460000000000000853 ) ) ;
#1844 = ADVANCED_FACE ( 'NONE', ( #7822 ), #5244, .F. ) ;
#1845 = SURFACE_STYLE_USAGE ( .BOTH. , #7736 ) ;
#1846 = FILL_AREA_STYLE ('',( #3839 ) ) ;
#1847 =( LENGTH_UNIT ( ) NAMED_UNIT ( * ) SI_UNIT ( .MILLI., .METRE. ) );
#1848 = ADVANCED_FACE ( 'NONE', ( #5079 ), #196, .F. ) ;
#1849 = ADVANCED_FACE ( 'NONE', ( #5524 ), #7974, .F. ) ;
#1850 = COLOUR_RGB ( '',0.1450980392156862586, 0.1411764705882352922, 0.1411764705882352922 ) ;
#1851 = ORIENTED_EDGE ( 'NONE', *, *, #878, .T. ) ;
#1852 = EDGE_CURVE ( 'NONE', #3395, #4169, #5480, .T. ) ;
#1853 = LINE ( 'NONE', #3167, #5162 ) ;
#1854 = DIRECTION ( 'NONE',  ( 1.000000000000000000, 0.000000000000000000, 0.000000000000000000 ) ) ;
#1855 = VECTOR ( 'NONE', #754, 1000.000000000000114 ) ;
#1856 = STYLED_ITEM ( 'NONE', ( #8026 ), #4183 ) ;
#1857 = SURFACE_STYLE_USAGE ( .BOTH. , #2614 ) ;
#1858 = ORIENTED_EDGE ( 'NONE', *, *, #1852, .F. ) ;
#1859 = EDGE_LOOP ( 'NONE', ( #2985, #423, #6090, #6299 ) ) ;
#1860 = CARTESIAN_POINT ( 'NONE',  ( -0.2400000000000000189, -0.3200000000000000067, -2.919999999999999929 ) ) ;
#1861 = SURFACE_STYLE_FILL_AREA ( #5090 ) ;
#1862 = DIRECTION ( 'NONE',  ( 0.000000000000000000, -1.000000000000000000, -2.453897423307444850E-18 ) ) ;
#1863 = STYLED_ITEM ( 'NONE', ( #2089 ), #4341 ) ;
#1864 = DIRECTION ( 'NONE',  ( -0.7071067811865475727, 0.7071067811865475727, 0.000000000000000000 ) ) ;
#1865 = VECTOR ( 'NONE', #740, 1000.000000000000000 ) ;
#1866 = COLOUR_RGB ( '',0.8588235294117646523, 0.7372549019607843590, 0.4941176470588235503 ) ;
#1867 = EDGE_CURVE ( 'NONE', #4899, #4933, #4236, .T. ) ;
#1868 = LINE ( 'NONE', #3858, #8151 ) ;
#1869 = COLOUR_RGB ( '',0.8588235294117646523, 0.7372549019607843590, 0.4941176470588235503 ) ;
#1870 = EDGE_LOOP ( 'NONE', ( #3050, #7607, #8020, #3647 ) ) ;
#1871 = FILL_AREA_STYLE ('',( #7680 ) ) ;
#1872 = DIRECTION ( 'NONE',  ( -0.5773502691896257311, -0.5773502691896257311, -0.5773502691896257311 ) ) ;
#1873 = CARTESIAN_POINT ( 'NONE',  ( -1.270000000000000018, -18.79599999999999937, 2.540000000000000036 ) ) ;
#1874 = DIRECTION ( 'NONE',  ( 1.000000000000000000, 0.000000000000000000, 0.000000000000000000 ) ) ;
#1875 = AXIS2_PLACEMENT_3D ( 'NONE', #8453, #2583, #6512 ) ;
#1876 = PRESENTATION_LAYER_ASSIGNMENT (  '', '', ( #5591 ) ) ;
#1877 = PRESENTATION_LAYER_ASSIGNMENT (  '', '', ( #6977 ) ) ;
#1878 = CARTESIAN_POINT ( 'NONE',  ( 1.016000000000000014, -1.270000000000000018, 2.540000000000000036 ) ) ;
#1879 = EDGE_LOOP ( 'NONE', ( #556, #5281, #8169, #4605 ) ) ;
#1880 = EDGE_LOOP ( 'NONE', ( #2475, #2884, #2093, #6219 ) ) ;
#1881 = FILL_AREA_STYLE ('',( #465 ) ) ;
#1882 = MECHANICAL_DESIGN_GEOMETRIC_PRESENTATION_REPRESENTATION (  '', ( #2319 ), #7782 ) ;
#1883 = DIRECTION ( 'NONE',  ( -1.000000000000000000, 0.000000000000000000, 0.000000000000000000 ) ) ;
#1884 = MECHANICAL_DESIGN_GEOMETRIC_PRESENTATION_REPRESENTATION (  '', ( #5184 ), #4771 ) ;
#1885 = LINE ( 'NONE', #5836, #3667 ) ;
#1886 =( LENGTH_UNIT ( ) NAMED_UNIT ( * ) SI_UNIT ( .MILLI., .METRE. ) );
#1887 = ADVANCED_FACE ( 'NONE', ( #787 ), #6077, .F. ) ;
#1888 = EDGE_CURVE ( 'NONE', #6447, #2055, #4799, .T. ) ;
#1889 = UNCERTAINTY_MEASURE_WITH_UNIT (LENGTH_MEASURE( 1.000000000000000082E-05 ), #3253, 'distance_accuracy_value', 'NONE');
#1890 = LINE ( 'NONE', #5204, #1720 ) ;
#1891 = DIRECTION ( 'NONE',  ( -0.7071067811865475727, -0.7071067811865475727, 0.000000000000000000 ) ) ;
#1892 = ORIENTED_EDGE ( 'NONE', *, *, #6247, .T. ) ;
#1893 = SURFACE_STYLE_USAGE ( .BOTH. , #5844 ) ;
#1894 = PRESENTATION_STYLE_ASSIGNMENT (( #1934 ) ) ;
#1895 = MECHANICAL_DESIGN_GEOMETRIC_PRESENTATION_REPRESENTATION (  '', ( #2026 ), #5738 ) ;
#1896 = FILL_AREA_STYLE_COLOUR ( '', #1739 ) ;
#1897 = SURFACE_SIDE_STYLE ('',( #2570 ) ) ;
#1898 = UNCERTAINTY_MEASURE_WITH_UNIT (LENGTH_MEASURE( 1.000000000000000082E-05 ), #7122, 'distance_accuracy_value', 'NONE');
#1899 =( NAMED_UNIT ( * ) PLANE_ANGLE_UNIT ( ) SI_UNIT ( $, .RADIAN. ) );
#1900 = PRESENTATION_LAYER_ASSIGNMENT (  '', '', ( #1633 ) ) ;
#1901 = PLANE ( 'NONE',  #2613 ) ;
#1902 = ORIENTED_EDGE ( 'NONE', *, *, #8077, .F. ) ;
#1903 = VERTEX_POINT ( 'NONE', #2892 ) ;
#1904 = PLANE ( 'NONE',  #8016 ) ;
#1905 = DIRECTION ( 'NONE',  ( 0.000000000000000000, 0.000000000000000000, 1.000000000000000000 ) ) ;
#1906 = PRESENTATION_LAYER_ASSIGNMENT (  '', '', ( #2746 ) ) ;
#1907 = FILL_AREA_STYLE_COLOUR ( '', #6128 ) ;
#1908 = DIRECTION ( 'NONE',  ( -0.000000000000000000, 1.000000000000000000, 0.000000000000000000 ) ) ;
#1909 = UNCERTAINTY_MEASURE_WITH_UNIT (LENGTH_MEASURE( 1.000000000000000082E-05 ), #5418, 'distance_accuracy_value', 'NONE');
#1910 = EDGE_CURVE ( 'NONE', #2728, #4035, #4194, .T. ) ;
#1911 = ORIENTED_EDGE ( 'NONE', *, *, #2725, .T. ) ;
#1912 =( LENGTH_UNIT ( ) NAMED_UNIT ( * ) SI_UNIT ( .MILLI., .METRE. ) );
#1913 = SURFACE_STYLE_FILL_AREA ( #5903 ) ;
#1914 = EDGE_CURVE ( 'NONE', #2949, #4035, #7082, .T. ) ;
#1915 = DIRECTION ( 'NONE',  ( 0.000000000000000000, 1.000000000000000000, 0.000000000000000000 ) ) ;
#1916 = SURFACE_STYLE_FILL_AREA ( #7881 ) ;
#1917 = LINE ( 'NONE', #3351, #3127 ) ;
#1918 = ORIENTED_EDGE ( 'NONE', *, *, #1219, .F. ) ;
#1919 = PLANE ( 'NONE',  #6955 ) ;
#1920 = ORIENTED_EDGE ( 'NONE', *, *, #5623, .F. ) ;
#1921 = SURFACE_STYLE_USAGE ( .BOTH. , #7887 ) ;
#1922 = PRESENTATION_STYLE_ASSIGNMENT (( #8471 ) ) ;
#1923 = MECHANICAL_DESIGN_GEOMETRIC_PRESENTATION_REPRESENTATION (  '', ( #2206 ), #7145 ) ;
#1924 = VECTOR ( 'NONE', #1536, 1000.000000000000000 ) ;
#1925 =( LENGTH_UNIT ( ) NAMED_UNIT ( * ) SI_UNIT ( .MILLI., .METRE. ) );
#1926 = CARTESIAN_POINT ( 'NONE',  ( 0.1600000000000000033, -12.85999999999999943, 8.540000000000000924 ) ) ;
#1927 = DIRECTION ( 'NONE',  ( 0.5773502691896257311, 0.5773502691896257311, -0.5773502691896257311 ) ) ;
#1928 =( NAMED_UNIT ( * ) PLANE_ANGLE_UNIT ( ) SI_UNIT ( $, .RADIAN. ) );
#1929 = SURFACE_SIDE_STYLE ('',( #8480 ) ) ;
#1930 = EDGE_LOOP ( 'NONE', ( #7203, #1551, #5832, #6644 ) ) ;
#1931 = DIRECTION ( 'NONE',  ( 1.000000000000000000, 0.000000000000000000, 0.000000000000000000 ) ) ;
#1932 = COLOUR_RGB ( '',0.8588235294117646523, 0.7372549019607843590, 0.4941176470588235503 ) ;
#1933 = EDGE_CURVE ( 'NONE', #411, #5228, #4447, .T. ) ;
#1934 = SURFACE_STYLE_USAGE ( .BOTH. , #3120 ) ;
#1935 = CARTESIAN_POINT ( 'NONE',  ( -0.1600000000000000033, -2.380000000000000338, 8.540000000000000924 ) ) ;
#1936 = STYLED_ITEM ( 'NONE', ( #7102 ), #817 ) ;
#1937 =( NAMED_UNIT ( * ) SI_UNIT ( $, .STERADIAN. ) SOLID_ANGLE_UNIT ( ) );
#1938 =( GEOMETRIC_REPRESENTATION_CONTEXT ( 3 ) GLOBAL_UNCERTAINTY_ASSIGNED_CONTEXT ( ( #5257 ) ) GLOBAL_UNIT_ASSIGNED_CONTEXT ( ( #1809, #6368, #5071 ) ) REPRESENTATION_CONTEXT ( 'NONE', 'WORKASPACE' ) );
#1939 = MECHANICAL_DESIGN_GEOMETRIC_PRESENTATION_REPRESENTATION (  '', ( #2376 ), #3374 ) ;
#1940 = DIRECTION ( 'NONE',  ( -0.000000000000000000, 1.000000000000000000, 0.000000000000000000 ) ) ;
#1941 = VERTEX_POINT ( 'NONE', #4927 ) ;
#1942 = ORIENTED_EDGE ( 'NONE', *, *, #5521, .T. ) ;
#1943 = LINE ( 'NONE', #7788, #8174 ) ;
#1944 = CARTESIAN_POINT ( 'NONE',  ( -1.016000000000000014, -8.890000000000000568, 2.540000000000000036 ) ) ;
#1945 = DIRECTION ( 'NONE',  ( -0.7071067811865475727, 0.000000000000000000, 0.7071067811865475727 ) ) ;
#1946 =( GEOMETRIC_REPRESENTATION_CONTEXT ( 3 ) GLOBAL_UNCERTAINTY_ASSIGNED_CONTEXT ( ( #1898 ) ) GLOBAL_UNIT_ASSIGNED_CONTEXT ( ( #7122, #694, #1261 ) ) REPRESENTATION_CONTEXT ( 'NONE', 'WORKASPACE' ) );
#1948 = DIRECTION ( 'NONE',  ( -1.000000000000000000, 0.000000000000000000, 0.000000000000000000 ) ) ;
#1947 = VECTOR ( 'NONE', #7413, 1000.000000000000000 ) ;
#1949 = FILL_AREA_STYLE_COLOUR ( '', #2144 ) ;
#1950 = VECTOR ( 'NONE', #2627, 1000.000000000000000 ) ;
#1951 =( LENGTH_UNIT ( ) NAMED_UNIT ( * ) SI_UNIT ( .MILLI., .METRE. ) );
#1952 = EDGE_CURVE ( 'NONE', #887, #3141, #3824, .T. ) ;
#1953 = PRESENTATION_LAYER_ASSIGNMENT (  '', '', ( #3888 ) ) ;
#1954 = CARTESIAN_POINT ( 'NONE',  ( 1.270000000000000018, -16.25600000000000023, 0.000000000000000000 ) ) ;
#1955 = CARTESIAN_POINT ( 'NONE',  ( 0.3200000000000000067, -14.91999999999999993, 8.380000000000000782 ) ) ;
#1956 = ORIENTED_EDGE ( 'NONE', *, *, #5230, .F. ) ;
#1957 = FACE_OUTER_BOUND ( 'NONE', #8110, .T. ) ;
#1958 = EDGE_CURVE ( 'NONE', #5064, #3748, #1653, .T. ) ;
#1959 = LINE ( 'NONE', #1834, #501 ) ;
#1960 = DIRECTION ( 'NONE',  ( 0.7071067811865475727, 0.7071067811865475727, 0.000000000000000000 ) ) ;
#1961 = LINE ( 'NONE', #7128, #2283 ) ;
#1962 = CARTESIAN_POINT ( 'NONE',  ( -1.270000000000000018, -6.096000000000000085, 2.540000000000000036 ) ) ;
#1963 = ORIENTED_EDGE ( 'NONE', *, *, #208, .F. ) ;
#1964 =( NAMED_UNIT ( * ) SI_UNIT ( $, .STERADIAN. ) SOLID_ANGLE_UNIT ( ) );
#1965 = ORIENTED_EDGE ( 'NONE', *, *, #3265, .F. ) ;
#1966 = PRESENTATION_STYLE_ASSIGNMENT (( #1921 ) ) ;
#1967 = VECTOR ( 'NONE', #3122, 1000.000000000000114 ) ;
#1968 = ADVANCED_FACE ( 'NONE', ( #2325 ), #2494, .T. ) ;
#1969 = VECTOR ( 'NONE', #8184, 1000.000000000000114 ) ;
#1970 = SURFACE_SIDE_STYLE ('',( #2165 ) ) ;
#1971 = CARTESIAN_POINT ( 'NONE',  ( -0.3200000000000000067, -10.48000000000000043, 2.540000000000000036 ) ) ;
#1972 = DIRECTION ( 'NONE',  ( 1.000000000000000000, 0.000000000000000000, 0.000000000000000000 ) ) ;
#1973 = SURFACE_STYLE_FILL_AREA ( #2474 ) ;
#1974 = SURFACE_STYLE_USAGE ( .BOTH. , #6583 ) ;
#1975 = ORIENTED_EDGE ( 'NONE', *, *, #6863, .T. ) ;
#1976 = ADVANCED_FACE ( 'NONE', ( #7538 ), #5694, .F. ) ;
#1977 = CARTESIAN_POINT ( 'NONE',  ( -1.270000000000000018, -6.096000000000000085, 0.000000000000000000 ) ) ;
#1978 = STYLED_ITEM ( 'NONE', ( #2202 ), #2498 ) ;
#1979 = PLANE ( 'NONE',  #7864 ) ;
#1980 = UNCERTAINTY_MEASURE_WITH_UNIT (LENGTH_MEASURE( 1.000000000000000082E-05 ), #1244, 'distance_accuracy_value', 'NONE');
#1981 = STYLED_ITEM ( 'NONE', ( #6383 ), #2358 ) ;
#1982 = DIRECTION ( 'NONE',  ( 1.000000000000000000, 0.000000000000000000, 0.000000000000000000 ) ) ;
#1983 = PLANE ( 'NONE',  #6857 ) ;
#1984 = ORIENTED_EDGE ( 'NONE', *, *, #8405, .T. ) ;
#1985 = COLOUR_RGB ( '',0.8588235294117646523, 0.7372549019607843590, 0.4941176470588235503 ) ;
#1986 = SURFACE_STYLE_USAGE ( .BOTH. , #2659 ) ;
#1987 =( NAMED_UNIT ( * ) PLANE_ANGLE_UNIT ( ) SI_UNIT ( $, .RADIAN. ) );
#1988 = MECHANICAL_DESIGN_GEOMETRIC_PRESENTATION_REPRESENTATION (  '', ( #5695 ), #2700 ) ;
#1989 = SURFACE_STYLE_USAGE ( .BOTH. , #2739 ) ;
#1990 = AXIS2_PLACEMENT_3D ( 'NONE', #4378, #8271, #8232 ) ;
#1991 = UNCERTAINTY_MEASURE_WITH_UNIT (LENGTH_MEASURE( 1.000000000000000082E-05 ), #7396, 'distance_accuracy_value', 'NONE');
#1992 = FILL_AREA_STYLE ('',( #2415 ) ) ;
#1993 = PRESENTATION_STYLE_ASSIGNMENT (( #3194 ) ) ;
#1994 = EDGE_CURVE ( 'NONE', #3343, #2228, #5055, .T. ) ;
#1995 = CARTESIAN_POINT ( 'NONE',  ( -1.270000000000000018, -1.524000000000000021, 0.000000000000000000 ) ) ;
#1996 = DIRECTION ( 'NONE',  ( -1.000000000000000000, 0.000000000000000000, 0.000000000000000000 ) ) ;
#1997 =( GEOMETRIC_REPRESENTATION_CONTEXT ( 3 ) GLOBAL_UNCERTAINTY_ASSIGNED_CONTEXT ( ( #4986 ) ) GLOBAL_UNIT_ASSIGNED_CONTEXT ( ( #56, #2172, #2715 ) ) REPRESENTATION_CONTEXT ( 'NONE', 'WORKASPACE' ) );
#1998 = ORIENTED_EDGE ( 'NONE', *, *, #4264, .F. ) ;
#1999 = STYLED_ITEM ( 'NONE', ( #6941 ), #3519 ) ;
#2000 = LINE ( 'NONE', #4580, #2850 ) ;
#2001 = SURFACE_STYLE_FILL_AREA ( #3907 ) ;
#2002 = VECTOR ( 'NONE', #5940, 1000.000000000000000 ) ;
#2003 = CARTESIAN_POINT ( 'NONE',  ( -0.3200000000000000067, -2.220000000000000195, 8.380000000000000782 ) ) ;
#2004 = ORIENTED_EDGE ( 'NONE', *, *, #6202, .T. ) ;
#2005 = VECTOR ( 'NONE', #2594, 1000.000000000000000 ) ;
#2006 = VERTEX_POINT ( 'NONE', #5226 ) ;
#2007 = AXIS2_PLACEMENT_3D ( 'NONE', #2030, #3424, #1377 ) ;
#2008 = CARTESIAN_POINT ( 'NONE',  ( -0.3200000000000000067, -4.760000000000000675, -2.839999999999999858 ) ) ;
#2009 = MECHANICAL_DESIGN_GEOMETRIC_PRESENTATION_REPRESENTATION (  '', ( #7904 ), #8381 ) ;
#2010 = SURFACE_SIDE_STYLE ('',( #7890 ) ) ;
#2011 = CARTESIAN_POINT ( 'NONE',  ( 0.1600000000000000033, -7.459999999999999964, 8.540000000000000924 ) ) ;
#2012 = MECHANICAL_DESIGN_GEOMETRIC_PRESENTATION_REPRESENTATION (  '', ( #7640 ), #1187 ) ;
#2013 = MECHANICAL_DESIGN_GEOMETRIC_PRESENTATION_REPRESENTATION (  '', ( #5591 ), #3007 ) ;
#2014 = CARTESIAN_POINT ( 'NONE',  ( -0.3200000000000000067, -10.48000000000000043, -3.000000000000000000 ) ) ;
#2015 = DIRECTION ( 'NONE',  ( -0.000000000000000000, 1.000000000000000000, 0.000000000000000000 ) ) ;
#2016 = EDGE_CURVE ( 'NONE', #145, #1537, #584, .T. ) ;
#2017 =( NAMED_UNIT ( * ) SI_UNIT ( $, .STERADIAN. ) SOLID_ANGLE_UNIT ( ) );
#2018 = ORIENTED_EDGE ( 'NONE', *, *, #8295, .T. ) ;
#2019 = MECHANICAL_DESIGN_GEOMETRIC_PRESENTATION_REPRESENTATION (  '', ( #377 ), #6552 ) ;
#2020 = FACE_OUTER_BOUND ( 'NONE', #3448, .T. ) ;
#2021 = SURFACE_STYLE_USAGE ( .BOTH. , #6462 ) ;
#2022 = PRESENTATION_LAYER_ASSIGNMENT (  '', '', ( #5736 ) ) ;
#2023 = FILL_AREA_STYLE_COLOUR ( '', #6203 ) ;
#2024 = ORIENTED_EDGE ( 'NONE', *, *, #8364, .T. ) ;
#2025 = ADVANCED_FACE ( 'NONE', ( #3229 ), #3937, .T. ) ;
#2026 = STYLED_ITEM ( 'NONE', ( #6104 ), #7812 ) ;
#2027 = CARTESIAN_POINT ( 'NONE',  ( -0.3200000000000000067, -9.684999999999998721, 0.000000000000000000 ) ) ;
#2028 = CARTESIAN_POINT ( 'NONE',  ( 0.3200000000000000067, -7.939999999999999503, -3.000000000000000000 ) ) ;
#2029 = SURFACE_STYLE_USAGE ( .BOTH. , #5173 ) ;
#2030 = CARTESIAN_POINT ( 'NONE',  ( 1.270000000000000018, -16.76400000000000290, 0.000000000000000000 ) ) ;
#2031 = VECTOR ( 'NONE', #8260, 1000.000000000000000 ) ;
#2032 = CARTESIAN_POINT ( 'NONE',  ( -1.270000000000000018, -9.144000000000000128, 0.000000000000000000 ) ) ;
#2033 =( LENGTH_UNIT ( ) NAMED_UNIT ( * ) SI_UNIT ( .MILLI., .METRE. ) );
#2034 = SURFACE_STYLE_FILL_AREA ( #3186 ) ;
#2035 = ORIENTED_EDGE ( 'NONE', *, *, #7301, .T. ) ;
#2036 = DIRECTION ( 'NONE',  ( 0.7071067811865474617, -0.7071067811865474617, 0.000000000000000000 ) ) ;
#2037 =( GEOMETRIC_REPRESENTATION_CONTEXT ( 3 ) GLOBAL_UNCERTAINTY_ASSIGNED_CONTEXT ( ( #8120 ) ) GLOBAL_UNIT_ASSIGNED_CONTEXT ( ( #7565, #7111, #6459 ) ) REPRESENTATION_CONTEXT ( 'NONE', 'WORKASPACE' ) );
#2038 = MECHANICAL_DESIGN_GEOMETRIC_PRESENTATION_REPRESENTATION (  '', ( #1775 ), #2896 ) ;
#2039 = EDGE_CURVE ( 'NONE', #6812, #1797, #5783, .T. ) ;
#2040 = DIRECTION ( 'NONE',  ( 0.000000000000000000, 0.000000000000000000, 1.000000000000000000 ) ) ;
#2041 = DIRECTION ( 'NONE',  ( 0.000000000000000000, 1.000000000000000000, 0.000000000000000000 ) ) ;
#2042 = STYLED_ITEM ( 'NONE', ( #7734 ), #7183 ) ;
#2043 = MECHANICAL_DESIGN_GEOMETRIC_PRESENTATION_REPRESENTATION (  '', ( #8244 ), #110 ) ;
#2044 = DIRECTION ( 'NONE',  ( -0.7071067811865474617, -0.7071067811865474617, 0.000000000000000000 ) ) ;
#2045 = ORIENTED_EDGE ( 'NONE', *, *, #2146, .T. ) ;
#2046 = ORIENTED_EDGE ( 'NONE', *, *, #2352, .F. ) ;
#2047 = CARTESIAN_POINT ( 'NONE',  ( -1.270000000000000018, -4.064000000000000057, 2.540000000000000036 ) ) ;
#2048 = LINE ( 'NONE', #3487, #1228 ) ;
#2049 = VECTOR ( 'NONE', #6479, 1000.000000000000000 ) ;
#2050 =( NAMED_UNIT ( * ) SI_UNIT ( $, .STERADIAN. ) SOLID_ANGLE_UNIT ( ) );
#2051 = LINE ( 'NONE', #1397, #6530 ) ;
#2052 = DIRECTION ( 'NONE',  ( 1.000000000000000000, 0.000000000000000000, 0.000000000000000000 ) ) ;
#2053 = VECTOR ( 'NONE', #2933, 1000.000000000000000 ) ;
#2054 = STYLED_ITEM ( 'NONE', ( #6353 ), #2799 ) ;
#2055 = VERTEX_POINT ( 'NONE', #657 ) ;
#2056 = SURFACE_STYLE_FILL_AREA ( #1495 ) ;
#2057 = CARTESIAN_POINT ( 'NONE',  ( 1.016000000000000014, -1.270000000000000018, 0.000000000000000000 ) ) ;
#2058 = CARTESIAN_POINT ( 'NONE',  ( -0.3200000000000000067, -5.320000000000000284, -2.919999999999999929 ) ) ;
#2059 = VECTOR ( 'NONE', #6152, 1000.000000000000000 ) ;
#2060 = EDGE_CURVE ( 'NONE', #5571, #4177, #7797, .T. ) ;
#2061 = UNCERTAINTY_MEASURE_WITH_UNIT (LENGTH_MEASURE( 1.000000000000000082E-05 ), #276, 'distance_accuracy_value', 'NONE');
#2062 =( LENGTH_UNIT ( ) NAMED_UNIT ( * ) SI_UNIT ( .MILLI., .METRE. ) );
#2063 = SURFACE_STYLE_FILL_AREA ( #7482 ) ;
#2064 = EDGE_LOOP ( 'NONE', ( #2045, #2095, #531, #6298 ) ) ;
#2065 = FACE_OUTER_BOUND ( 'NONE', #1609, .T. ) ;
#2066 = FILL_AREA_STYLE ('',( #4013 ) ) ;
#2067 = VECTOR ( 'NONE', #2697, 1000.000000000000000 ) ;
#2068 = ADVANCED_FACE ( 'NONE', ( #7756 ), #621, .F. ) ;
#2069 = SURFACE_STYLE_FILL_AREA ( #228 ) ;
#2070 = COLOUR_RGB ( '',0.8588235294117646523, 0.7372549019607843590, 0.4941176470588235503 ) ;
#2071 = STYLED_ITEM ( 'NONE', ( #6334 ), #1716 ) ;
#2072 = LINE ( 'NONE', #6766, #7577 ) ;
#2073 = FACE_OUTER_BOUND ( 'NONE', #1839, .T. ) ;
#2074 =( NAMED_UNIT ( * ) SI_UNIT ( $, .STERADIAN. ) SOLID_ANGLE_UNIT ( ) );
#2075 = AXIS2_PLACEMENT_3D ( 'NONE', #6932, #3114, #2518 ) ;
#2076 = ORIENTED_EDGE ( 'NONE', *, *, #4592, .T. ) ;
#2077 = CARTESIAN_POINT ( 'NONE',  ( -0.3200000000000000067, -10.48000000000000043, -3.000000000000000000 ) ) ;
#2078 = PLANE ( 'NONE',  #906 ) ;
#2079 =( GEOMETRIC_REPRESENTATION_CONTEXT ( 3 ) GLOBAL_UNCERTAINTY_ASSIGNED_CONTEXT ( ( #3208 ) ) GLOBAL_UNIT_ASSIGNED_CONTEXT ( ( #1951, #6556, #3977 ) ) REPRESENTATION_CONTEXT ( 'NONE', 'WORKASPACE' ) );
#2080 = SURFACE_STYLE_USAGE ( .BOTH. , #4105 ) ;
#2081 = UNCERTAINTY_MEASURE_WITH_UNIT (LENGTH_MEASURE( 1.000000000000000082E-05 ), #4890, 'distance_accuracy_value', 'NONE');
#2082 = SURFACE_SIDE_STYLE ('',( #6776 ) ) ;
#2083 = ORIENTED_EDGE ( 'NONE', *, *, #291, .F. ) ;
#2084 = CARTESIAN_POINT ( 'NONE',  ( -0.1600000000000000033, -4.760000000000000675, 2.540000000000000036 ) ) ;
#2085 = ORIENTED_EDGE ( 'NONE', *, *, #6531, .F. ) ;
#2086 = LINE ( 'NONE', #7811, #8452 ) ;
#2087 = DIRECTION ( 'NONE',  ( -0.5773502691896257311, 0.5773502691896257311, 0.5773502691896257311 ) ) ;
#2088 = CARTESIAN_POINT ( 'NONE',  ( -0.3200000000000000067, -7.939999999999999503, 8.380000000000000782 ) ) ;
#2089 = PRESENTATION_STYLE_ASSIGNMENT (( #3445 ) ) ;
#2090 = DIRECTION ( 'NONE',  ( 0.000000000000000000, 0.000000000000000000, 1.000000000000000000 ) ) ;
#2091 =( LENGTH_UNIT ( ) NAMED_UNIT ( * ) SI_UNIT ( .MILLI., .METRE. ) );
#2092 = LINE ( 'NONE', #2763, #7209 ) ;
#2093 = ORIENTED_EDGE ( 'NONE', *, *, #2252, .F. ) ;
#2094 = EDGE_CURVE ( 'NONE', #1023, #7309, #5129, .T. ) ;
#2095 = ORIENTED_EDGE ( 'NONE', *, *, #5032, .T. ) ;
#2096 = PLANE ( 'NONE',  #6020 ) ;
#2097 =( LENGTH_UNIT ( ) NAMED_UNIT ( * ) SI_UNIT ( .MILLI., .METRE. ) );
#2098 = LINE ( 'NONE', #4639, #8474 ) ;
#2099 = EDGE_CURVE ( 'NONE', #623, #6216, #1868, .T. ) ;
#2100 =( NAMED_UNIT ( * ) SI_UNIT ( $, .STERADIAN. ) SOLID_ANGLE_UNIT ( ) );
#2101 = FACE_OUTER_BOUND ( 'NONE', #3566, .T. ) ;
#2102 = ORIENTED_EDGE ( 'NONE', *, *, #7612, .F. ) ;
#2103 = FILL_AREA_STYLE_COLOUR ( '', #41 ) ;
#2104 = EDGE_CURVE ( 'NONE', #5064, #5817, #6558, .T. ) ;
#2105 = FACE_OUTER_BOUND ( 'NONE', #964, .T. ) ;
#2106 = CARTESIAN_POINT ( 'NONE',  ( 1.270000000000000018, -18.79599999999999937, 0.000000000000000000 ) ) ;
#2107 =( NAMED_UNIT ( * ) PLANE_ANGLE_UNIT ( ) SI_UNIT ( $, .RADIAN. ) );
#2108 = PRODUCT_DEFINITION_SHAPE ( 'NONE', 'NONE',  #8530 ) ;
#2109 = SURFACE_STYLE_USAGE ( .BOTH. , #7916 ) ;
#2110 = COLOUR_RGB ( '',0.8588235294117646523, 0.7372549019607843590, 0.4941176470588235503 ) ;
#2111 =( NAMED_UNIT ( * ) PLANE_ANGLE_UNIT ( ) SI_UNIT ( $, .RADIAN. ) );
#2112 = FACE_OUTER_BOUND ( 'NONE', #4542, .T. ) ;
#2113 = ORIENTED_EDGE ( 'NONE', *, *, #3494, .F. ) ;
#2114 = SURFACE_STYLE_FILL_AREA ( #2785 ) ;
#2115 = LINE ( 'NONE', #5344, #6815 ) ;
#2116 = ORIENTED_EDGE ( 'NONE', *, *, #6675, .T. ) ;
#2117 = CARTESIAN_POINT ( 'NONE',  ( 1.016000000000000014, -8.890000000000000568, 0.000000000000000000 ) ) ;
#2118 = PRESENTATION_LAYER_ASSIGNMENT (  '', '', ( #4461 ) ) ;
#2119 = FILL_AREA_STYLE ('',( #3947 ) ) ;
#2120 = FACE_OUTER_BOUND ( 'NONE', #2597, .T. ) ;
#2121 = VECTOR ( 'NONE', #3639, 1000.000000000000000 ) ;
#2122 = DIRECTION ( 'NONE',  ( 0.7071067811865475727, -0.7071067811865475727, 0.000000000000000000 ) ) ;
#2123 = ORIENTED_EDGE ( 'NONE', *, *, #1061, .T. ) ;
#2124 = PRESENTATION_STYLE_ASSIGNMENT (( #1390 ) ) ;
#2125 = EDGE_LOOP ( 'NONE', ( #6051, #5269, #3072, #988 ) ) ;
#2126 = STYLED_ITEM ( 'NONE', ( #2749 ), #4006 ) ;
#2127 = ORIENTED_EDGE ( 'NONE', *, *, #3801, .F. ) ;
#2128 = ADVANCED_FACE ( 'NONE', ( #2073 ), #868, .F. ) ;
#2129 = LINE ( 'NONE', #2008, #5765 ) ;
#2130 = FILL_AREA_STYLE ('',( #4632 ) ) ;
#2131 =( LENGTH_UNIT ( ) NAMED_UNIT ( * ) SI_UNIT ( .MILLI., .METRE. ) );
#2132 = VECTOR ( 'NONE', #1485, 1000.000000000000000 ) ;
#2133 = VECTOR ( 'NONE', #6520, 1000.000000000000000 ) ;
#2134 = DIRECTION ( 'NONE',  ( 0.000000000000000000, 1.000000000000000000, 0.000000000000000000 ) ) ;
#2135 = PLANE ( 'NONE',  #5463 ) ;
#2136 = DIRECTION ( 'NONE',  ( -1.735167508356890344E-18, -0.7071067811865475727, 0.7071067811865475727 ) ) ;
#2137 = VERTEX_POINT ( 'NONE', #6635 ) ;
#2138 = CARTESIAN_POINT ( 'NONE',  ( -0.1600000000000000033, -2.860000000000000320, 0.000000000000000000 ) ) ;
#2139 = EDGE_LOOP ( 'NONE', ( #5037, #3442, #6352, #2306 ) ) ;
#2140 = STYLED_ITEM ( 'NONE', ( #2940 ), #6669 ) ;
#2141 = ORIENTED_EDGE ( 'NONE', *, *, #5798, .F. ) ;
#2142 = SURFACE_STYLE_FILL_AREA ( #5961 ) ;
#2143 = MECHANICAL_DESIGN_GEOMETRIC_PRESENTATION_REPRESENTATION (  '', ( #3547 ), #6966 ) ;
#2144 = COLOUR_RGB ( '',0.1450980392156862586, 0.1411764705882352922, 0.1411764705882352922 ) ;
#2145 = CARTESIAN_POINT ( 'NONE',  ( 0.3200000000000000067, -13.01999999999999957, -3.000000000000000000 ) ) ;
#2146 = EDGE_CURVE ( 'NONE', #266, #4479, #4187, .T. ) ;
#2147 = EDGE_CURVE ( 'NONE', #3248, #6146, #776, .T. ) ;
#2148 = UNCERTAINTY_MEASURE_WITH_UNIT (LENGTH_MEASURE( 1.000000000000000082E-05 ), #4705, 'distance_accuracy_value', 'NONE');
#2149 = ORIENTED_EDGE ( 'NONE', *, *, #4090, .T. ) ;
#2150 = SURFACE_STYLE_USAGE ( .BOTH. , #3503 ) ;
#2151 = FILL_AREA_STYLE ('',( #3600 ) ) ;
#2152 = COLOUR_RGB ( '',0.8588235294117646523, 0.7372549019607843590, 0.4941176470588235503 ) ;
#2153 = COLOUR_RGB ( '',0.8588235294117646523, 0.7372549019607843590, 0.4941176470588235503 ) ;
#2154 = ORIENTED_EDGE ( 'NONE', *, *, #2824, .F. ) ;
#2155 = SURFACE_SIDE_STYLE ('',( #1460 ) ) ;
#2156 = CARTESIAN_POINT ( 'NONE',  ( 1.270000000000000018, -1.016000000000000014, 0.000000000000000000 ) ) ;
#2157 = MECHANICAL_DESIGN_GEOMETRIC_PRESENTATION_REPRESENTATION (  '', ( #7114 ), #3282 ) ;
#2158 = CARTESIAN_POINT ( 'NONE',  ( 0.3200000000000000067, -4.760000000000000675, -3.000000000000000000 ) ) ;
#2159 = SURFACE_SIDE_STYLE ('',( #310 ) ) ;
#2160 = DIRECTION ( 'NONE',  ( 0.000000000000000000, -0.7071067811865475727, 0.7071067811865475727 ) ) ;
#2161 = ORIENTED_EDGE ( 'NONE', *, *, #2432, .F. ) ;
#2162 = VERTEX_POINT ( 'NONE', #2930 ) ;
#2163 = EDGE_LOOP ( 'NONE', ( #6141, #7505, #7290, #7688 ) ) ;
#2164 = SURFACE_STYLE_USAGE ( .BOTH. , #5428 ) ;
#2165 = SURFACE_STYLE_FILL_AREA ( #7313 ) ;
#2166 = DIRECTION ( 'NONE',  ( 0.000000000000000000, 0.000000000000000000, 1.000000000000000000 ) ) ;
#2167 = EDGE_CURVE ( 'NONE', #7787, #6945, #3567, .T. ) ;
#2168 = DIRECTION ( 'NONE',  ( 0.000000000000000000, -0.7071067811865475727, 0.7071067811865475727 ) ) ;
#2169 = UNCERTAINTY_MEASURE_WITH_UNIT (LENGTH_MEASURE( 1.000000000000000082E-05 ), #3582, 'distance_accuracy_value', 'NONE');
#2170 = DIRECTION ( 'NONE',  ( 0.000000000000000000, -1.000000000000000000, -2.453897423307444850E-18 ) ) ;
#2171 = ORIENTED_EDGE ( 'NONE', *, *, #547, .F. ) ;
#2172 =( NAMED_UNIT ( * ) PLANE_ANGLE_UNIT ( ) SI_UNIT ( $, .RADIAN. ) );
#2173 = ORIENTED_EDGE ( 'NONE', *, *, #4791, .F. ) ;
#2174 = STYLED_ITEM ( 'NONE', ( #6158 ), #8126 ) ;
#2175 = AXIS2_PLACEMENT_3D ( 'NONE', #723, #2735, #3367 ) ;
#2176 = ORIENTED_EDGE ( 'NONE', *, *, #3846, .F. ) ;
#2177 = CARTESIAN_POINT ( 'NONE',  ( -0.3200000000000000067, -7.939999999999999503, 8.380000000000000782 ) ) ;
#2178 = EDGE_CURVE ( 'NONE', #6146, #2744, #3432, .T. ) ;
#2179 = CARTESIAN_POINT ( 'NONE',  ( 1.270000000000000018, -11.68399999999999928, 2.540000000000000036 ) ) ;
#2180 = SURFACE_SIDE_STYLE ('',( #969 ) ) ;
#2181 = VECTOR ( 'NONE', #432, 1000.000000000000000 ) ;
#2182 = DIRECTION ( 'NONE',  ( 0.000000000000000000, 0.000000000000000000, 1.000000000000000000 ) ) ;
#2183 = SURFACE_SIDE_STYLE ('',( #4033 ) ) ;
#2184 = PRESENTATION_STYLE_ASSIGNMENT (( #7514 ) ) ;
#2185 = ORIENTED_EDGE ( 'NONE', *, *, #1398, .F. ) ;
#2186 = SURFACE_SIDE_STYLE ('',( #2686 ) ) ;
#2187 = ORIENTED_EDGE ( 'NONE', *, *, #5568, .F. ) ;
#2188 = CONTEXT_DEPENDENT_SHAPE_REPRESENTATION ( #1127, #2108 ) ;
#2189 = ORIENTED_EDGE ( 'NONE', *, *, #4983, .F. ) ;
#2190 = PRODUCT_DEFINITION_SHAPE ( 'NONE', 'NONE',  #8529 ) ;
#2191 =( NAMED_UNIT ( * ) PLANE_ANGLE_UNIT ( ) SI_UNIT ( $, .RADIAN. ) );
#2192 = MECHANICAL_DESIGN_GEOMETRIC_PRESENTATION_REPRESENTATION (  '', ( #4935 ), #2350 ) ;
#2193 = CARTESIAN_POINT ( 'NONE',  ( 1.270000000000000018, -8.635999999999999233, 0.000000000000000000 ) ) ;
#2194 =( NAMED_UNIT ( * ) SI_UNIT ( $, .STERADIAN. ) SOLID_ANGLE_UNIT ( ) );
#2195 = PRESENTATION_STYLE_ASSIGNMENT (( #8040 ) ) ;
#2196 = COLOUR_RGB ( '',0.8588235294117646523, 0.7372549019607843590, 0.4941176470588235503 ) ;
#2197 =( GEOMETRIC_REPRESENTATION_CONTEXT ( 3 ) GLOBAL_UNCERTAINTY_ASSIGNED_CONTEXT ( ( #1281 ) ) GLOBAL_UNIT_ASSIGNED_CONTEXT ( ( #456, #5009, #2544 ) ) REPRESENTATION_CONTEXT ( 'NONE', 'WORKASPACE' ) );
#2198 = ORIENTED_EDGE ( 'NONE', *, *, #3098, .F. ) ;
#2199 = PLANE ( 'NONE',  #7437 ) ;
#2200 =( LENGTH_UNIT ( ) NAMED_UNIT ( * ) SI_UNIT ( .MILLI., .METRE. ) );
#2201 = EDGE_LOOP ( 'NONE', ( #7132, #7110, #2951, #4989 ) ) ;
#2202 = PRESENTATION_STYLE_ASSIGNMENT (( #222 ) ) ;
#2203 = DIRECTION ( 'NONE',  ( 0.000000000000000000, -1.000000000000000000, -2.453897423307444850E-18 ) ) ;
#2204 = FILL_AREA_STYLE_COLOUR ( '', #5652 ) ;
#2205 = LINE ( 'NONE', #3560, #2059 ) ;
#2206 = STYLED_ITEM ( 'NONE', ( #316 ), #7593 ) ;
#2207 =( GEOMETRIC_REPRESENTATION_CONTEXT ( 3 ) GLOBAL_UNCERTAINTY_ASSIGNED_CONTEXT ( ( #1366 ) ) GLOBAL_UNIT_ASSIGNED_CONTEXT ( ( #2505, #4415, #1191 ) ) REPRESENTATION_CONTEXT ( 'NONE', 'WORKASPACE' ) );
#2208 = PRESENTATION_STYLE_ASSIGNMENT (( #2109 ) ) ;
#2209 = DIRECTION ( 'NONE',  ( -0.000000000000000000, 1.000000000000000000, 0.000000000000000000 ) ) ;
#2210 = FACE_OUTER_BOUND ( 'NONE', #4312, .T. ) ;
#2211 =( NAMED_UNIT ( * ) SI_UNIT ( $, .STERADIAN. ) SOLID_ANGLE_UNIT ( ) );
#2212 = ORIENTED_EDGE ( 'NONE', *, *, #3288, .F. ) ;
#2213 = ORIENTED_EDGE ( 'NONE', *, *, #4392, .T. ) ;
#2214 = PLANE ( 'NONE',  #5923 ) ;
#2215 = PRESENTATION_LAYER_ASSIGNMENT (  '', '', ( #3999 ) ) ;
#2216 = ORIENTED_EDGE ( 'NONE', *, *, #6045, .F. ) ;
#2217 = DIRECTION ( 'NONE',  ( 0.000000000000000000, 1.000000000000000000, 0.000000000000000000 ) ) ;
#2218 = AXIS2_PLACEMENT_3D ( 'NONE', #3084, #8281, #1777 ) ;
#2219 = LINE ( 'NONE', #2790, #4407 ) ;
#2220 = DIRECTION ( 'NONE',  ( 1.000000000000000000, 0.000000000000000000, -2.453897423307444850E-18 ) ) ;
#2221 = CARTESIAN_POINT ( 'NONE',  ( 1.270000000000000018, -11.17600000000000016, 2.540000000000000036 ) ) ;
#2222 = EDGE_CURVE ( 'NONE', #3188, #4070, #5343, .T. ) ;
#2223 = VECTOR ( 'NONE', #2298, 1000.000000000000000 ) ;
#2224 = VECTOR ( 'NONE', #6756, 1000.000000000000114 ) ;
#2225 = DIRECTION ( 'NONE',  ( -0.7071067811865475727, -0.7071067811865475727, 0.000000000000000000 ) ) ;
#2226 = ORIENTED_EDGE ( 'NONE', *, *, #3373, .T. ) ;
#2227 = FILL_AREA_STYLE_COLOUR ( '', #1866 ) ;
#2228 = VERTEX_POINT ( 'NONE', #1421 ) ;
#2229 = ORIENTED_EDGE ( 'NONE', *, *, #7934, .T. ) ;
#2230 =( LENGTH_UNIT ( ) NAMED_UNIT ( * ) SI_UNIT ( .MILLI., .METRE. ) );
#2231 =( NAMED_UNIT ( * ) SI_UNIT ( $, .STERADIAN. ) SOLID_ANGLE_UNIT ( ) );
#2232 = ADVANCED_FACE ( 'NONE', ( #6677 ), #2214, .F. ) ;
#2233 = MECHANICAL_DESIGN_GEOMETRIC_PRESENTATION_REPRESENTATION (  '', ( #1375 ), #581 ) ;
#2234 = VECTOR ( 'NONE', #985, 1000.000000000000000 ) ;
#2235 = LINE ( 'NONE', #7512, #1588 ) ;
#2236 = FILL_AREA_STYLE ('',( #3536 ) ) ;
#2237 = CARTESIAN_POINT ( 'NONE',  ( 0.2400000000000000189, -15.55999999999999872, -2.919999999999999929 ) ) ;
#2238 = SURFACE_STYLE_FILL_AREA ( #6180 ) ;
#2239 =( GEOMETRIC_REPRESENTATION_CONTEXT ( 3 ) GLOBAL_UNCERTAINTY_ASSIGNED_CONTEXT ( ( #6708 ) ) GLOBAL_UNIT_ASSIGNED_CONTEXT ( ( #1516, #6723, #6071 ) ) REPRESENTATION_CONTEXT ( 'NONE', 'WORKASPACE' ) );
#2240 = EDGE_CURVE ( 'NONE', #4638, #3577, #6994, .T. ) ;
#2241 =( NAMED_UNIT ( * ) SI_UNIT ( $, .STERADIAN. ) SOLID_ANGLE_UNIT ( ) );
#2242 = VERTEX_POINT ( 'NONE', #6862 ) ;
#2243 = APPLICATION_PROTOCOL_DEFINITION ( 'draft international standard', 'automotive_design', 1998, #4809 ) ;
#2244 = VECTOR ( 'NONE', #385, 1000.000000000000114 ) ;
#2245 = ORIENTED_EDGE ( 'NONE', *, *, #5092, .T. ) ;
#2246 = DIRECTION ( 'NONE',  ( 1.000000000000000000, 0.000000000000000000, 0.000000000000000000 ) ) ;
#2247 =( LENGTH_UNIT ( ) NAMED_UNIT ( * ) SI_UNIT ( .MILLI., .METRE. ) );
#2248 = LINE ( 'NONE', #6327, #8277 ) ;
#2249 = PRESENTATION_LAYER_ASSIGNMENT (  '', '', ( #3898 ) ) ;
#2250 = DIRECTION ( 'NONE',  ( -0.7071067811865475727, 0.7071067811865475727, 0.000000000000000000 ) ) ;
#2251 = UNCERTAINTY_MEASURE_WITH_UNIT (LENGTH_MEASURE( 1.000000000000000082E-05 ), #8081, 'distance_accuracy_value', 'NONE');
#2252 = EDGE_CURVE ( 'NONE', #2055, #3790, #6210, .T. ) ;
#2253 = ORIENTED_EDGE ( 'NONE', *, *, #1753, .F. ) ;
#2254 = SURFACE_STYLE_FILL_AREA ( #8190 ) ;
#2255 = VECTOR ( 'NONE', #3774, 1000.000000000000000 ) ;
#2256 = SURFACE_STYLE_FILL_AREA ( #6147 ) ;
#2257 = VERTEX_POINT ( 'NONE', #8377 ) ;
#2258 = LINE ( 'NONE', #8000, #5864 ) ;
#2259 = SURFACE_STYLE_USAGE ( .BOTH. , #5602 ) ;
#2260 = FACE_OUTER_BOUND ( 'NONE', #388, .T. ) ;
#2261 = LINE ( 'NONE', #7528, #1967 ) ;
#2262 = CARTESIAN_POINT ( 'NONE',  ( 0.3200000000000000067, -2.220000000000000195, -3.000000000000000000 ) ) ;
#2263 = SURFACE_STYLE_USAGE ( .BOTH. , #6809 ) ;
#2264 = DIRECTION ( 'NONE',  ( 1.000000000000000000, 0.000000000000000000, 0.000000000000000000 ) ) ;
#2265 = ORIENTED_EDGE ( 'NONE', *, *, #3252, .F. ) ;
#2266 = VERTEX_POINT ( 'NONE', #412 ) ;
#2267 = FILL_AREA_STYLE_COLOUR ( '', #3886 ) ;
#2268 = VERTEX_POINT ( 'NONE', #2969 ) ;
#2269 = SURFACE_STYLE_FILL_AREA ( #8293 ) ;
#2270 = LINE ( 'NONE', #3521, #5501 ) ;
#2271 = VECTOR ( 'NONE', #2446, 1000.000000000000000 ) ;
#2272 = SURFACE_STYLE_USAGE ( .BOTH. , #5655 ) ;
#2273 = ADVANCED_FACE ( 'NONE', ( #5087 ), #1129, .F. ) ;
#2274 = EDGE_CURVE ( 'NONE', #4719, #3790, #3011, .T. ) ;
#2275 = UNCERTAINTY_MEASURE_WITH_UNIT (LENGTH_MEASURE( 1.000000000000000082E-05 ), #4956, 'distance_accuracy_value', 'NONE');
#2276 = VECTOR ( 'NONE', #4462, 1000.000000000000114 ) ;
#2277 = CARTESIAN_POINT ( 'NONE',  ( -1.270000000000000018, -14.22400000000000020, 0.000000000000000000 ) ) ;
#2278 = ORIENTED_EDGE ( 'NONE', *, *, #7296, .F. ) ;
#2279 = DIRECTION ( 'NONE',  ( 0.000000000000000000, 0.000000000000000000, 1.000000000000000000 ) ) ;
#2280 = ORIENTED_EDGE ( 'NONE', *, *, #3655, .T. ) ;
#2281 = VERTEX_POINT ( 'NONE', #8328 ) ;
#2282 = DIRECTION ( 'NONE',  ( -0.7071067811865474617, 0.7071067811865474617, 0.000000000000000000 ) ) ;
#2283 = VECTOR ( 'NONE', #7166, 1000.000000000000000 ) ;
#2284 = LINE ( 'NONE', #2088, #2431 ) ;
#2285 = DIRECTION ( 'NONE',  ( 1.000000000000000000, 0.000000000000000000, -2.453897423307444850E-18 ) ) ;
#2286 = DIRECTION ( 'NONE',  ( 0.000000000000000000, 0.000000000000000000, 1.000000000000000000 ) ) ;
#2287 = AXIS2_PLACEMENT_3D ( 'NONE', #4593, #2520, #4510 ) ;
#2288 = PRESENTATION_LAYER_ASSIGNMENT (  '', '', ( #4733 ) ) ;
#2289 = FILL_AREA_STYLE ('',( #6880 ) ) ;
#2290 = SURFACE_SIDE_STYLE ('',( #3070 ) ) ;
#2291 = FILL_AREA_STYLE ('',( #4208 ) ) ;
#2292 = ORIENTED_EDGE ( 'NONE', *, *, #2178, .T. ) ;
#2293 = DIRECTION ( 'NONE',  ( -1.735167508356890344E-18, 0.7071067811865475727, -0.7071067811865475727 ) ) ;
#2294 = ORIENTED_EDGE ( 'NONE', *, *, #5530, .F. ) ;
#2295 = ORIENTED_EDGE ( 'NONE', *, *, #5543, .F. ) ;
#2296 = DIRECTION ( 'NONE',  ( 0.000000000000000000, 0.000000000000000000, 1.000000000000000000 ) ) ;
#2297 = STYLED_ITEM ( 'NONE', ( #550 ), #4489 ) ;
#2298 = DIRECTION ( 'NONE',  ( 0.000000000000000000, 1.000000000000000000, 0.000000000000000000 ) ) ;
#2299 = MECHANICAL_DESIGN_GEOMETRIC_PRESENTATION_REPRESENTATION (  '', ( #70 ), #5158 ) ;
#2300 =( NAMED_UNIT ( * ) SI_UNIT ( $, .STERADIAN. ) SOLID_ANGLE_UNIT ( ) );
#2301 = EDGE_CURVE ( 'NONE', #4742, #6812, #6946, .T. ) ;
#2302 =( GEOMETRIC_REPRESENTATION_CONTEXT ( 3 ) GLOBAL_UNCERTAINTY_ASSIGNED_CONTEXT ( ( #6981 ) ) GLOBAL_UNIT_ASSIGNED_CONTEXT ( ( #6915, #5572, #4323 ) ) REPRESENTATION_CONTEXT ( 'NONE', 'WORKASPACE' ) );
#2303 = ORIENTED_EDGE ( 'NONE', *, *, #284, .T. ) ;
#2304 =( LENGTH_UNIT ( ) NAMED_UNIT ( * ) SI_UNIT ( .MILLI., .METRE. ) );
#2305 = LINE ( 'NONE', #1638, #664 ) ;
#2306 = ORIENTED_EDGE ( 'NONE', *, *, #315, .F. ) ;
#2307 = AXIS2_PLACEMENT_3D ( 'NONE', #6519, #7879, #2548 ) ;
#2308 = CARTESIAN_POINT ( 'NONE',  ( -1.016000000000000014, -13.97000000000000064, 0.000000000000000000 ) ) ;
#2309 = PLANE ( 'NONE',  #6269 ) ;
#2310 = CARTESIAN_POINT ( 'NONE',  ( 0.3200000000000000067, -13.49499999999999922, 2.540000000000000036 ) ) ;
#2311 = VECTOR ( 'NONE', #450, 1000.000000000000000 ) ;
#2312 = VECTOR ( 'NONE', #4103, 1000.000000000000000 ) ;
#2313 = EDGE_CURVE ( 'NONE', #7452, #7278, #6343, .T. ) ;
#2314 = SURFACE_SIDE_STYLE ('',( #7572 ) ) ;
#2315 = DIRECTION ( 'NONE',  ( 0.000000000000000000, 1.000000000000000000, 0.000000000000000000 ) ) ;
#2316 = ORIENTED_EDGE ( 'NONE', *, *, #5112, .F. ) ;
#2317 = VERTEX_POINT ( 'NONE', #486 ) ;
#2318 = DIRECTION ( 'NONE',  ( 1.000000000000000000, 0.000000000000000000, 0.000000000000000000 ) ) ;
#2319 = STYLED_ITEM ( 'NONE', ( #3371 ), #472 ) ;
#2320 =( NAMED_UNIT ( * ) SI_UNIT ( $, .STERADIAN. ) SOLID_ANGLE_UNIT ( ) );
#2321 =( NAMED_UNIT ( * ) PLANE_ANGLE_UNIT ( ) SI_UNIT ( $, .RADIAN. ) );
#2322 = COLOUR_RGB ( '',0.8588235294117646523, 0.7372549019607843590, 0.4941176470588235503 ) ;
#2323 = CARTESIAN_POINT ( 'NONE',  ( 1.270000000000000018, -6.096000000000000085, 2.540000000000000036 ) ) ;
#2324 =( NAMED_UNIT ( * ) PLANE_ANGLE_UNIT ( ) SI_UNIT ( $, .RADIAN. ) );
#2325 = FACE_OUTER_BOUND ( 'NONE', #8404, .T. ) ;
#2326 = VERTEX_POINT ( 'NONE', #2359 ) ;
#2327 = ORIENTED_EDGE ( 'NONE', *, *, #6817, .F. ) ;
#2328 = EDGE_LOOP ( 'NONE', ( #8420, #8447, #3673, #822 ) ) ;
#2329 = EDGE_CURVE ( 'NONE', #6846, #4738, #7576, .T. ) ;
#2330 = FILL_AREA_STYLE ('',( #2800 ) ) ;
#2331 =( GEOMETRIC_REPRESENTATION_CONTEXT ( 3 ) GLOBAL_UNCERTAINTY_ASSIGNED_CONTEXT ( ( #7674 ) ) GLOBAL_UNIT_ASSIGNED_CONTEXT ( ( #3357, #798, #2684 ) ) REPRESENTATION_CONTEXT ( 'NONE', 'WORKASPACE' ) );
#2332 = CARTESIAN_POINT ( 'NONE',  ( -0.3200000000000000067, -2.299999999999999822, 8.460000000000000853 ) ) ;
#2333 = DIRECTION ( 'NONE',  ( 0.000000000000000000, 1.000000000000000000, 0.000000000000000000 ) ) ;
#2334 = CARTESIAN_POINT ( 'NONE',  ( 0.3200000000000000067, -14.91999999999999993, -3.000000000000000000 ) ) ;
#2335 = VECTOR ( 'NONE', #6443, 1000.000000000000000 ) ;
#2336 = VECTOR ( 'NONE', #4088, 1000.000000000000000 ) ;
#2337 =( NAMED_UNIT ( * ) SI_UNIT ( $, .STERADIAN. ) SOLID_ANGLE_UNIT ( ) );
#2338 = CARTESIAN_POINT ( 'NONE',  ( -0.3200000000000000067, -0.3200000000000000067, -3.000000000000000000 ) ) ;
#2339 = ORIENTED_EDGE ( 'NONE', *, *, #1334, .F. ) ;
#2340 = ORIENTED_EDGE ( 'NONE', *, *, #3544, .F. ) ;
#2341 = SURFACE_STYLE_FILL_AREA ( #4340 ) ;
#2342 = LINE ( 'NONE', #2193, #5676 ) ;
#2343 = PRESENTATION_LAYER_ASSIGNMENT (  '', '', ( #6013 ) ) ;
#2344 = VECTOR ( 'NONE', #810, 1000.000000000000000 ) ;
#2345 = LINE ( 'NONE', #7556, #482 ) ;
#2346 = FILL_AREA_STYLE ('',( #5719 ) ) ;
#2347 = UNCERTAINTY_MEASURE_WITH_UNIT (LENGTH_MEASURE( 1.000000000000000082E-05 ), #3951, 'distance_accuracy_value', 'NONE');
#2348 = ORIENTED_EDGE ( 'NONE', *, *, #5201, .F. ) ;
#2349 = CARTESIAN_POINT ( 'NONE',  ( -0.3200000000000000067, -5.400000000000000355, 8.380000000000000782 ) ) ;
#2350 =( GEOMETRIC_REPRESENTATION_CONTEXT ( 3 ) GLOBAL_UNCERTAINTY_ASSIGNED_CONTEXT ( ( #3393 ) ) GLOBAL_UNIT_ASSIGNED_CONTEXT ( ( #1585, #6887, #3112 ) ) REPRESENTATION_CONTEXT ( 'NONE', 'WORKASPACE' ) );
#2351 = VERTEX_POINT ( 'NONE', #446 ) ;
#2352 = EDGE_CURVE ( 'NONE', #240, #103, #1038, .T. ) ;
#2353 =( NAMED_UNIT ( * ) PLANE_ANGLE_UNIT ( ) SI_UNIT ( $, .RADIAN. ) );
#2354 = DIRECTION ( 'NONE',  ( 1.000000000000000000, 0.000000000000000000, 0.000000000000000000 ) ) ;
#2355 = SURFACE_STYLE_USAGE ( .BOTH. , #2442 ) ;
#2356 = EDGE_LOOP ( 'NONE', ( #7645, #1036, #2444, #8510 ) ) ;
#2357 = VERTEX_POINT ( 'NONE', #2402 ) ;
#2358 = ADVANCED_FACE ( 'NONE', ( #3093 ), #5685, .T. ) ;
#2359 = CARTESIAN_POINT ( 'NONE',  ( -0.3200000000000000067, -15.55999999999999872, 8.380000000000000782 ) ) ;
#2360 = PRESENTATION_LAYER_ASSIGNMENT (  '', '', ( #4811 ) ) ;
#2361 = MECHANICAL_DESIGN_GEOMETRIC_PRESENTATION_REPRESENTATION (  '', ( #475 ), #6725 ) ;
#2362 = CARTESIAN_POINT ( 'NONE',  ( -0.3200000000000000067, -10.48000000000000043, 0.000000000000000000 ) ) ;
#2363 = SURFACE_STYLE_FILL_AREA ( #6302 ) ;
#2364 = FILL_AREA_STYLE_COLOUR ( '', #4068 ) ;
#2365 = UNCERTAINTY_MEASURE_WITH_UNIT (LENGTH_MEASURE( 1.000000000000000082E-05 ), #5629, 'distance_accuracy_value', 'NONE');
#2366 = SURFACE_STYLE_USAGE ( .BOTH. , #1001 ) ;
#2367 = ORIENTED_EDGE ( 'NONE', *, *, #3144, .T. ) ;
#2368 = VECTOR ( 'NONE', #4131, 1000.000000000000114 ) ;
#2369 = ORIENTED_EDGE ( 'NONE', *, *, #326, .F. ) ;
#2370 = SURFACE_SIDE_STYLE ('',( #379 ) ) ;
#2371 = EDGE_CURVE ( 'NONE', #1459, #2228, #1825, .T. ) ;
#2372 =( GEOMETRIC_REPRESENTATION_CONTEXT ( 3 ) GLOBAL_UNCERTAINTY_ASSIGNED_CONTEXT ( ( #2702 ) ) GLOBAL_UNIT_ASSIGNED_CONTEXT ( ( #258, #1632, #6930 ) ) REPRESENTATION_CONTEXT ( 'NONE', 'WORKASPACE' ) );
#2373 = FILL_AREA_STYLE ('',( #5012 ) ) ;
#2374 = FILL_AREA_STYLE ('',( #3065 ) ) ;
#2375 = MECHANICAL_DESIGN_GEOMETRIC_PRESENTATION_REPRESENTATION (  '', ( #4962 ), #1938 ) ;
#2376 = STYLED_ITEM ( 'NONE', ( #4303 ), #5972 ) ;
#2377 = CARTESIAN_POINT ( 'NONE',  ( -0.3200000000000000067, -12.38000000000000078, 0.000000000000000000 ) ) ;
#2378 = LINE ( 'NONE', #6401, #5900 ) ;
#2379 = ORIENTED_EDGE ( 'NONE', *, *, #7, .F. ) ;
#2380 = CARTESIAN_POINT ( 'NONE',  ( -0.3200000000000000067, -13.01999999999999957, -2.839999999999999858 ) ) ;
#2381 = ORIENTED_EDGE ( 'NONE', *, *, #6278, .T. ) ;
#2382 =( GEOMETRIC_REPRESENTATION_CONTEXT ( 3 ) GLOBAL_UNCERTAINTY_ASSIGNED_CONTEXT ( ( #1822 ) ) GLOBAL_UNIT_ASSIGNED_CONTEXT ( ( #3703, #8296, #7627 ) ) REPRESENTATION_CONTEXT ( 'NONE', 'WORKASPACE' ) );
#2383 = COLOUR_RGB ( '',0.8588235294117646523, 0.7372549019607843590, 0.4941176470588235503 ) ;
#2384 = PLANE ( 'NONE',  #6345 ) ;
#2385 = FACE_OUTER_BOUND ( 'NONE', #286, .T. ) ;
#2386 = PRESENTATION_LAYER_ASSIGNMENT (  '', '', ( #3338 ) ) ;
#2387 = VECTOR ( 'NONE', #6633, 1000.000000000000114 ) ;
#2388 = ADVANCED_FACE ( 'NONE', ( #5190 ), #1904, .T. ) ;
#2389 = FILL_AREA_STYLE ('',( #3723 ) ) ;
#2390 = DIRECTION ( 'NONE',  ( 0.7071067811865474617, 0.7071067811865474617, 0.000000000000000000 ) ) ;
#2391 = ORIENTED_EDGE ( 'NONE', *, *, #6431, .T. ) ;
#2392 =( LENGTH_UNIT ( ) NAMED_UNIT ( * ) SI_UNIT ( .MILLI., .METRE. ) );
#2393 = LINE ( 'NONE', #6897, #3461 ) ;
#2394 = EDGE_CURVE ( 'NONE', #1903, #3060, #2577, .T. ) ;
#2395 = CARTESIAN_POINT ( 'NONE',  ( -0.1600000000000000033, -10.48000000000000043, 8.540000000000000924 ) ) ;
#2396 =( NAMED_UNIT ( * ) SI_UNIT ( $, .STERADIAN. ) SOLID_ANGLE_UNIT ( ) );
#2397 = DIRECTION ( 'NONE',  ( -0.7071067811865475727, -1.735167508356888803E-18, -0.7071067811865475727 ) ) ;
#2398 = EDGE_CURVE ( 'NONE', #8044, #7243, #1943, .T. ) ;
#2399 = ORIENTED_EDGE ( 'NONE', *, *, #5187, .T. ) ;
#2400 = ORIENTED_EDGE ( 'NONE', *, *, #7889, .F. ) ;
#2401 =( GEOMETRIC_REPRESENTATION_CONTEXT ( 3 ) GLOBAL_UNCERTAINTY_ASSIGNED_CONTEXT ( ( #540 ) ) GLOBAL_UNIT_ASSIGNED_CONTEXT ( ( #771, #6763, #179 ) ) REPRESENTATION_CONTEXT ( 'NONE', 'WORKASPACE' ) );
#2402 = CARTESIAN_POINT ( 'NONE',  ( -1.270000000000000018, -16.76400000000000290, 0.000000000000000000 ) ) ;
#2403 = CARTESIAN_POINT ( 'NONE',  ( -0.3200000000000000067, -18.10000000000000142, 8.380000000000000782 ) ) ;
#2404 = VECTOR ( 'NONE', #2296, 1000.000000000000000 ) ;
#2405 = SURFACE_STYLE_FILL_AREA ( #1518 ) ;
#2406 = CARTESIAN_POINT ( 'NONE',  ( 1.270000000000000018, -8.635999999999999233, 0.000000000000000000 ) ) ;
#2407 = CARTESIAN_POINT ( 'NONE',  ( -0.1600000000000000033, -2.380000000000000338, 8.540000000000000924 ) ) ;
#2408 = ORIENTED_EDGE ( 'NONE', *, *, #3764, .T. ) ;
#2409 = CARTESIAN_POINT ( 'NONE',  ( -0.3200000000000000067, -15.55999999999999872, -3.000000000000000000 ) ) ;
#2410 = SURFACE_STYLE_USAGE ( .BOTH. , #1572 ) ;
#2411 = DIRECTION ( 'NONE',  ( 1.000000000000000000, 0.000000000000000000, 0.000000000000000000 ) ) ;
#2412 =( NAMED_UNIT ( * ) SI_UNIT ( $, .STERADIAN. ) SOLID_ANGLE_UNIT ( ) );
#2413 = PRESENTATION_STYLE_ASSIGNMENT (( #8352 ) ) ;
#2414 = STYLED_ITEM ( 'NONE', ( #3463 ), #2529 ) ;
#2415 = FILL_AREA_STYLE_COLOUR ( '', #8423 ) ;
#2416 = EDGE_CURVE ( 'NONE', #4089, #4997, #683, .T. ) ;
#2417 =( NAMED_UNIT ( * ) SI_UNIT ( $, .STERADIAN. ) SOLID_ANGLE_UNIT ( ) );
#2418 = ORIENTED_EDGE ( 'NONE', *, *, #6490, .T. ) ;
#2419 = CARTESIAN_POINT ( 'NONE',  ( -0.1600000000000000033, -7.939999999999999503, 2.540000000000000036 ) ) ;
#2420 = ORIENTED_EDGE ( 'NONE', *, *, #752, .F. ) ;
#2421 = VECTOR ( 'NONE', #4539, 1000.000000000000114 ) ;
#2422 = CARTESIAN_POINT ( 'NONE',  ( -0.3200000000000000067, -7.939999999999999503, -3.000000000000000000 ) ) ;
#2423 = FILL_AREA_STYLE_COLOUR ( '', #6950 ) ;
#2424 = VECTOR ( 'NONE', #1594, 1000.000000000000000 ) ;
#2425 = CARTESIAN_POINT ( 'NONE',  ( 0.3200000000000000067, -15.55999999999999872, 0.000000000000000000 ) ) ;
#2426 = UNCERTAINTY_MEASURE_WITH_UNIT (LENGTH_MEASURE( 1.000000000000000082E-05 ), #2542, 'distance_accuracy_value', 'NONE');
#2427 = SURFACE_STYLE_FILL_AREA ( #2389 ) ;
#2428 = VECTOR ( 'NONE', #7431, 1000.000000000000000 ) ;
#2429 = ORIENTED_EDGE ( 'NONE', *, *, #2750, .T. ) ;
#2430 = DIRECTION ( 'NONE',  ( 0.000000000000000000, 0.000000000000000000, 1.000000000000000000 ) ) ;
#2431 = VECTOR ( 'NONE', #4073, 1000.000000000000000 ) ;
#2432 = EDGE_CURVE ( 'NONE', #4089, #4996, #3929, .T. ) ;
#2433 = PLANE ( 'NONE',  #3059 ) ;
#2434 = COLOUR_RGB ( '',0.1450980392156862586, 0.1411764705882352922, 0.1411764705882352922 ) ;
#2435 = CARTESIAN_POINT ( 'NONE',  ( -1.270000000000000018, -11.68399999999999928, 0.000000000000000000 ) ) ;
#2436 = EDGE_CURVE ( 'NONE', #4996, #5597, #5930, .T. ) ;
#2437 = CARTESIAN_POINT ( 'NONE',  ( 0.1600000000000000033, -15.40000000000000036, -3.000000000000000000 ) ) ;
#2438 = PRESENTATION_LAYER_ASSIGNMENT (  '', '', ( #631 ) ) ;
#2439 = CARTESIAN_POINT ( 'NONE',  ( 0.3200000000000000067, -13.01999999999999957, -3.000000000000000000 ) ) ;
#2440 = VECTOR ( 'NONE', #590, 1000.000000000000000 ) ;
#2441 = UNCERTAINTY_MEASURE_WITH_UNIT (LENGTH_MEASURE( 1.000000000000000082E-05 ), #3983, 'distance_accuracy_value', 'NONE');
#2442 = SURFACE_SIDE_STYLE ('',( #4436 ) ) ;
#2443 = MECHANICAL_DESIGN_GEOMETRIC_PRESENTATION_REPRESENTATION (  '', ( #3943 ), #7222 ) ;
#2444 = ORIENTED_EDGE ( 'NONE', *, *, #6490, .F. ) ;
#2445 = VERTEX_POINT ( 'NONE', #3295 ) ;
#2446 = DIRECTION ( 'NONE',  ( 1.000000000000000000, 0.000000000000000000, 0.000000000000000000 ) ) ;
#2447 = AXIS2_PLACEMENT_3D ( 'NONE', #1138, #5130, #5866 ) ;
#2448 = DIRECTION ( 'NONE',  ( 0.000000000000000000, -1.000000000000000000, 0.000000000000000000 ) ) ;
#2449 = SURFACE_STYLE_FILL_AREA ( #6213 ) ;
#2450 =( GEOMETRIC_REPRESENTATION_CONTEXT ( 3 ) GLOBAL_UNCERTAINTY_ASSIGNED_CONTEXT ( ( #5163 ) ) GLOBAL_UNIT_ASSIGNED_CONTEXT ( ( #629, #6685, #6819 ) ) REPRESENTATION_CONTEXT ( 'NONE', 'WORKASPACE' ) );
#2451 = PRESENTATION_STYLE_ASSIGNMENT (( #3654 ) ) ;
#2452 = SURFACE_STYLE_USAGE ( .BOTH. , #8335 ) ;
#2453 = UNCERTAINTY_MEASURE_WITH_UNIT (LENGTH_MEASURE( 1.000000000000000082E-05 ), #6698, 'distance_accuracy_value', 'NONE');
#2454 = DIRECTION ( 'NONE',  ( 0.000000000000000000, 1.000000000000000000, 0.000000000000000000 ) ) ;
#2455 = CARTESIAN_POINT ( 'NONE',  ( 0.3200000000000000067, -2.860000000000000320, -3.000000000000000000 ) ) ;
#2456 = COLOUR_RGB ( '',0.1450980392156862586, 0.1411764705882352922, 0.1411764705882352922 ) ;
#2457 = VECTOR ( 'NONE', #3613, 1000.000000000000114 ) ;
#2458 = ORIENTED_EDGE ( 'NONE', *, *, #495, .T. ) ;
#2459 = FACE_OUTER_BOUND ( 'NONE', #7217, .T. ) ;
#2460 = LINE ( 'NONE', #7125, #5218 ) ;
#2461 = EDGE_CURVE ( 'NONE', #4824, #103, #2695, .T. ) ;
#2462 = DIRECTION ( 'NONE',  ( 0.7071067811865474617, 0.7071067811865474617, 0.000000000000000000 ) ) ;
#2463 = MECHANICAL_DESIGN_GEOMETRIC_PRESENTATION_REPRESENTATION (  '', ( #5736 ), #7921 ) ;
#2464 = FILL_AREA_STYLE ('',( #6360 ) ) ;
#2465 = VERTEX_POINT ( 'NONE', #1170 ) ;
#2466 = CARTESIAN_POINT ( 'NONE',  ( 0.2400000000000000189, -5.400000000000000355, 8.460000000000000853 ) ) ;
#2467 = ORIENTED_EDGE ( 'NONE', *, *, #8376, .T. ) ;
#2468 = COLOUR_RGB ( '',0.8588235294117646523, 0.7372549019607843590, 0.4941176470588235503 ) ;
#2469 = EDGE_CURVE ( 'NONE', #6960, #7703, #3177, .T. ) ;
#2470 = CARTESIAN_POINT ( 'NONE',  ( 0.3200000000000000067, -5.400000000000000355, 8.380000000000000782 ) ) ;
#2471 = DIRECTION ( 'NONE',  ( -0.7071067811865474617, -0.7071067811865474617, 0.000000000000000000 ) ) ;
#2472 = MECHANICAL_DESIGN_GEOMETRIC_PRESENTATION_REPRESENTATION (  '', ( #2174 ), #5470 ) ;
#2473 =( NAMED_UNIT ( * ) SI_UNIT ( $, .STERADIAN. ) SOLID_ANGLE_UNIT ( ) );
#2474 = FILL_AREA_STYLE ('',( #6532 ) ) ;
#2475 = ORIENTED_EDGE ( 'NONE', *, *, #2398, .T. ) ;
#2476 =( LENGTH_UNIT ( ) NAMED_UNIT ( * ) SI_UNIT ( .MILLI., .METRE. ) );
#2477 = VECTOR ( 'NONE', #2246, 1000.000000000000000 ) ;
#2478 = STYLED_ITEM ( 'NONE', ( #3504 ), #8290 ) ;
#2479 = DIRECTION ( 'NONE',  ( 0.000000000000000000, 0.000000000000000000, -1.000000000000000000 ) ) ;
#2480 = SURFACE_STYLE_USAGE ( .BOTH. , #527 ) ;
#2481 = COLOUR_RGB ( '',0.1450980392156862586, 0.1411764705882352922, 0.1411764705882352922 ) ;
#2482 = PRESENTATION_LAYER_ASSIGNMENT (  '', '', ( #6164 ) ) ;
#2483 = PRESENTATION_STYLE_ASSIGNMENT (( #1080 ) ) ;
#2484 = VERTEX_POINT ( 'NONE', #3257 ) ;
#2485 = ORIENTED_EDGE ( 'NONE', *, *, #2650, .F. ) ;
#2486 = DIRECTION ( 'NONE',  ( 0.000000000000000000, 1.000000000000000000, 0.000000000000000000 ) ) ;
#2487 = SURFACE_SIDE_STYLE ('',( #6907 ) ) ;
#2488 = PLANE ( 'NONE',  #1799 ) ;
#2489 = VECTOR ( 'NONE', #7237, 1000.000000000000000 ) ;
#2490 = FACE_OUTER_BOUND ( 'NONE', #6937, .T. ) ;
#2491 = CARTESIAN_POINT ( 'NONE',  ( -1.270000000000000018, -11.17600000000000016, 2.540000000000000036 ) ) ;
#2492 = AXIS2_PLACEMENT_3D ( 'NONE', #5986, #4703, #135 ) ;
#2493 = PRESENTATION_LAYER_ASSIGNMENT (  '', '', ( #4946 ) ) ;
#2494 = PLANE ( 'NONE',  #8418 ) ;
#2495 = FILL_AREA_STYLE_COLOUR ( '', #3545 ) ;
#2496 = ORIENTED_EDGE ( 'NONE', *, *, #7722, .T. ) ;
#2497 = VECTOR ( 'NONE', #1788, 1000.000000000000114 ) ;
#2498 = ADVANCED_FACE ( 'NONE', ( #5973 ), #8045, .F. ) ;
#2499 = DIRECTION ( 'NONE',  ( 1.000000000000000000, 0.000000000000000000, -2.453897423307444850E-18 ) ) ;
#2500 = STYLED_ITEM ( 'NONE', ( #8133 ), #2881 ) ;
#2501 = LINE ( 'NONE', #2549, #6135 ) ;
#2502 = SURFACE_SIDE_STYLE ('',( #5665 ) ) ;
#2503 = EDGE_CURVE ( 'NONE', #299, #3867, #4129, .T. ) ;
#2504 = CARTESIAN_POINT ( 'NONE',  ( -0.1600000000000000033, -12.54000000000000092, 8.540000000000000924 ) ) ;
#2505 =( LENGTH_UNIT ( ) NAMED_UNIT ( * ) SI_UNIT ( .MILLI., .METRE. ) );
#2506 = ORIENTED_EDGE ( 'NONE', *, *, #3020, .F. ) ;
#2507 = FACE_OUTER_BOUND ( 'NONE', #5104, .T. ) ;
#2508 = ORIENTED_EDGE ( 'NONE', *, *, #6031, .T. ) ;
#2509 = ADVANCED_FACE ( 'NONE', ( #7300 ), #1552, .T. ) ;
#2510 = SURFACE_SIDE_STYLE ('',( #4339 ) ) ;
#2511 =( NAMED_UNIT ( * ) PLANE_ANGLE_UNIT ( ) SI_UNIT ( $, .RADIAN. ) );
#2512 = VECTOR ( 'NONE', #534, 1000.000000000000114 ) ;
#2513 = PRESENTATION_LAYER_ASSIGNMENT (  '', '', ( #5366 ) ) ;
#2514 = FILL_AREA_STYLE ('',( #8398 ) ) ;
#2515 = AXIS2_PLACEMENT_3D ( 'NONE', #5508, #6852, #8318 ) ;
#2516 = CARTESIAN_POINT ( 'NONE',  ( 0.1600000000000000033, -2.700000000000000178, 8.540000000000000924 ) ) ;
#2517 = CARTESIAN_POINT ( 'NONE',  ( -0.1600000000000000033, -15.40000000000000036, 8.540000000000000924 ) ) ;
#2518 = DIRECTION ( 'NONE',  ( 1.000000000000000000, 0.000000000000000000, 0.000000000000000000 ) ) ;
#2519 = UNCERTAINTY_MEASURE_WITH_UNIT (LENGTH_MEASURE( 1.000000000000000082E-05 ), #7494, 'distance_accuracy_value', 'NONE');
#2520 = DIRECTION ( 'NONE',  ( -0.000000000000000000, 1.000000000000000000, 0.000000000000000000 ) ) ;
#2521 = FACE_OUTER_BOUND ( 'NONE', #2201, .T. ) ;
#2522 = VECTOR ( 'NONE', #1982, 1000.000000000000000 ) ;
#2523 = EDGE_LOOP ( 'NONE', ( #2085, #922, #7255, #1759 ) ) ;
#2524 = SURFACE_STYLE_USAGE ( .BOTH. , #4431 ) ;
#2525 = FILL_AREA_STYLE ('',( #7705 ) ) ;
#2526 = COLOUR_RGB ( '',0.8588235294117646523, 0.7372549019607843590, 0.4941176470588235503 ) ;
#2528 = PRESENTATION_STYLE_ASSIGNMENT (( #2480 ) ) ;
#2527 = VECTOR ( 'NONE', #5199, 1000.000000000000000 ) ;
#2529 = ADVANCED_FACE ( 'NONE', ( #2918 ), #4178, .F. ) ;
#2530 = CARTESIAN_POINT ( 'NONE',  ( -0.3200000000000000067, -2.220000000000000195, 0.000000000000000000 ) ) ;
#2531 = DIRECTION ( 'NONE',  ( 1.000000000000000000, 0.000000000000000000, 0.000000000000000000 ) ) ;
#2532 = VERTEX_POINT ( 'NONE', #1233 ) ;
#2533 = ORIENTED_EDGE ( 'NONE', *, *, #6790, .F. ) ;
#2534 = EDGE_CURVE ( 'NONE', #7278, #8181, #8357, .T. ) ;
#2535 = COLOUR_RGB ( '',0.8588235294117646523, 0.7372549019607843590, 0.4941176470588235503 ) ;
#2536 = LINE ( 'NONE', #1944, #6191 ) ;
#2537 = FACE_OUTER_BOUND ( 'NONE', #4010, .T. ) ;
#2538 = FILL_AREA_STYLE ('',( #3337 ) ) ;
#2539 = FILL_AREA_STYLE ('',( #1949 ) ) ;
#2540 = CARTESIAN_POINT ( 'NONE',  ( 1.270000000000000018, -8.635999999999999233, 2.540000000000000036 ) ) ;
#2541 = UNCERTAINTY_MEASURE_WITH_UNIT (LENGTH_MEASURE( 1.000000000000000082E-05 ), #6211, 'distance_accuracy_value', 'NONE');
#2542 =( LENGTH_UNIT ( ) NAMED_UNIT ( * ) SI_UNIT ( .MILLI., .METRE. ) );
#2543 = EDGE_LOOP ( 'NONE', ( #2764, #2295, #2809, #1348 ) ) ;
#2544 =( NAMED_UNIT ( * ) SI_UNIT ( $, .STERADIAN. ) SOLID_ANGLE_UNIT ( ) );
#2545 = LINE ( 'NONE', #1798, #3730 ) ;
#2546 = ADVANCED_FACE ( 'NONE', ( #6406 ), #6321, .F. ) ;
#2547 = EDGE_CURVE ( 'NONE', #963, #3164, #1806, .T. ) ;
#2548 = DIRECTION ( 'NONE',  ( 1.000000000000000000, 0.000000000000000000, -2.453897423307444850E-18 ) ) ;
#2549 = CARTESIAN_POINT ( 'NONE',  ( -1.270000000000000018, -1.016000000000000014, 2.540000000000000036 ) ) ;
#2550 = CARTESIAN_POINT ( 'NONE',  ( 0.3200000000000000067, -12.22499999999999964, 0.000000000000000000 ) ) ;
#2551 = FILL_AREA_STYLE_COLOUR ( '', #3160 ) ;
#2552 = LINE ( 'NONE', #5063, #3317 ) ;
#2553 = ORIENTED_EDGE ( 'NONE', *, *, #3700, .F. ) ;
#2554 = LINE ( 'NONE', #2638, #1586 ) ;
#2555 = ORIENTED_EDGE ( 'NONE', *, *, #1958, .F. ) ;
#2556 = DIRECTION ( 'NONE',  ( 0.000000000000000000, 0.000000000000000000, -1.000000000000000000 ) ) ;
#2557 = CARTESIAN_POINT ( 'NONE',  ( -0.3200000000000000067, -18.01999999999999957, -2.919999999999999929 ) ) ;
#2558 = PRESENTATION_STYLE_ASSIGNMENT (( #3205 ) ) ;
#2559 = VECTOR ( 'NONE', #6300, 1000.000000000000000 ) ;
#2560 = CARTESIAN_POINT ( 'NONE',  ( 1.270000000000000018, -16.25600000000000023, 0.000000000000000000 ) ) ;
#2561 =( LENGTH_UNIT ( ) NAMED_UNIT ( * ) SI_UNIT ( .MILLI., .METRE. ) );
#2562 = PRESENTATION_STYLE_ASSIGNMENT (( #1974 ) ) ;
#2563 = STYLED_ITEM ( 'NONE', ( #3749 ), #2569 ) ;
#2564 = ORIENTED_EDGE ( 'NONE', *, *, #7162, .T. ) ;
#2565 = FACE_OUTER_BOUND ( 'NONE', #1517, .T. ) ;
#2566 = CARTESIAN_POINT ( 'NONE',  ( -0.3200000000000000067, -8.415000000000000924, 2.540000000000000036 ) ) ;
#2567 =( GEOMETRIC_REPRESENTATION_CONTEXT ( 3 ) GLOBAL_UNCERTAINTY_ASSIGNED_CONTEXT ( ( #8371 ) ) GLOBAL_UNIT_ASSIGNED_CONTEXT ( ( #2131, #7424, #5491 ) ) REPRESENTATION_CONTEXT ( 'NONE', 'WORKASPACE' ) );
#2568 = SURFACE_STYLE_USAGE ( .BOTH. , #7144 ) ;
#2569 = ADVANCED_FACE ( 'NONE', ( #5799 ), #5711, .F. ) ;
#2570 = SURFACE_STYLE_FILL_AREA ( #2690 ) ;
#2571 = PRESENTATION_LAYER_ASSIGNMENT (  '', '', ( #5146 ) ) ;
#2572 = CARTESIAN_POINT ( 'NONE',  ( 0.3200000000000000067, -9.839999999999999858, 8.380000000000000782 ) ) ;
#2573 = AXIS2_PLACEMENT_3D ( 'NONE', #3984, #6567, #662 ) ;
#2574 =( NAMED_UNIT ( * ) PLANE_ANGLE_UNIT ( ) SI_UNIT ( $, .RADIAN. ) );
#2575 = ORIENTED_EDGE ( 'NONE', *, *, #7090, .T. ) ;
#2576 = EDGE_LOOP ( 'NONE', ( #2004, #7515, #5856, #7749 ) ) ;
#2577 = LINE ( 'NONE', #4481, #2827 ) ;
#2578 = STYLED_ITEM ( 'NONE', ( #2528 ), #3729 ) ;
#2579 = LINE ( 'NONE', #5125, #7557 ) ;
#2580 = EDGE_CURVE ( 'NONE', #4800, #2006, #514, .T. ) ;
#2581 = CARTESIAN_POINT ( 'NONE',  ( 0.2400000000000000189, -18.10000000000000142, 8.460000000000000853 ) ) ;
#2582 =( GEOMETRIC_REPRESENTATION_CONTEXT ( 3 ) GLOBAL_UNCERTAINTY_ASSIGNED_CONTEXT ( ( #6371 ) ) GLOBAL_UNIT_ASSIGNED_CONTEXT ( ( #5444, #6648, #1484 ) ) REPRESENTATION_CONTEXT ( 'NONE', 'WORKASPACE' ) );
#2583 = DIRECTION ( 'NONE',  ( -1.735167508356890344E-18, 0.7071067811865475727, -0.7071067811865475727 ) ) ;
#2584 = VECTOR ( 'NONE', #4496, 1000.000000000000000 ) ;
#2585 = MECHANICAL_DESIGN_GEOMETRIC_PRESENTATION_REPRESENTATION (  '', ( #6268 ), #503 ) ;
#2586 = EDGE_LOOP ( 'NONE', ( #595, #792, #5131, #1515 ) ) ;
#2587 = PLANE ( 'NONE',  #2492 ) ;
#2588 = PLANE ( 'NONE',  #2307 ) ;
#2589 = CARTESIAN_POINT ( 'NONE',  ( -0.2666666666669999519, -0.2666666666669999519, 8.433333333333001391 ) ) ;
#2590 = PLANE ( 'NONE',  #5957 ) ;
#2591 =( GEOMETRIC_REPRESENTATION_CONTEXT ( 3 ) GLOBAL_UNCERTAINTY_ASSIGNED_CONTEXT ( ( #519 ) ) GLOBAL_UNIT_ASSIGNED_CONTEXT ( ( #5606, #1780, #5043 ) ) REPRESENTATION_CONTEXT ( 'NONE', 'WORKASPACE' ) );
#2592 = AXIS2_PLACEMENT_3D ( 'NONE', #2581, #6427, #1862 ) ;
#2593 = ADVANCED_FACE ( 'NONE', ( #5315 ), #6693, .F. ) ;
#2594 = DIRECTION ( 'NONE',  ( 1.000000000000000000, 0.000000000000000000, 0.000000000000000000 ) ) ;
#2595 = ORIENTED_EDGE ( 'NONE', *, *, #2924, .T. ) ;
#2596 = LINE ( 'NONE', #555, #3932 ) ;
#2597 = EDGE_LOOP ( 'NONE', ( #5732, #4689, #682, #2229 ) ) ;
#2598 =( NAMED_UNIT ( * ) PLANE_ANGLE_UNIT ( ) SI_UNIT ( $, .RADIAN. ) );
#2599 = STYLED_ITEM ( 'NONE', ( #1451 ), #523 ) ;
#2600 = LINE ( 'NONE', #1105, #1374 ) ;
#2601 = MECHANICAL_DESIGN_GEOMETRIC_PRESENTATION_REPRESENTATION (  '', ( #3698 ), #517 ) ;
#2602 = CARTESIAN_POINT ( 'NONE',  ( 1.016000000000000014, 1.270000000000000018, 2.540000000000000036 ) ) ;
#2603 = DIRECTION ( 'NONE',  ( -0.7071067811865474617, 0.7071067811865474617, 0.000000000000000000 ) ) ;
#2604 = FACE_OUTER_BOUND ( 'NONE', #3714, .T. ) ;
#2605 = UNCERTAINTY_MEASURE_WITH_UNIT (LENGTH_MEASURE( 1.000000000000000082E-05 ), #1635, 'distance_accuracy_value', 'NONE');
#2606 = CARTESIAN_POINT ( 'NONE',  ( 0.000000000000000000, 0.000000000000000000, 0.000000000000000000 ) ) ;
#2607 = ORIENTED_EDGE ( 'NONE', *, *, #4629, .T. ) ;
#2608 = DIRECTION ( 'NONE',  ( -0.000000000000000000, 1.000000000000000000, 0.000000000000000000 ) ) ;
#2609 = CARTESIAN_POINT ( 'NONE',  ( 0.1600000000000000033, -15.08000000000000007, 8.540000000000000924 ) ) ;
#2610 = CARTESIAN_POINT ( 'NONE',  ( -0.3200000000000000067, -2.220000000000000195, 8.380000000000000782 ) ) ;
#2611 = UNCERTAINTY_MEASURE_WITH_UNIT (LENGTH_MEASURE( 1.000000000000000082E-05 ), #751, 'distance_accuracy_value', 'NONE');
#2612 = MECHANICAL_DESIGN_GEOMETRIC_PRESENTATION_REPRESENTATION (  '', ( #8240 ), #7384 ) ;
#2613 = AXIS2_PLACEMENT_3D ( 'NONE', #3926, #1368, #1246 ) ;
#2614 = SURFACE_SIDE_STYLE ('',( #3293 ) ) ;
#2615 = ORIENTED_EDGE ( 'NONE', *, *, #7635, .T. ) ;
#2616 = VERTEX_POINT ( 'NONE', #3238 ) ;
#2617 = EDGE_CURVE ( 'NONE', #3248, #8109, #7207, .T. ) ;
#2618 = EDGE_CURVE ( 'NONE', #8022, #4638, #5952, .T. ) ;
#2619 = CARTESIAN_POINT ( 'NONE',  ( -0.3200000000000000067, -10.48000000000000043, -2.839999999999999858 ) ) ;
#2620 = DIRECTION ( 'NONE',  ( 0.000000000000000000, 1.000000000000000000, 0.000000000000000000 ) ) ;
#2621 = PRESENTATION_STYLE_ASSIGNMENT (( #579 ) ) ;
#2622 = VECTOR ( 'NONE', #6750, 1000.000000000000000 ) ;
#2623 = SURFACE_STYLE_USAGE ( .BOTH. , #3224 ) ;
#2624 = EDGE_CURVE ( 'NONE', #8007, #8035, #5271, .T. ) ;
#2625 = UNCERTAINTY_MEASURE_WITH_UNIT (LENGTH_MEASURE( 1.000000000000000082E-05 ), #6018, 'distance_accuracy_value', 'NONE');
#2626 = DIRECTION ( 'NONE',  ( -0.7071067811865475727, -1.735167508356888803E-18, -0.7071067811865475727 ) ) ;
#2627 = DIRECTION ( 'NONE',  ( 0.000000000000000000, 1.000000000000000000, 0.000000000000000000 ) ) ;
#2628 = LINE ( 'NONE', #1422, #757 ) ;
#2629 = EDGE_LOOP ( 'NONE', ( #5723, #6958, #4565, #5767 ) ) ;
#2630 = DIRECTION ( 'NONE',  ( 0.000000000000000000, 0.000000000000000000, 1.000000000000000000 ) ) ;
#2631 =( LENGTH_UNIT ( ) NAMED_UNIT ( * ) SI_UNIT ( .MILLI., .METRE. ) );
#2632 =( NAMED_UNIT ( * ) PLANE_ANGLE_UNIT ( ) SI_UNIT ( $, .RADIAN. ) );
#2633 = VECTOR ( 'NONE', #1393, 1000.000000000000114 ) ;
#2634 = COLOUR_RGB ( '',0.8588235294117646523, 0.7372549019607843590, 0.4941176470588235503 ) ;
#2635 = EDGE_CURVE ( 'NONE', #2357, #2728, #4627, .T. ) ;
#2636 = DIRECTION ( 'NONE',  ( 0.000000000000000000, 1.000000000000000000, 0.000000000000000000 ) ) ;
#2637 = VERTEX_POINT ( 'NONE', #2719 ) ;
#2638 = CARTESIAN_POINT ( 'NONE',  ( -1.270000000000000018, 1.016000000000000014, 2.540000000000000036 ) ) ;
#2639 = ORIENTED_EDGE ( 'NONE', *, *, #1994, .T. ) ;
#2640 = SURFACE_STYLE_FILL_AREA ( #1268 ) ;
#2641 = PRODUCT_DEFINITION_SHAPE ( 'NONE', 'NONE',  #793 ) ;
#2642 = MECHANICAL_DESIGN_GEOMETRIC_PRESENTATION_REPRESENTATION (  '', ( #6030 ), #7543 ) ;
#2643 = EDGE_CURVE ( 'NONE', #2357, #2949, #2086, .T. ) ;
#2644 = AXIS2_PLACEMENT_3D ( 'NONE', #3107, #1058, #6925 ) ;
#2645 =( NAMED_UNIT ( * ) SI_UNIT ( $, .STERADIAN. ) SOLID_ANGLE_UNIT ( ) );
#2646 =( NAMED_UNIT ( * ) SI_UNIT ( $, .STERADIAN. ) SOLID_ANGLE_UNIT ( ) );
#2647 = EDGE_LOOP ( 'NONE', ( #4249, #6769, #4777, #5774 ) ) ;
#2648 = FILL_AREA_STYLE_COLOUR ( '', #136 ) ;
#2649 = DIRECTION ( 'NONE',  ( 0.5773502691896257311, -0.5773502691896257311, -0.5773502691896257311 ) ) ;
#2650 = EDGE_CURVE ( 'NONE', #668, #8254, #23, .T. ) ;
#2651 = PLANE ( 'NONE',  #5988 ) ;
#2652 = STYLED_ITEM ( 'NONE', ( #814 ), #1589 ) ;
#2653 = COLOUR_RGB ( '',0.8588235294117646523, 0.7372549019607843590, 0.4941176470588235503 ) ;
#2654 = DIRECTION ( 'NONE',  ( -1.735167508356890344E-18, 0.7071067811865475727, -0.7071067811865475727 ) ) ;
#2655 = LINE ( 'NONE', #4521, #5200 ) ;
#2656 = ORIENTED_EDGE ( 'NONE', *, *, #6593, .F. ) ;
#2657 = DIRECTION ( 'NONE',  ( -0.7071067811865475727, 0.000000000000000000, 0.7071067811865475727 ) ) ;
#2658 = DIRECTION ( 'NONE',  ( -0.7071067811865474617, -0.7071067811865474617, 0.000000000000000000 ) ) ;
#2659 = SURFACE_SIDE_STYLE ('',( #3372 ) ) ;
#2660 = MECHANICAL_DESIGN_GEOMETRIC_PRESENTATION_REPRESENTATION (  '', ( #5514 ), #2382 ) ;
#2661 = EDGE_CURVE ( 'NONE', #3361, #2281, #104, .T. ) ;
#2663 = CARTESIAN_POINT ( 'NONE',  ( 1.270000000000000018, -3.556000000000000050, 2.540000000000000036 ) ) ;
#2662 = VECTOR ( 'NONE', #6529, 1000.000000000000114 ) ;
#2664 = SURFACE_STYLE_USAGE ( .BOTH. , #5779 ) ;
#2665 = FACE_OUTER_BOUND ( 'NONE', #7116, .T. ) ;
#2666 = EDGE_CURVE ( 'NONE', #4557, #275, #3279, .T. ) ;
#2667 = PRESENTATION_LAYER_ASSIGNMENT (  '', '', ( #6489 ) ) ;
#2668 = CARTESIAN_POINT ( 'NONE',  ( -0.2400000000000000189, -5.400000000000000355, -2.919999999999999929 ) ) ;
#2669 = MECHANICAL_DESIGN_GEOMETRIC_PRESENTATION_REPRESENTATION (  '', ( #3888 ), #1130 ) ;
#2670 = PRESENTATION_STYLE_ASSIGNMENT (( #7194 ) ) ;
#2671 = ORIENTED_EDGE ( 'NONE', *, *, #4704, .F. ) ;
#2672 = SURFACE_STYLE_FILL_AREA ( #7091 ) ;
#2673 = SURFACE_STYLE_FILL_AREA ( #700 ) ;
#2674 = LINE ( 'NONE', #5239, #1032 ) ;
#2675 = EDGE_LOOP ( 'NONE', ( #8018, #8411, #4285, #675 ) ) ;
#2676 =( NAMED_UNIT ( * ) PLANE_ANGLE_UNIT ( ) SI_UNIT ( $, .RADIAN. ) );
#2677 = VERTEX_POINT ( 'NONE', #7322 ) ;
#2678 = CARTESIAN_POINT ( 'NONE',  ( -1.016000000000000014, -6.349999999999999645, 0.000000000000000000 ) ) ;
#2679 = PRESENTATION_STYLE_ASSIGNMENT (( #5996 ) ) ;
#2680 = VECTOR ( 'NONE', #3363, 1000.000000000000000 ) ;
#2681 =( NAMED_UNIT ( * ) PLANE_ANGLE_UNIT ( ) SI_UNIT ( $, .RADIAN. ) );
#2682 = FILL_AREA_STYLE ('',( #1356 ) ) ;
#2683 = EDGE_CURVE ( 'NONE', #5019, #2532, #4713, .T. ) ;
#2684 =( NAMED_UNIT ( * ) SI_UNIT ( $, .STERADIAN. ) SOLID_ANGLE_UNIT ( ) );
#2685 =( NAMED_UNIT ( * ) PLANE_ANGLE_UNIT ( ) SI_UNIT ( $, .RADIAN. ) );
#2686 = SURFACE_STYLE_FILL_AREA ( #3359 ) ;
#2687 = ORIENTED_EDGE ( 'NONE', *, *, #2398, .F. ) ;
#2688 = PLANE ( 'NONE',  #3845 ) ;
#2689 = LINE ( 'NONE', #5285, #7905 ) ;
#2690 = FILL_AREA_STYLE ('',( #5850 ) ) ;
#2691 = UNCERTAINTY_MEASURE_WITH_UNIT (LENGTH_MEASURE( 1.000000000000000082E-05 ), #7365, 'distance_accuracy_value', 'NONE');
#2692 = CARTESIAN_POINT ( 'NONE',  ( -0.3200000000000000067, -12.38000000000000078, -3.000000000000000000 ) ) ;
#2693 = VERTEX_POINT ( 'NONE', #4671 ) ;
#2694 = ADVANCED_FACE ( 'NONE', ( #2756 ), #1437, .F. ) ;
#2695 = LINE ( 'NONE', #3895, #3917 ) ;
#2696 = MECHANICAL_DESIGN_GEOMETRIC_PRESENTATION_REPRESENTATION (  '', ( #4461 ), #2567 ) ;
#2697 = DIRECTION ( 'NONE',  ( 0.000000000000000000, 0.000000000000000000, 1.000000000000000000 ) ) ;
#2698 = CARTESIAN_POINT ( 'NONE',  ( -0.3200000000000000067, -2.220000000000000195, -2.839999999999999858 ) ) ;
#2699 = CARTESIAN_POINT ( 'NONE',  ( -0.3200000000000000067, -7.145000000000000462, 2.540000000000000036 ) ) ;
#2700 =( GEOMETRIC_REPRESENTATION_CONTEXT ( 3 ) GLOBAL_UNCERTAINTY_ASSIGNED_CONTEXT ( ( #4666 ) ) GLOBAL_UNIT_ASSIGNED_CONTEXT ( ( #1538, #6050, #5279 ) ) REPRESENTATION_CONTEXT ( 'NONE', 'WORKASPACE' ) );
#2701 = DIRECTION ( 'NONE',  ( 0.000000000000000000, 1.000000000000000000, 0.000000000000000000 ) ) ;
#2702 = UNCERTAINTY_MEASURE_WITH_UNIT (LENGTH_MEASURE( 1.000000000000000082E-05 ), #258, 'distance_accuracy_value', 'NONE');
#2703 =( NAMED_UNIT ( * ) PLANE_ANGLE_UNIT ( ) SI_UNIT ( $, .RADIAN. ) );
#2704 = DIRECTION ( 'NONE',  ( 0.000000000000000000, 1.000000000000000000, 0.000000000000000000 ) ) ;
#2705 = CARTESIAN_POINT ( 'NONE',  ( 1.270000000000000018, -3.556000000000000050, 2.540000000000000036 ) ) ;
#2706 = COLOUR_RGB ( '',0.8588235294117646523, 0.7372549019607843590, 0.4941176470588235503 ) ;
#2707 = ORIENTED_EDGE ( 'NONE', *, *, #4125, .F. ) ;
#2708 = SURFACE_STYLE_FILL_AREA ( #825 ) ;
#2709 = AXIS2_PLACEMENT_3D ( 'NONE', #7450, #5298, #2826 ) ;
#2710 = PLANE ( 'NONE',  #3825 ) ;
#2711 = LINE ( 'NONE', #8463, #2421 ) ;
#2712 = STYLED_ITEM ( 'NONE', ( #3187 ), #6720 ) ;
#2713 = CARTESIAN_POINT ( 'NONE',  ( -1.016000000000000014, -3.810000000000000053, 2.540000000000000036 ) ) ;
#2714 = ORIENTED_EDGE ( 'NONE', *, *, #319, .T. ) ;
#2715 =( NAMED_UNIT ( * ) SI_UNIT ( $, .STERADIAN. ) SOLID_ANGLE_UNIT ( ) );
#2716 =( GEOMETRIC_REPRESENTATION_CONTEXT ( 3 ) GLOBAL_UNCERTAINTY_ASSIGNED_CONTEXT ( ( #1454 ) ) GLOBAL_UNIT_ASSIGNED_CONTEXT ( ( #1053, #3709, #7682 ) ) REPRESENTATION_CONTEXT ( 'NONE', 'WORKASPACE' ) );
#2717 = ORIENTED_EDGE ( 'NONE', *, *, #2222, .F. ) ;
#2718 = COLOUR_RGB ( '',0.8588235294117646523, 0.7372549019607843590, 0.4941176470588235503 ) ;
#2719 = CARTESIAN_POINT ( 'NONE',  ( 0.3200000000000000067, -10.48000000000000043, 8.380000000000000782 ) ) ;
#2720 = LINE ( 'NONE', #4672, #1499 ) ;
#2721 = SURFACE_STYLE_FILL_AREA ( #2130 ) ;
#2722 = SURFACE_STYLE_FILL_AREA ( #3402 ) ;
#2723 = VECTOR ( 'NONE', #2733, 1000.000000000000000 ) ;
#2724 = FILL_AREA_STYLE_COLOUR ( '', #6564 ) ;
#2725 = EDGE_CURVE ( 'NONE', #7484, #1645, #7511, .T. ) ;
#2726 = CARTESIAN_POINT ( 'NONE',  ( -1.016000000000000014, -19.05000000000000071, 0.000000000000000000 ) ) ;
#2727 = DIRECTION ( 'NONE',  ( 1.000000000000000000, 0.000000000000000000, 0.000000000000000000 ) ) ;
#2728 = VERTEX_POINT ( 'NONE', #3486 ) ;
#2729 = DIRECTION ( 'NONE',  ( 0.7071067811865475727, -0.7071067811865475727, 0.000000000000000000 ) ) ;
#2730 = VECTOR ( 'NONE', #2040, 1000.000000000000000 ) ;
#2731 = PLANE ( 'NONE',  #3902 ) ;
#2732 = SURFACE_STYLE_USAGE ( .BOTH. , #5965 ) ;
#2733 = DIRECTION ( 'NONE',  ( 1.000000000000000000, 0.000000000000000000, 0.000000000000000000 ) ) ;
#2734 = PRESENTATION_STYLE_ASSIGNMENT (( #3460 ) ) ;
#2735 = DIRECTION ( 'NONE',  ( -1.735167508356890344E-18, -0.7071067811865475727, 0.7071067811865475727 ) ) ;
#2736 = VERTEX_POINT ( 'NONE', #1529 ) ;
#2737 = PRESENTATION_STYLE_ASSIGNMENT (( #5172 ) ) ;
#2738 = SURFACE_SIDE_STYLE ('',( #6806 ) ) ;
#2739 = SURFACE_SIDE_STYLE ('',( #7191 ) ) ;
#2740 = STYLED_ITEM ( 'NONE', ( #461 ), #8028 ) ;
#2741 = CARTESIAN_POINT ( 'NONE',  ( -0.2666666666669999519, -10.42666666666000097, -2.893333333333000024 ) ) ;
#2742 = CARTESIAN_POINT ( 'NONE',  ( -0.2666666666669999519, -0.2666666666669999519, -2.893333333333000024 ) ) ;
#2743 = LINE ( 'NONE', #777, #2002 ) ;
#2744 = VERTEX_POINT ( 'NONE', #4845 ) ;
#2745 = CARTESIAN_POINT ( 'NONE',  ( -0.3200000000000000067, -13.01999999999999957, -2.839999999999999858 ) ) ;
#2746 = STYLED_ITEM ( 'NONE', ( #5243 ), #6947 ) ;
#2747 =( NAMED_UNIT ( * ) SI_UNIT ( $, .STERADIAN. ) SOLID_ANGLE_UNIT ( ) );
#2748 = SURFACE_SIDE_STYLE ('',( #2001 ) ) ;
#2749 = PRESENTATION_STYLE_ASSIGNMENT (( #1430 ) ) ;
#2750 = EDGE_CURVE ( 'NONE', #1277, #6207, #148, .T. ) ;
#2751 = AXIS2_PLACEMENT_3D ( 'NONE', #708, #7888, #7933 ) ;
#2752 = DIRECTION ( 'NONE',  ( 0.7071067811865474617, 0.7071067811865474617, 0.000000000000000000 ) ) ;
#2753 = ORIENTED_EDGE ( 'NONE', *, *, #2580, .F. ) ;
#2754 = SURFACE_STYLE_FILL_AREA ( #706 ) ;
#2755 = VERTEX_POINT ( 'NONE', #2978 ) ;
#2756 = FACE_OUTER_BOUND ( 'NONE', #4626, .T. ) ;
#2757 = ADVANCED_FACE ( 'NONE', ( #4242 ), #7464, .T. ) ;
#2758 = COLOUR_RGB ( '',0.8588235294117646523, 0.7372549019607843590, 0.4941176470588235503 ) ;
#2759 = ADVANCED_FACE ( 'NONE', ( #8220 ), #2842, .F. ) ;
#2760 = SURFACE_STYLE_USAGE ( .BOTH. , #2010 ) ;
#2761 = DIRECTION ( 'NONE',  ( 0.000000000000000000, 0.000000000000000000, 1.000000000000000000 ) ) ;
#2762 = ADVANCED_FACE ( 'NONE', ( #1005 ), #3101, .F. ) ;
#2763 = CARTESIAN_POINT ( 'NONE',  ( -0.3200000000000000067, -15.55999999999999872, 8.380000000000000782 ) ) ;
#2764 = ORIENTED_EDGE ( 'NONE', *, *, #429, .T. ) ;
#2765 =( LENGTH_UNIT ( ) NAMED_UNIT ( * ) SI_UNIT ( .MILLI., .METRE. ) );
#2766 = VECTOR ( 'NONE', #2282, 1000.000000000000114 ) ;
#2767 = ORIENTED_EDGE ( 'NONE', *, *, #1350, .T. ) ;
#2768 = FILL_AREA_STYLE_COLOUR ( '', #7003 ) ;
#2769 = LINE ( 'NONE', #5369, #2404 ) ;
#2770 = VECTOR ( 'NONE', #770, 1000.000000000000000 ) ;
#2771 = UNCERTAINTY_MEASURE_WITH_UNIT (LENGTH_MEASURE( 1.000000000000000082E-05 ), #5293, 'distance_accuracy_value', 'NONE');
#2772 =( NAMED_UNIT ( * ) PLANE_ANGLE_UNIT ( ) SI_UNIT ( $, .RADIAN. ) );
#2774 =( GEOMETRIC_REPRESENTATION_CONTEXT ( 3 ) GLOBAL_UNCERTAINTY_ASSIGNED_CONTEXT ( ( #1980 ) ) GLOBAL_UNIT_ASSIGNED_CONTEXT ( ( #1244, #8524, #6501 ) ) REPRESENTATION_CONTEXT ( 'NONE', 'WORKASPACE' ) );
#2773 = LINE ( 'NONE', #8098, #7525 ) ;
#2775 = EDGE_LOOP ( 'NONE', ( #2187, #1733, #243, #344 ) ) ;
#2776 = DIRECTION ( 'NONE',  ( 0.000000000000000000, 0.000000000000000000, 1.000000000000000000 ) ) ;
#2777 = CARTESIAN_POINT ( 'NONE',  ( -0.1600000000000000033, -0.3200000000000000067, -3.000000000000000000 ) ) ;
#2778 = FACE_OUTER_BOUND ( 'NONE', #1267, .T. ) ;
#2779 = ADVANCED_FACE ( 'NONE', ( #7042 ), #3706, .T. ) ;
#2780 = STYLED_ITEM ( 'NONE', ( #4253 ), #1428 ) ;
#2781 = LINE ( 'NONE', #690, #6108 ) ;
#2782 = PRESENTATION_STYLE_ASSIGNMENT (( #6717 ) ) ;
#2783 = CARTESIAN_POINT ( 'NONE',  ( -0.3200000000000000067, -15.48000000000000043, -2.919999999999999929 ) ) ;
#2784 = VERTEX_POINT ( 'NONE', #8344 ) ;
#2785 = FILL_AREA_STYLE ('',( #8009 ) ) ;
#2786 = DIRECTION ( 'NONE',  ( 0.5773502691896257311, 0.5773502691896257311, 0.5773502691896257311 ) ) ;
#2787 = VECTOR ( 'NONE', #2603, 1000.000000000000114 ) ;
#2788 = DIRECTION ( 'NONE',  ( 0.000000000000000000, 1.000000000000000000, 0.000000000000000000 ) ) ;
#2789 = LINE ( 'NONE', #2745, #2489 ) ;
#2790 = CARTESIAN_POINT ( 'NONE',  ( 1.016000000000000014, -3.810000000000000053, 2.540000000000000036 ) ) ;
#2791 = MECHANICAL_DESIGN_GEOMETRIC_PRESENTATION_REPRESENTATION (  '', ( #4970 ), #1128 ) ;
#2792 = AXIS2_PLACEMENT_3D ( 'NONE', #2237, #6969, #2948 ) ;
#2793 = UNCERTAINTY_MEASURE_WITH_UNIT (LENGTH_MEASURE( 1.000000000000000082E-05 ), #1456, 'distance_accuracy_value', 'NONE');
#2794 =( NAMED_UNIT ( * ) SI_UNIT ( $, .STERADIAN. ) SOLID_ANGLE_UNIT ( ) );
#2795 = ORIENTED_EDGE ( 'NONE', *, *, #7106, .F. ) ;
#2796 = PLANE ( 'NONE',  #6407 ) ;
#2797 = VERTEX_POINT ( 'NONE', #5099 ) ;
#2798 = EDGE_LOOP ( 'NONE', ( #6849, #7329, #197, #2292 ) ) ;
#2799 = ADVANCED_FACE ( 'NONE', ( #2459 ), #6310, .F. ) ;
#2800 = FILL_AREA_STYLE_COLOUR ( '', #4665 ) ;
#2801 = PLANE ( 'NONE',  #2751 ) ;
#2802 =( GEOMETRIC_REPRESENTATION_CONTEXT ( 3 ) GLOBAL_UNCERTAINTY_ASSIGNED_CONTEXT ( ( #7655 ) ) GLOBAL_UNIT_ASSIGNED_CONTEXT ( ( #1685, #1644, #8202 ) ) REPRESENTATION_CONTEXT ( 'NONE', 'WORKASPACE' ) );
#2803 = ADVANCED_FACE ( 'NONE', ( #801 ), #5584, .F. ) ;
#2804 = DIRECTION ( 'NONE',  ( 0.000000000000000000, 1.000000000000000000, 0.000000000000000000 ) ) ;
#2805 = CARTESIAN_POINT ( 'NONE',  ( 0.3200000000000000067, -7.299999999999999822, -3.000000000000000000 ) ) ;
#2806 = CARTESIAN_POINT ( 'NONE',  ( -0.1600000000000000033, -5.400000000000000355, 8.540000000000000924 ) ) ;
#2807 = FACE_OUTER_BOUND ( 'NONE', #1324, .T. ) ;
#2808 = VECTOR ( 'NONE', #6987, 1000.000000000000000 ) ;
#2809 = ORIENTED_EDGE ( 'NONE', *, *, #8517, .F. ) ;
#2810 = ORIENTED_EDGE ( 'NONE', *, *, #6166, .T. ) ;
#2811 = PRESENTATION_STYLE_ASSIGNMENT (( #8136 ) ) ;
#2812 = VERTEX_POINT ( 'NONE', #6138 ) ;
#2813 = FILL_AREA_STYLE_COLOUR ( '', #4931 ) ;
#2814 = CARTESIAN_POINT ( 'NONE',  ( 0.1600000000000000033, -10.48000000000000043, 8.540000000000000924 ) ) ;
#2815 = CARTESIAN_POINT ( 'NONE',  ( 0.1600000000000000033, -2.380000000000000338, 8.540000000000000924 ) ) ;
#2816 = PLANE ( 'NONE',  #7651 ) ;
#2817 = FACE_OUTER_BOUND ( 'NONE', #1434, .T. ) ;
#2818 = DIRECTION ( 'NONE',  ( -0.7071067811865475727, 0.7071067811865475727, 0.000000000000000000 ) ) ;
#2819 = ORIENTED_EDGE ( 'NONE', *, *, #4229, .T. ) ;
#2820 = SURFACE_STYLE_USAGE ( .BOTH. , #899 ) ;
#2821 = LINE ( 'NONE', #3559, #140 ) ;
#2822 = FACE_OUTER_BOUND ( 'NONE', #4069, .T. ) ;
#2823 = LINE ( 'NONE', #902, #3862 ) ;
#2824 = EDGE_CURVE ( 'NONE', #3867, #1941, #7548, .T. ) ;
#2825 = LINE ( 'NONE', #5467, #598 ) ;
#2826 = DIRECTION ( 'NONE',  ( 0.000000000000000000, 1.000000000000000000, 0.000000000000000000 ) ) ;
#2827 = VECTOR ( 'NONE', #8449, 1000.000000000000000 ) ;
#2828 = SURFACE_STYLE_FILL_AREA ( #1604 ) ;
#2829 = FILL_AREA_STYLE ('',( #183 ) ) ;
#2830 = ORIENTED_EDGE ( 'NONE', *, *, #1067, .T. ) ;
#2831 = ORIENTED_EDGE ( 'NONE', *, *, #1630, .T. ) ;
#2832 = ADVANCED_FACE ( 'NONE', ( #7377 ), #8032, .F. ) ;
#2833 = DIRECTION ( 'NONE',  ( 0.000000000000000000, 1.000000000000000000, 0.000000000000000000 ) ) ;
#2834 = LINE ( 'NONE', #7312, #677 ) ;
#2835 = LINE ( 'NONE', #5430, #6136 ) ;
#2836 = CARTESIAN_POINT ( 'NONE',  ( -0.3200000000000000067, -0.3200000000000000067, -2.839999999999999858 ) ) ;
#2837 = SURFACE_STYLE_USAGE ( .BOTH. , #6169 ) ;
#2838 = ORIENTED_EDGE ( 'NONE', *, *, #2635, .T. ) ;
#2839 = ORIENTED_EDGE ( 'NONE', *, *, #3846, .T. ) ;
#2840 = MECHANICAL_DESIGN_GEOMETRIC_PRESENTATION_REPRESENTATION (  '', ( #1863 ), #7894 ) ;
#2841 = ORIENTED_EDGE ( 'NONE', *, *, #6003, .T. ) ;
#2842 = PLANE ( 'NONE',  #1648 ) ;
#2843 = DIRECTION ( 'NONE',  ( 1.000000000000000000, 0.000000000000000000, 0.000000000000000000 ) ) ;
#2844 = VECTOR ( 'NONE', #6854, 1000.000000000000000 ) ;
#2845 = CARTESIAN_POINT ( 'NONE',  ( 1.270000000000000018, -8.635999999999999233, 2.540000000000000036 ) ) ;
#2846 =( GEOMETRIC_REPRESENTATION_CONTEXT ( 3 ) GLOBAL_UNCERTAINTY_ASSIGNED_CONTEXT ( ( #5502 ) ) GLOBAL_UNIT_ASSIGNED_CONTEXT ( ( #594, #4543, #1964 ) ) REPRESENTATION_CONTEXT ( 'NONE', 'WORKASPACE' ) );
#2847 = FACE_OUTER_BOUND ( 'NONE', #6093, .T. ) ;
#2848 = CARTESIAN_POINT ( 'NONE',  ( -0.3200000000000000067, -18.10000000000000142, 8.540000000000000924 ) ) ;
#2849 = VECTOR ( 'NONE', #5789, 1000.000000000000000 ) ;
#2850 = VECTOR ( 'NONE', #1297, 1000.000000000000000 ) ;
#2851 =( NAMED_UNIT ( * ) PLANE_ANGLE_UNIT ( ) SI_UNIT ( $, .RADIAN. ) );
#2852 = DIRECTION ( 'NONE',  ( 1.735167508356890344E-18, 0.7071067811865475727, 0.7071067811865475727 ) ) ;
#2853 = CARTESIAN_POINT ( 'NONE',  ( -0.3200000000000000067, -17.53999999999999915, -2.919999999999999929 ) ) ;
#2854 = ORIENTED_EDGE ( 'NONE', *, *, #6890, .T. ) ;
#2855 = CARTESIAN_POINT ( 'NONE',  ( -0.3200000000000000067, -17.94000000000000128, -3.000000000000000000 ) ) ;
#2856 = EDGE_LOOP ( 'NONE', ( #8178, #7820, #8469, #359 ) ) ;
#2857 = DIRECTION ( 'NONE',  ( 1.000000000000000000, 0.000000000000000000, 0.000000000000000000 ) ) ;
#2858 = COLOUR_RGB ( '',0.8588235294117646523, 0.7372549019607843590, 0.4941176470588235503 ) ;
#2859 = EDGE_LOOP ( 'NONE', ( #1920, #6016, #4196, #6791 ) ) ;
#2860 = SURFACE_SIDE_STYLE ('',( #2056 ) ) ;
#2861 = MECHANICAL_DESIGN_GEOMETRIC_PRESENTATION_REPRESENTATION (  '', ( #229 ), #5035 ) ;
#2862 =( NAMED_UNIT ( * ) SI_UNIT ( $, .STERADIAN. ) SOLID_ANGLE_UNIT ( ) );
#2863 =( GEOMETRIC_REPRESENTATION_CONTEXT ( 3 ) GLOBAL_UNCERTAINTY_ASSIGNED_CONTEXT ( ( #4301 ) ) GLOBAL_UNIT_ASSIGNED_CONTEXT ( ( #5978, #730, #1258 ) ) REPRESENTATION_CONTEXT ( 'NONE', 'WORKASPACE' ) );
#2864 = UNCERTAINTY_MEASURE_WITH_UNIT (LENGTH_MEASURE( 1.000000000000000082E-05 ), #7662, 'distance_accuracy_value', 'NONE');
#2865 = ORIENTED_EDGE ( 'NONE', *, *, #8055, .T. ) ;
#2866 = DIRECTION ( 'NONE',  ( 0.000000000000000000, 1.000000000000000000, 0.000000000000000000 ) ) ;
#2867 = FACE_OUTER_BOUND ( 'NONE', #7406, .T. ) ;
#2868 = COLOUR_RGB ( '',0.8588235294117646523, 0.7372549019607843590, 0.4941176470588235503 ) ;
#2869 = ORIENTED_EDGE ( 'NONE', *, *, #7372, .T. ) ;
#2870 = CARTESIAN_POINT ( 'NONE',  ( -0.1600000000000000033, -17.62000000000000099, 8.540000000000000924 ) ) ;
#2871 = SURFACE_SIDE_STYLE ('',( #5465 ) ) ;
#2872 = PLANE ( 'NONE',  #6844 ) ;
#2873 = EDGE_CURVE ( 'NONE', #186, #1382, #8083, .T. ) ;
#2874 = FILL_AREA_STYLE_COLOUR ( '', #3490 ) ;
#2875 = COLOUR_RGB ( '',0.8588235294117646523, 0.7372549019607843590, 0.4941176470588235503 ) ;
#2876 =( NAMED_UNIT ( * ) PLANE_ANGLE_UNIT ( ) SI_UNIT ( $, .RADIAN. ) );
#2877 =( NAMED_UNIT ( * ) PLANE_ANGLE_UNIT ( ) SI_UNIT ( $, .RADIAN. ) );
#2878 = AXIS2_PLACEMENT_3D ( 'NONE', #3410, #6006, #4720 ) ;
#2879 = PRESENTATION_STYLE_ASSIGNMENT (( #5421 ) ) ;
#2880 = STYLED_ITEM ( 'NONE', ( #841 ), #7824 ) ;
#2881 = ADVANCED_FACE ( 'NONE', ( #4246 ), #4164, .T. ) ;
#2882 = PRESENTATION_STYLE_ASSIGNMENT (( #3429 ) ) ;
#2883 = ORIENTED_EDGE ( 'NONE', *, *, #8141, .T. ) ;
#2884 = ORIENTED_EDGE ( 'NONE', *, *, #628, .F. ) ;
#2885 = SURFACE_STYLE_USAGE ( .BOTH. , #7355 ) ;
#2886 = ORIENTED_EDGE ( 'NONE', *, *, #2371, .T. ) ;
#2887 = LINE ( 'NONE', #999, #283 ) ;
#2888 = MECHANICAL_DESIGN_GEOMETRIC_PRESENTATION_REPRESENTATION (  '', ( #2880 ), #2331 ) ;
#2889 = EDGE_CURVE ( 'NONE', #4738, #3680, #2378, .T. ) ;
#2890 = DIRECTION ( 'NONE',  ( 0.7071067811865474617, -0.7071067811865474617, 0.000000000000000000 ) ) ;
#2891 = UNCERTAINTY_MEASURE_WITH_UNIT (LENGTH_MEASURE( 1.000000000000000082E-05 ), #4781, 'distance_accuracy_value', 'NONE');
#2892 = CARTESIAN_POINT ( 'NONE',  ( 0.1600000000000000033, -5.240000000000000213, 8.540000000000000924 ) ) ;
#2893 = VERTEX_POINT ( 'NONE', #7096 ) ;
#2894 = ORIENTED_EDGE ( 'NONE', *, *, #2039, .F. ) ;
#2895 = AXIS2_PLACEMENT_3D ( 'NONE', #5982, #4615, #2704 ) ;
#2896 =( GEOMETRIC_REPRESENTATION_CONTEXT ( 3 ) GLOBAL_UNCERTAINTY_ASSIGNED_CONTEXT ( ( #4235 ) ) GLOBAL_UNIT_ASSIGNED_CONTEXT ( ( #574, #6506, #4564 ) ) REPRESENTATION_CONTEXT ( 'NONE', 'WORKASPACE' ) );
#2897 = ORIENTED_EDGE ( 'NONE', *, *, #3702, .F. ) ;
#2898 = DIRECTION ( 'NONE',  ( 0.000000000000000000, 1.000000000000000000, 0.000000000000000000 ) ) ;
#2899 = EDGE_CURVE ( 'NONE', #6207, #3141, #3713, .T. ) ;
#2900 = LINE ( 'NONE', #1575, #5016 ) ;
#2901 = CARTESIAN_POINT ( 'NONE',  ( -0.3200000000000000067, -7.299999999999999822, -3.000000000000000000 ) ) ;
#2902 = VECTOR ( 'NONE', #2390, 1000.000000000000114 ) ;
#2903 = CARTESIAN_POINT ( 'NONE',  ( 0.3200000000000000067, -18.10000000000000142, 8.380000000000000782 ) ) ;
#2904 = SURFACE_STYLE_USAGE ( .BOTH. , #2290 ) ;
#2905 = FILL_AREA_STYLE ('',( #6787 ) ) ;
#2906 = EDGE_LOOP ( 'NONE', ( #2928, #743, #4239, #8088 ) ) ;
#2907 = DIRECTION ( 'NONE',  ( -0.7071067811865474617, 0.7071067811865474617, 0.000000000000000000 ) ) ;
#2908 = VERTEX_POINT ( 'NONE', #3149 ) ;
#2909 = ADVANCED_FACE ( 'NONE', ( #5668 ), #1802, .F. ) ;
#2910 =( NAMED_UNIT ( * ) SI_UNIT ( $, .STERADIAN. ) SOLID_ANGLE_UNIT ( ) );
#2911 = ORIENTED_EDGE ( 'NONE', *, *, #3028, .F. ) ;
#2912 = DIRECTION ( 'NONE',  ( 0.000000000000000000, 0.000000000000000000, 1.000000000000000000 ) ) ;
#2913 = DIRECTION ( 'NONE',  ( 0.000000000000000000, -1.000000000000000000, 0.000000000000000000 ) ) ;
#2914 = VECTOR ( 'NONE', #2087, 1000.000000000000114 ) ;
#2915 = EDGE_LOOP ( 'NONE', ( #2076, #2959, #4296, #3555 ) ) ;
#2916 =( NAMED_UNIT ( * ) PLANE_ANGLE_UNIT ( ) SI_UNIT ( $, .RADIAN. ) );
#2917 = ORIENTED_EDGE ( 'NONE', *, *, #8359, .T. ) ;
#2918 = FACE_OUTER_BOUND ( 'NONE', #3860, .T. ) ;
#2919 = CARTESIAN_POINT ( 'NONE',  ( 0.2400000000000000189, -0.3200000000000000067, 8.460000000000000853 ) ) ;
#2920 = SURFACE_STYLE_FILL_AREA ( #1724 ) ;
#2921 = CARTESIAN_POINT ( 'NONE',  ( -0.3200000000000000067, -12.38000000000000078, -3.000000000000000000 ) ) ;
#2922 = AXIS2_PLACEMENT_3D ( 'NONE', #1691, #3520, #6116 ) ;
#2923 = CARTESIAN_POINT ( 'NONE',  ( 0.3200000000000000067, -7.299999999999999822, -3.000000000000000000 ) ) ;
#2924 = EDGE_CURVE ( 'NONE', #1645, #5484, #7048, .T. ) ;
#2925 =( GEOMETRIC_REPRESENTATION_CONTEXT ( 3 ) GLOBAL_UNCERTAINTY_ASSIGNED_CONTEXT ( ( #3291 ) ) GLOBAL_UNIT_ASSIGNED_CONTEXT ( ( #8177, #1838, #5751 ) ) REPRESENTATION_CONTEXT ( 'NONE', 'WORKASPACE' ) );
#2926 = DIRECTION ( 'NONE',  ( 0.000000000000000000, 0.000000000000000000, 1.000000000000000000 ) ) ;
#2927 = DIRECTION ( 'NONE',  ( 1.735167508356888803E-18, -0.7071067811865475727, -0.7071067811865475727 ) ) ;
#2928 = ORIENTED_EDGE ( 'NONE', *, *, #4306, .T. ) ;
#2929 = ORIENTED_EDGE ( 'NONE', *, *, #1216, .F. ) ;
#2930 = CARTESIAN_POINT ( 'NONE',  ( -0.3200000000000000067, -4.760000000000000675, 8.380000000000000782 ) ) ;
#2931 = VECTOR ( 'NONE', #7650, 1000.000000000000000 ) ;
#2932 = EDGE_LOOP ( 'NONE', ( #4117, #6131, #3558, #5085 ) ) ;
#2933 = DIRECTION ( 'NONE',  ( 1.000000000000000000, 0.000000000000000000, 0.000000000000000000 ) ) ;
#2934 = COLOUR_RGB ( '',0.1450980392156862586, 0.1411764705882352922, 0.1411764705882352922 ) ;
#2935 =( NAMED_UNIT ( * ) PLANE_ANGLE_UNIT ( ) SI_UNIT ( $, .RADIAN. ) );
#2936 = SURFACE_STYLE_USAGE ( .BOTH. , #6167 ) ;
#2937 = PRESENTATION_LAYER_ASSIGNMENT (  '', '', ( #7160 ) ) ;
#2938 =( NAMED_UNIT ( * ) PLANE_ANGLE_UNIT ( ) SI_UNIT ( $, .RADIAN. ) );
#2939 = ORIENTED_EDGE ( 'NONE', *, *, #5479, .F. ) ;
#2940 = PRESENTATION_STYLE_ASSIGNMENT (( #5618 ) ) ;
#2941 = ORIENTED_EDGE ( 'NONE', *, *, #2329, .F. ) ;
#2942 = ORIENTED_EDGE ( 'NONE', *, *, #5032, .F. ) ;
#2943 = FACE_OUTER_BOUND ( 'NONE', #2675, .T. ) ;
#2944 = VECTOR ( 'NONE', #5304, 1000.000000000000114 ) ;
#2945 = EDGE_CURVE ( 'NONE', #5400, #2137, #2552, .T. ) ;
#2946 = AXIS2_PLACEMENT_3D ( 'NONE', #785, #3392, #7364 ) ;
#2947 = FACE_OUTER_BOUND ( 'NONE', #5941, .T. ) ;
#2948 = DIRECTION ( 'NONE',  ( 2.453897423307444850E-18, 1.000000000000000000, 0.000000000000000000 ) ) ;
#2949 = VERTEX_POINT ( 'NONE', #1148 ) ;
#2950 = PLANE ( 'NONE',  #5569 ) ;
#2951 = ORIENTED_EDGE ( 'NONE', *, *, #114, .T. ) ;
#2952 = VERTEX_POINT ( 'NONE', #7687 ) ;
#2953 = CARTESIAN_POINT ( 'NONE',  ( -0.3200000000000000067, -12.38000000000000078, 8.380000000000000782 ) ) ;
#2954 = EDGE_CURVE ( 'NONE', #4821, #1265, #7729, .T. ) ;
#2955 = AXIS2_PLACEMENT_3D ( 'NONE', #6630, #5337, #7957 ) ;
#2956 = UNCERTAINTY_MEASURE_WITH_UNIT (LENGTH_MEASURE( 1.000000000000000082E-05 ), #8052, 'distance_accuracy_value', 'NONE');
#2957 = ORIENTED_EDGE ( 'NONE', *, *, #1477, .F. ) ;
#2958 = LINE ( 'NONE', #8314, #7483 ) ;
#2959 = ORIENTED_EDGE ( 'NONE', *, *, #5201, .T. ) ;
#2960 = FILL_AREA_STYLE_COLOUR ( '', #1932 ) ;
#2961 =( LENGTH_UNIT ( ) NAMED_UNIT ( * ) SI_UNIT ( .MILLI., .METRE. ) );
#2962 = CARTESIAN_POINT ( 'NONE',  ( -0.1600000000000000033, -15.55999999999999872, -3.000000000000000000 ) ) ;
#2963 = PRESENTATION_STYLE_ASSIGNMENT (( #2263 ) ) ;
#2964 = ADVANCED_FACE ( 'NONE', ( #3195 ), #3789, .F. ) ;
#2965 = PLANE ( 'NONE',  #4007 ) ;
#2966 = CARTESIAN_POINT ( 'NONE',  ( 0.3200000000000000067, -0.3200000000000000067, -3.000000000000000000 ) ) ;
#2967 = ORIENTED_EDGE ( 'NONE', *, *, #2222, .T. ) ;
#2968 = ORIENTED_EDGE ( 'NONE', *, *, #6157, .T. ) ;
#2969 = CARTESIAN_POINT ( 'NONE',  ( -0.3200000000000000067, -7.299999999999999822, 2.540000000000000036 ) ) ;
#2970 =( NAMED_UNIT ( * ) PLANE_ANGLE_UNIT ( ) SI_UNIT ( $, .RADIAN. ) );
#2971 = COLOUR_RGB ( '',0.8588235294117646523, 0.7372549019607843590, 0.4941176470588235503 ) ;
#2972 = UNCERTAINTY_MEASURE_WITH_UNIT (LENGTH_MEASURE( 1.000000000000000082E-05 ), #1608, 'distance_accuracy_value', 'NONE');
#2973 = SURFACE_STYLE_FILL_AREA ( #7039 ) ;
#2974 = VERTEX_POINT ( 'NONE', #7847 ) ;
#2975 = LINE ( 'NONE', #3017, #3266 ) ;
#2976 = ORIENTED_EDGE ( 'NONE', *, *, #167, .F. ) ;
#2977 = ORIENTED_EDGE ( 'NONE', *, *, #6513, .F. ) ;
#2978 = CARTESIAN_POINT ( 'NONE',  ( -0.1600000000000000033, -15.40000000000000036, -3.000000000000000000 ) ) ;
#2979 =( NAMED_UNIT ( * ) SI_UNIT ( $, .STERADIAN. ) SOLID_ANGLE_UNIT ( ) );
#2980 = FILL_AREA_STYLE_COLOUR ( '', #4321 ) ;
#2981 = AXIS2_PLACEMENT_3D ( 'NONE', #3955, #6613, #5274 ) ;
#2982 = DIRECTION ( 'NONE',  ( 0.7071067811865475727, 0.7071067811865475727, 0.000000000000000000 ) ) ;
#2983 = ORIENTED_EDGE ( 'NONE', *, *, #6324, .F. ) ;
#2984 = DIRECTION ( 'NONE',  ( 1.000000000000000000, 0.000000000000000000, 0.000000000000000000 ) ) ;
#2985 = ORIENTED_EDGE ( 'NONE', *, *, #7411, .F. ) ;
#2986 = EDGE_CURVE ( 'NONE', #3352, #1773, #1388, .T. ) ;
#2987 = EDGE_CURVE ( 'NONE', #7767, #3361, #4499, .T. ) ;
#2988 = SURFACE_STYLE_FILL_AREA ( #1016 ) ;
#2989 = COLOUR_RGB ( '',0.8588235294117646523, 0.7372549019607843590, 0.4941176470588235503 ) ;
#2990 = AXIS2_PLACEMENT_3D ( 'NONE', #249, #3626, #2333 ) ;
#2991 = DIRECTION ( 'NONE',  ( 0.000000000000000000, 1.000000000000000000, 0.000000000000000000 ) ) ;
#2992 =( NAMED_UNIT ( * ) PLANE_ANGLE_UNIT ( ) SI_UNIT ( $, .RADIAN. ) );
#2993 = PRESENTATION_LAYER_ASSIGNMENT (  '', '', ( #900 ) ) ;
#2994 = CARTESIAN_POINT ( 'NONE',  ( -0.1600000000000000033, -12.54000000000000092, -3.000000000000000000 ) ) ;
#2995 = EDGE_CURVE ( 'NONE', #1584, #7462, #1917, .T. ) ;
#2996 = COLOUR_RGB ( '',0.8588235294117646523, 0.7372549019607843590, 0.4941176470588235503 ) ;
#2997 = ORIENTED_EDGE ( 'NONE', *, *, #7178, .T. ) ;
#2998 = PLANE ( 'NONE',  #6799 ) ;
#2999 = CARTESIAN_POINT ( 'NONE',  ( -1.270000000000000018, -13.71600000000000108, 2.540000000000000036 ) ) ;
#3000 = ORIENTED_EDGE ( 'NONE', *, *, #3553, .T. ) ;
#3001 =( GEOMETRIC_REPRESENTATION_CONTEXT ( 3 ) GLOBAL_UNCERTAINTY_ASSIGNED_CONTEXT ( ( #5772 ) ) GLOBAL_UNIT_ASSIGNED_CONTEXT ( ( #3054, #4279, #7036 ) ) REPRESENTATION_CONTEXT ( 'NONE', 'WORKASPACE' ) );
#3002 = CARTESIAN_POINT ( 'NONE',  ( -0.1600000000000000033, -10.00000000000000000, 8.540000000000000924 ) ) ;
#3003 = CARTESIAN_POINT ( 'NONE',  ( -0.3200000000000000067, -15.55999999999999872, 8.380000000000000782 ) ) ;
#3004 = LINE ( 'NONE', #5042, #4734 ) ;
#3005 =( NAMED_UNIT ( * ) PLANE_ANGLE_UNIT ( ) SI_UNIT ( $, .RADIAN. ) );
#3006 = PRESENTATION_LAYER_ASSIGNMENT (  '', '', ( #5174 ) ) ;
#3007 =( GEOMETRIC_REPRESENTATION_CONTEXT ( 3 ) GLOBAL_UNCERTAINTY_ASSIGNED_CONTEXT ( ( #8188 ) ) GLOBAL_UNIT_ASSIGNED_CONTEXT ( ( #8363, #5110, #2473 ) ) REPRESENTATION_CONTEXT ( 'NONE', 'WORKASPACE' ) );
#3008 = AXIS2_PLACEMENT_3D ( 'NONE', #4443, #957, #3053 ) ;
#3009 = VERTEX_POINT ( 'NONE', #5312 ) ;
#3010 = EDGE_LOOP ( 'NONE', ( #6689, #415, #5609, #4106 ) ) ;
#3011 = LINE ( 'NONE', #5611, #7196 ) ;
#3012 = DIRECTION ( 'NONE',  ( 0.000000000000000000, 1.000000000000000000, 0.000000000000000000 ) ) ;
#3013 = AXIS2_PLACEMENT_3D ( 'NONE', #6731, #6214, #8067 ) ;
#3014 = PLANE ( 'NONE',  #2592 ) ;
#3015 = CARTESIAN_POINT ( 'NONE',  ( 0.1600000000000000033, -12.85999999999999943, -3.000000000000000000 ) ) ;
#3016 = PRESENTATION_STYLE_ASSIGNMENT (( #2366 ) ) ;
#3017 = CARTESIAN_POINT ( 'NONE',  ( -0.1600000000000000033, -10.48000000000000043, 0.000000000000000000 ) ) ;
#3018 = VERTEX_POINT ( 'NONE', #3949 ) ;
#3019 = ORIENTED_EDGE ( 'NONE', *, *, #4399, .F. ) ;
#3020 = EDGE_CURVE ( 'NONE', #2445, #4742, #7131, .T. ) ;
#3021 = CARTESIAN_POINT ( 'NONE',  ( -0.3200000000000000067, -8.415000000000000924, 0.000000000000000000 ) ) ;
#3022 = SURFACE_SIDE_STYLE ('',( #4330 ) ) ;
#3023 = VECTOR ( 'NONE', #4456, 1000.000000000000000 ) ;
#3024 = DIRECTION ( 'NONE',  ( -0.7071067811865474617, -0.7071067811865474617, 0.000000000000000000 ) ) ;
#3025 = ORIENTED_EDGE ( 'NONE', *, *, #3201, .T. ) ;
#3026 =( NAMED_UNIT ( * ) SI_UNIT ( $, .STERADIAN. ) SOLID_ANGLE_UNIT ( ) );
#3027 = EDGE_LOOP ( 'NONE', ( #7988, #6486, #3431, #2420 ) ) ;
#3028 = EDGE_CURVE ( 'NONE', #2281, #2532, #5268, .T. ) ;
#3029 = CARTESIAN_POINT ( 'NONE',  ( -0.1600000000000000033, -12.54000000000000092, 8.540000000000000924 ) ) ;
#3030 = EDGE_CURVE ( 'NONE', #3734, #1382, #3987, .T. ) ;
#3031 = LINE ( 'NONE', #5631, #3466 ) ;
#3032 = AXIS2_PLACEMENT_3D ( 'NONE', #349, #2430, #989 ) ;
#3033 = AXIS2_PLACEMENT_3D ( 'NONE', #6748, #5365, #7330 ) ;
#3034 = FILL_AREA_STYLE ('',( #2423 ) ) ;
#3035 = EDGE_CURVE ( 'NONE', #5352, #4709, #6484, .T. ) ;
#3036 = CARTESIAN_POINT ( 'NONE',  ( 1.270000000000000018, -11.68399999999999928, 0.000000000000000000 ) ) ;
#3037 = UNCERTAINTY_MEASURE_WITH_UNIT (LENGTH_MEASURE( 1.000000000000000082E-05 ), #1886, 'distance_accuracy_value', 'NONE');
#3038 = ORIENTED_EDGE ( 'NONE', *, *, #5892, .T. ) ;
#3039 = VECTOR ( 'NONE', #5142, 1000.000000000000114 ) ;
#3040 = CARTESIAN_POINT ( 'NONE',  ( -0.3200000000000000067, -7.939999999999999503, 0.000000000000000000 ) ) ;
#3041 = VERTEX_POINT ( 'NONE', #2003 ) ;
#3042 = FACE_OUTER_BOUND ( 'NONE', #7531, .T. ) ;
#3043 = SURFACE_SIDE_STYLE ('',( #5680 ) ) ;
#3044 = MECHANICAL_DESIGN_GEOMETRIC_PRESENTATION_REPRESENTATION (  '', ( #3985 ), #5630 ) ;
#3045 = PRESENTATION_LAYER_ASSIGNMENT (  '', '', ( #6325 ) ) ;
#3046 = CARTESIAN_POINT ( 'NONE',  ( 0.05333333333332999915, -17.72666666666000168, -3.106666666666999976 ) ) ;
#3047 = SURFACE_SIDE_STYLE ('',( #3604 ) ) ;
#3048 = CARTESIAN_POINT ( 'NONE',  ( 0.3200000000000000067, -14.91999999999999993, -2.839999999999999858 ) ) ;
#3049 = ORIENTED_EDGE ( 'NONE', *, *, #208, .T. ) ;
#3050 = ORIENTED_EDGE ( 'NONE', *, *, #7897, .T. ) ;
#3051 = AXIS2_PLACEMENT_3D ( 'NONE', #1614, #3570, #3052 ) ;
#3052 = DIRECTION ( 'NONE',  ( 0.000000000000000000, 1.000000000000000000, 0.000000000000000000 ) ) ;
#3053 = DIRECTION ( 'NONE',  ( 0.000000000000000000, 1.000000000000000000, 0.000000000000000000 ) ) ;
#3054 =( LENGTH_UNIT ( ) NAMED_UNIT ( * ) SI_UNIT ( .MILLI., .METRE. ) );
#3055 = EDGE_CURVE ( 'NONE', #623, #4831, #592, .T. ) ;
#3056 = SURFACE_STYLE_USAGE ( .BOTH. , #1218 ) ;
#3057 = UNCERTAINTY_MEASURE_WITH_UNIT (LENGTH_MEASURE( 1.000000000000000082E-05 ), #8208, 'distance_accuracy_value', 'NONE');
#3058 = FACE_OUTER_BOUND ( 'NONE', #5215, .T. ) ;
#3059 = AXIS2_PLACEMENT_3D ( 'NONE', #6241, #350, #1161 ) ;
#3060 = VERTEX_POINT ( 'NONE', #3394 ) ;
#3061 = CARTESIAN_POINT ( 'NONE',  ( -0.3200000000000000067, -18.10000000000000142, -3.000000000000000000 ) ) ;
#3062 = PLANE ( 'NONE',  #551 ) ;
#3063 =( GEOMETRIC_REPRESENTATION_CONTEXT ( 3 ) GLOBAL_UNCERTAINTY_ASSIGNED_CONTEXT ( ( #4490 ) ) GLOBAL_UNIT_ASSIGNED_CONTEXT ( ( #2247, #5540, #4252 ) ) REPRESENTATION_CONTEXT ( 'NONE', 'WORKASPACE' ) );
#3064 = PLANE ( 'NONE',  #6117 ) ;
#3065 = FILL_AREA_STYLE_COLOUR ( '', #1286 ) ;
#3066 = AXIS2_PLACEMENT_3D ( 'NONE', #2422, #4981, #6889 ) ;
#3067 = AXIS2_PLACEMENT_3D ( 'NONE', #3925, #2654, #7908 ) ;
#3068 = SURFACE_SIDE_STYLE ('',( #3711 ) ) ;
#3069 = EDGE_CURVE ( 'NONE', #2006, #758, #5830, .T. ) ;
#3070 = SURFACE_STYLE_FILL_AREA ( #6317 ) ;
#3071 = DIRECTION ( 'NONE',  ( 0.000000000000000000, 1.000000000000000000, 0.000000000000000000 ) ) ;
#3072 = ORIENTED_EDGE ( 'NONE', *, *, #7480, .F. ) ;
#3073 = ORIENTED_EDGE ( 'NONE', *, *, #4262, .F. ) ;
#3074 = EDGE_CURVE ( 'NONE', #1361, #8238, #100, .T. ) ;
#3075 = AXIS2_PLACEMENT_3D ( 'NONE', #5437, #8069, #2170 ) ;
#3076 = FILL_AREA_STYLE_COLOUR ( '', #2070 ) ;
#3077 = PLANE ( 'NONE',  #3066 ) ;
#3078 = VECTOR ( 'NONE', #4833, 1000.000000000000000 ) ;
#3079 =( GEOMETRIC_REPRESENTATION_CONTEXT ( 3 ) GLOBAL_UNCERTAINTY_ASSIGNED_CONTEXT ( ( #2519 ) ) GLOBAL_UNIT_ASSIGNED_CONTEXT ( ( #7494, #3562, #8054 ) ) REPRESENTATION_CONTEXT ( 'NONE', 'WORKASPACE' ) );
#3080 = DIRECTION ( 'NONE',  ( 1.000000000000000000, 0.000000000000000000, 0.000000000000000000 ) ) ;
#3081 = CARTESIAN_POINT ( 'NONE',  ( 0.05333333333332999915, -15.18666666666000076, -3.106666666666999976 ) ) ;
#3082 = ORIENTED_EDGE ( 'NONE', *, *, #6754, .T. ) ;
#3083 = CARTESIAN_POINT ( 'NONE',  ( -0.3200000000000000067, -13.01999999999999957, 0.000000000000000000 ) ) ;
#3084 = CARTESIAN_POINT ( 'NONE',  ( -0.2400000000000000189, -13.01999999999999957, -2.919999999999999929 ) ) ;
#3085 = LINE ( 'NONE', #3003, #4984 ) ;
#3086 = DIRECTION ( 'NONE',  ( 0.000000000000000000, 1.000000000000000000, 0.000000000000000000 ) ) ;
#3087 = FACE_OUTER_BOUND ( 'NONE', #6184, .T. ) ;
#3088 = VECTOR ( 'NONE', #3012, 1000.000000000000000 ) ;
#3089 = DIRECTION ( 'NONE',  ( -1.000000000000000000, 0.000000000000000000, 2.453897423307444850E-18 ) ) ;
#3090 = ORIENTED_EDGE ( 'NONE', *, *, #2099, .F. ) ;
#3091 = ORIENTED_EDGE ( 'NONE', *, *, #1867, .T. ) ;
#3092 = COLOUR_RGB ( '',0.1450980392156862586, 0.1411764705882352922, 0.1411764705882352922 ) ;
#3093 = FACE_OUTER_BOUND ( 'NONE', #4766, .T. ) ;
#3094 = EDGE_CURVE ( 'NONE', #7463, #4082, #7882, .T. ) ;
#3095 = CARTESIAN_POINT ( 'NONE',  ( 0.05333333333332999915, -2.486666666666999870, -3.106666666666999976 ) ) ;
#3096 = VECTOR ( 'NONE', #4039, 1000.000000000000114 ) ;
#3097 = SURFACE_STYLE_FILL_AREA ( #4924 ) ;
#3098 = EDGE_CURVE ( 'NONE', #6904, #5451, #5191, .T. ) ;
#3099 = MECHANICAL_DESIGN_GEOMETRIC_PRESENTATION_REPRESENTATION (  '', ( #1981 ), #1416 ) ;
#3100 = ORIENTED_EDGE ( 'NONE', *, *, #5377, .F. ) ;
#3101 = PLANE ( 'NONE',  #7819 ) ;
#3102 = LINE ( 'NONE', #6436, #2049 ) ;
#3103 = FACE_OUTER_BOUND ( 'NONE', #2543, .T. ) ;
#3104 = VECTOR ( 'NONE', #5875, 1000.000000000000000 ) ;
#3105 = LINE ( 'NONE', #1098, #7989 ) ;
#3106 = CARTESIAN_POINT ( 'NONE',  ( 0.3200000000000000067, -0.3200000000000000067, -2.839999999999999858 ) ) ;
#3107 = CARTESIAN_POINT ( 'NONE',  ( -0.3200000000000000067, -2.860000000000000320, 8.540000000000000924 ) ) ;
#3108 = ORIENTED_EDGE ( 'NONE', *, *, #3700, .T. ) ;
#3109 = DIRECTION ( 'NONE',  ( 0.000000000000000000, -1.000000000000000000, 0.000000000000000000 ) ) ;
#3110 = ORIENTED_EDGE ( 'NONE', *, *, #6041, .T. ) ;
#3111 = MECHANICAL_DESIGN_GEOMETRIC_PRESENTATION_REPRESENTATION (  '', ( #6518 ), #613 ) ;
#3112 =( NAMED_UNIT ( * ) SI_UNIT ( $, .STERADIAN. ) SOLID_ANGLE_UNIT ( ) );
#3113 = VECTOR ( 'NONE', #6004, 1000.000000000000000 ) ;
#3114 = DIRECTION ( 'NONE',  ( -0.000000000000000000, 1.000000000000000000, 0.000000000000000000 ) ) ;
#3115 = UNCERTAINTY_MEASURE_WITH_UNIT (LENGTH_MEASURE( 1.000000000000000082E-05 ), #3584, 'distance_accuracy_value', 'NONE');
#3116 = SURFACE_STYLE_USAGE ( .BOTH. , #473 ) ;
#3117 = MECHANICAL_DESIGN_GEOMETRIC_PRESENTATION_REPRESENTATION (  '', ( #890 ), #6660 ) ;
#3118 = EDGE_LOOP ( 'NONE', ( #3237, #3632, #5270, #1619 ) ) ;
#3119 = SURFACE_SIDE_STYLE ('',( #7022 ) ) ;
#3120 = SURFACE_SIDE_STYLE ('',( #3249 ) ) ;
#3121 = MECHANICAL_DESIGN_GEOMETRIC_PRESENTATION_REPRESENTATION (  '', ( #1999 ), #6258 ) ;
#3122 = DIRECTION ( 'NONE',  ( 0.7071067811865474617, 0.7071067811865474617, 0.000000000000000000 ) ) ;
#3123 = SURFACE_STYLE_FILL_AREA ( #3319 ) ;
#3124 = VECTOR ( 'NONE', #4701, 1000.000000000000000 ) ;
#3125 = PLANE ( 'NONE',  #1183 ) ;
#3126 = UNCERTAINTY_MEASURE_WITH_UNIT (LENGTH_MEASURE( 1.000000000000000082E-05 ), #3738, 'distance_accuracy_value', 'NONE');
#3127 = VECTOR ( 'NONE', #2636, 1000.000000000000000 ) ;
#3128 = SURFACE_STYLE_USAGE ( .BOTH. , #2314 ) ;
#3129 = SURFACE_STYLE_FILL_AREA ( #3769 ) ;
#3130 = ORIENTED_EDGE ( 'NONE', *, *, #7573, .F. ) ;
#3131 = VERTEX_POINT ( 'NONE', #7807 ) ;
#3132 = FILL_AREA_STYLE_COLOUR ( '', #2110 ) ;
#3133 = EDGE_CURVE ( 'NONE', #5168, #1459, #3909, .T. ) ;
#3134 = LINE ( 'NONE', #8330, #1139 ) ;
#3135 = CARTESIAN_POINT ( 'NONE',  ( -0.3200000000000000067, -14.91999999999999993, -3.000000000000000000 ) ) ;
#3136 = COLOUR_RGB ( '',0.8588235294117646523, 0.7372549019607843590, 0.4941176470588235503 ) ;
#3137 = COLOUR_RGB ( '',0.1450980392156862586, 0.1411764705882352922, 0.1411764705882352922 ) ;
#3138 = PRESENTATION_STYLE_ASSIGNMENT (( #2452 ) ) ;
#3139 = ADVANCED_FACE ( 'NONE', ( #4583 ), #3145, .F. ) ;
#3140 = CARTESIAN_POINT ( 'NONE',  ( -1.270000000000000018, -11.68399999999999928, 0.000000000000000000 ) ) ;
#3141 = VERTEX_POINT ( 'NONE', #5745 ) ;
#3142 =( NAMED_UNIT ( * ) SI_UNIT ( $, .STERADIAN. ) SOLID_ANGLE_UNIT ( ) );
#3143 =( LENGTH_UNIT ( ) NAMED_UNIT ( * ) SI_UNIT ( .MILLI., .METRE. ) );
#3144 = EDGE_CURVE ( 'NONE', #1047, #8181, #8255, .T. ) ;
#3145 = PLANE ( 'NONE',  #5979 ) ;
#3146 =( LENGTH_UNIT ( ) NAMED_UNIT ( * ) SI_UNIT ( .MILLI., .METRE. ) );
#3147 =( NAMED_UNIT ( * ) SI_UNIT ( $, .STERADIAN. ) SOLID_ANGLE_UNIT ( ) );
#3148 =( GEOMETRIC_REPRESENTATION_CONTEXT ( 3 ) GLOBAL_UNCERTAINTY_ASSIGNED_CONTEXT ( ( #5073 ) ) GLOBAL_UNIT_ASSIGNED_CONTEXT ( ( #6304, #5052, #1828 ) ) REPRESENTATION_CONTEXT ( 'NONE', 'WORKASPACE' ) );
#3149 = CARTESIAN_POINT ( 'NONE',  ( -0.3200000000000000067, -17.46000000000000085, 2.540000000000000036 ) ) ;
#3150 = EDGE_LOOP ( 'NONE', ( #3638, #3761, #8213, #2917 ) ) ;
#3151 = SURFACE_SIDE_STYLE ('',( #3791 ) ) ;
#3152 = ORIENTED_EDGE ( 'NONE', *, *, #437, .T. ) ;
#3153 = AXIS2_PLACEMENT_3D ( 'NONE', #4636, #4114, #155 ) ;
#3154 = SURFACE_STYLE_FILL_AREA ( #1881 ) ;
#3155 = FILL_AREA_STYLE_COLOUR ( '', #8513 ) ;
#3156 = ADVANCED_FACE ( 'NONE', ( #381 ), #3741, .T. ) ;
#3157 = CARTESIAN_POINT ( 'NONE',  ( 1.016000000000000014, -19.05000000000000071, 2.540000000000000036 ) ) ;
#3158 = SURFACE_STYLE_USAGE ( .BOTH. , #5072 ) ;
#3159 = SURFACE_SIDE_STYLE ('',( #5147 ) ) ;
#3160 = COLOUR_RGB ( '',0.8588235294117646523, 0.7372549019607843590, 0.4941176470588235503 ) ;
#3161 = ADVANCED_FACE ( 'NONE', ( #3103 ), #5101, .T. ) ;
#3162 = CARTESIAN_POINT ( 'NONE',  ( 1.270000000000000018, -16.76400000000000290, 0.000000000000000000 ) ) ;
#3163 =( LENGTH_UNIT ( ) NAMED_UNIT ( * ) SI_UNIT ( .MILLI., .METRE. ) );
#3164 = VERTEX_POINT ( 'NONE', #5310 ) ;
#3165 = STYLED_ITEM ( 'NONE', ( #3922 ), #6954 ) ;
#3166 =( GEOMETRIC_REPRESENTATION_CONTEXT ( 3 ) GLOBAL_UNCERTAINTY_ASSIGNED_CONTEXT ( ( #2275 ) ) GLOBAL_UNIT_ASSIGNED_CONTEXT ( ( #4956, #5608, #6340 ) ) REPRESENTATION_CONTEXT ( 'NONE', 'WORKASPACE' ) );
#3167 = CARTESIAN_POINT ( 'NONE',  ( -0.1600000000000000033, -4.760000000000000675, 0.000000000000000000 ) ) ;
#3168 = DIRECTION ( 'NONE',  ( 1.000000000000000000, 0.000000000000000000, 0.000000000000000000 ) ) ;
#3169 = LINE ( 'NONE', #3046, #8210 ) ;
#3170 = STYLED_ITEM ( 'NONE', ( #3717 ), #7065 ) ;
#3171 = PRESENTATION_LAYER_ASSIGNMENT (  '', '', ( #7391 ) ) ;
#3172 =( LENGTH_UNIT ( ) NAMED_UNIT ( * ) SI_UNIT ( .MILLI., .METRE. ) );
#3173 = SURFACE_SIDE_STYLE ('',( #1731 ) ) ;
#3174 = ORIENTED_EDGE ( 'NONE', *, *, #6431, .F. ) ;
#3175 = ORIENTED_EDGE ( 'NONE', *, *, #4791, .T. ) ;
#3176 = EDGE_CURVE ( 'NONE', #2162, #6236, #8424, .T. ) ;
#3177 = LINE ( 'NONE', #1250, #5267 ) ;
#3178 = EDGE_CURVE ( 'NONE', #6320, #1295, #1959, .T. ) ;
#3179 = DIRECTION ( 'NONE',  ( 1.000000000000000000, 0.000000000000000000, 0.000000000000000000 ) ) ;
#3180 = CARTESIAN_POINT ( 'NONE',  ( -0.3200000000000000067, -2.220000000000000195, -3.000000000000000000 ) ) ;
#3181 = AXIS2_PLACEMENT_3D ( 'NONE', #7632, #3662, #5486 ) ;
#3182 =( NAMED_UNIT ( * ) SI_UNIT ( $, .STERADIAN. ) SOLID_ANGLE_UNIT ( ) );
#3183 = DIRECTION ( 'NONE',  ( -0.7071067811865475727, 1.735167508356890344E-18, 0.7071067811865475727 ) ) ;
#3184 = COLOUR_RGB ( '',0.8588235294117646523, 0.7372549019607843590, 0.4941176470588235503 ) ;
#3185 = COLOUR_RGB ( '',0.8588235294117646523, 0.7372549019607843590, 0.4941176470588235503 ) ;
#3186 = FILL_AREA_STYLE ('',( #7919 ) ) ;
#3187 = PRESENTATION_STYLE_ASSIGNMENT (( #6433 ) ) ;
#3188 = VERTEX_POINT ( 'NONE', #4452 ) ;
#3189 = DIRECTION ( 'NONE',  ( 0.000000000000000000, 1.000000000000000000, 0.000000000000000000 ) ) ;
#3190 =( NAMED_UNIT ( * ) PLANE_ANGLE_UNIT ( ) SI_UNIT ( $, .RADIAN. ) );
#3191 = CARTESIAN_POINT ( 'NONE',  ( 0.3200000000000000067, -10.95500000000000007, 0.000000000000000000 ) ) ;
#3192 = DIRECTION ( 'NONE',  ( 0.000000000000000000, 1.000000000000000000, 0.000000000000000000 ) ) ;
#3193 = VECTOR ( 'NONE', #603, 1000.000000000000000 ) ;
#3194 = SURFACE_STYLE_USAGE ( .BOTH. , #552 ) ;
#3195 = FACE_OUTER_BOUND ( 'NONE', #951, .T. ) ;
#3196 = EDGE_LOOP ( 'NONE', ( #2391, #3019, #1581, #995 ) ) ;
#3197 = VERTEX_POINT ( 'NONE', #3864 ) ;
#3198 = CARTESIAN_POINT ( 'NONE',  ( -0.3200000000000000067, -13.01999999999999957, -3.000000000000000000 ) ) ;
#3199 = DIRECTION ( 'NONE',  ( 1.000000000000000000, 0.000000000000000000, 0.000000000000000000 ) ) ;
#3200 = VECTOR ( 'NONE', #6591, 1000.000000000000000 ) ;
#3201 = EDGE_CURVE ( 'NONE', #5114, #4325, #1184, .T. ) ;
#3202 = MECHANICAL_DESIGN_GEOMETRIC_PRESENTATION_REPRESENTATION (  '', ( #3609 ), #3063 ) ;
#3203 = CARTESIAN_POINT ( 'NONE',  ( -0.1600000000000000033, -12.38000000000000078, 2.540000000000000036 ) ) ;
#3204 = STYLED_ITEM ( 'NONE', ( #687 ), #1647 ) ;
#3205 = SURFACE_STYLE_USAGE ( .BOTH. , #710 ) ;
#3206 = LINE ( 'NONE', #6369, #702 ) ;
#3207 = DIRECTION ( 'NONE',  ( 1.000000000000000000, 0.000000000000000000, 0.000000000000000000 ) ) ;
#3208 = UNCERTAINTY_MEASURE_WITH_UNIT (LENGTH_MEASURE( 1.000000000000000082E-05 ), #1951, 'distance_accuracy_value', 'NONE');
#3209 = FILL_AREA_STYLE ('',( #7214 ) ) ;
#3210 = VECTOR ( 'NONE', #5029, 1000.000000000000000 ) ;
#3211 = ORIENTED_EDGE ( 'NONE', *, *, #7441, .T. ) ;
#3212 = DIRECTION ( 'NONE',  ( 0.000000000000000000, 0.000000000000000000, 1.000000000000000000 ) ) ;
#3213 =( NAMED_UNIT ( * ) SI_UNIT ( $, .STERADIAN. ) SOLID_ANGLE_UNIT ( ) );
#3214 = DIRECTION ( 'NONE',  ( 0.000000000000000000, 1.000000000000000000, 0.000000000000000000 ) ) ;
#3215 = VECTOR ( 'NONE', #6688, 1000.000000000000000 ) ;
#3216 = MECHANICAL_DESIGN_GEOMETRIC_PRESENTATION_REPRESENTATION (  '', ( #4560 ), #1542 ) ;
#3217 = DIRECTION ( 'NONE',  ( 0.5773502691896257311, 0.5773502691896257311, -0.5773502691896257311 ) ) ;
#3218 = UNCERTAINTY_MEASURE_WITH_UNIT (LENGTH_MEASURE( 1.000000000000000082E-05 ), #8399, 'distance_accuracy_value', 'NONE');
#3219 = DIRECTION ( 'NONE',  ( 0.000000000000000000, -1.000000000000000000, 0.000000000000000000 ) ) ;
#3220 = ORIENTED_EDGE ( 'NONE', *, *, #4262, .T. ) ;
#3221 = ORIENTED_EDGE ( 'NONE', *, *, #2987, .F. ) ;
#3222 = CARTESIAN_POINT ( 'NONE',  ( 0.1600000000000000033, -10.00000000000000000, 8.540000000000000924 ) ) ;
#3223 = SURFACE_STYLE_FILL_AREA ( #6470 ) ;
#3224 = SURFACE_SIDE_STYLE ('',( #7190 ) ) ;
#3225 = ADVANCED_FACE ( 'NONE', ( #6565 ), #2588, .T. ) ;
#3226 = CARTESIAN_POINT ( 'NONE',  ( 0.3200000000000000067, -7.299999999999999822, -2.839999999999999858 ) ) ;
#3227 = PRESENTATION_LAYER_ASSIGNMENT (  '', '', ( #714 ) ) ;
#3228 = UNCERTAINTY_MEASURE_WITH_UNIT (LENGTH_MEASURE( 1.000000000000000082E-05 ), #3251, 'distance_accuracy_value', 'NONE');
#3229 = FACE_OUTER_BOUND ( 'NONE', #1880, .T. ) ;
#3230 = ORIENTED_EDGE ( 'NONE', *, *, #3779, .F. ) ;
#3231 = CARTESIAN_POINT ( 'NONE',  ( 0.3200000000000000067, -7.939999999999999503, -2.839999999999999858 ) ) ;
#3232 = SURFACE_STYLE_USAGE ( .BOTH. , #3946 ) ;
#3233 = CARTESIAN_POINT ( 'NONE',  ( 1.016000000000000014, -11.42999999999999972, 2.540000000000000036 ) ) ;
#3234 = FACE_OUTER_BOUND ( 'NONE', #101, .T. ) ;
#3235 = CARTESIAN_POINT ( 'NONE',  ( -1.270000000000000018, -11.17600000000000016, 0.000000000000000000 ) ) ;
#3236 = EDGE_LOOP ( 'NONE', ( #2278, #7117, #7277, #3905 ) ) ;
#3237 = ORIENTED_EDGE ( 'NONE', *, *, #7017, .T. ) ;
#3238 = CARTESIAN_POINT ( 'NONE',  ( -0.3200000000000000067, -9.839999999999999858, 8.380000000000000782 ) ) ;
#3239 = SURFACE_STYLE_USAGE ( .BOTH. , #597 ) ;
#3240 = CARTESIAN_POINT ( 'NONE',  ( 1.270000000000000018, -6.096000000000000085, 2.540000000000000036 ) ) ;
#3241 = FACE_BOUND ( 'NONE', #933, .T. ) ;
#3242 = VECTOR ( 'NONE', #1689, 1000.000000000000000 ) ;
#3243 = CARTESIAN_POINT ( 'NONE',  ( -0.3200000000000000067, -5.400000000000000355, -3.000000000000000000 ) ) ;
#3244 =( NAMED_UNIT ( * ) SI_UNIT ( $, .STERADIAN. ) SOLID_ANGLE_UNIT ( ) );
#3245 = AXIS2_PLACEMENT_3D ( 'NONE', #4412, #7046, #1145 ) ;
#3246 = EDGE_CURVE ( 'NONE', #1482, #4821, #5134, .T. ) ;
#3247 = CARTESIAN_POINT ( 'NONE',  ( -0.3200000000000000067, -15.55999999999999872, 2.540000000000000036 ) ) ;
#3248 = VERTEX_POINT ( 'NONE', #8505 ) ;
#3249 = SURFACE_STYLE_FILL_AREA ( #8441 ) ;
#3250 =( GEOMETRIC_REPRESENTATION_CONTEXT ( 3 ) GLOBAL_UNCERTAINTY_ASSIGNED_CONTEXT ( ( #7746 ) ) GLOBAL_UNIT_ASSIGNED_CONTEXT ( ( #383, #4368, #3147 ) ) REPRESENTATION_CONTEXT ( 'NONE', 'WORKASPACE' ) );
#3251 =( LENGTH_UNIT ( ) NAMED_UNIT ( * ) SI_UNIT ( .MILLI., .METRE. ) );
#3252 = EDGE_CURVE ( 'NONE', #6800, #2736, #698, .T. ) ;
#3253 =( LENGTH_UNIT ( ) NAMED_UNIT ( * ) SI_UNIT ( .MILLI., .METRE. ) );
#3254 = DIRECTION ( 'NONE',  ( 0.000000000000000000, 1.000000000000000000, 0.000000000000000000 ) ) ;
#3255 = ORIENTED_EDGE ( 'NONE', *, *, #6234, .F. ) ;
#3256 = VERTEX_POINT ( 'NONE', #7127 ) ;
#3257 = CARTESIAN_POINT ( 'NONE',  ( 0.3200000000000000067, -2.220000000000000195, 2.540000000000000036 ) ) ;
#3258 = VECTOR ( 'NONE', #4869, 1000.000000000000000 ) ;
#3259 = CARTESIAN_POINT ( 'NONE',  ( -0.3200000000000000067, -17.46000000000000085, 8.380000000000000782 ) ) ;
#3260 = FACE_OUTER_BOUND ( 'NONE', #4079, .T. ) ;
#3261 = LINE ( 'NONE', #2699, #1688 ) ;
#3262 = VECTOR ( 'NONE', #1185, 1000.000000000000114 ) ;
#3263 =( GEOMETRIC_REPRESENTATION_CONTEXT ( 3 ) GLOBAL_UNCERTAINTY_ASSIGNED_CONTEXT ( ( #4044 ) ) GLOBAL_UNIT_ASSIGNED_CONTEXT ( ( #7636, #5059, #1096 ) ) REPRESENTATION_CONTEXT ( 'NONE', 'WORKASPACE' ) );
#3264 = FACE_OUTER_BOUND ( 'NONE', #1831, .T. ) ;
#3265 = EDGE_CURVE ( 'NONE', #3867, #275, #3307, .T. ) ;
#3266 = VECTOR ( 'NONE', #3619, 1000.000000000000000 ) ;
#3267 = CARTESIAN_POINT ( 'NONE',  ( -0.3200000000000000067, -2.220000000000000195, -2.839999999999999858 ) ) ;
#3268 = AXIS2_PLACEMENT_3D ( 'NONE', #7335, #718, #7438 ) ;
#3269 = VERTEX_POINT ( 'NONE', #5188 ) ;
#3270 = MECHANICAL_DESIGN_GEOMETRIC_PRESENTATION_REPRESENTATION (  '', ( #6967 ), #5038 ) ;
#3271 = DIRECTION ( 'NONE',  ( 1.735167508356888803E-18, -0.7071067811865475727, -0.7071067811865475727 ) ) ;
#3272 =( LENGTH_UNIT ( ) NAMED_UNIT ( * ) SI_UNIT ( .MILLI., .METRE. ) );
#3273 =( LENGTH_UNIT ( ) NAMED_UNIT ( * ) SI_UNIT ( .MILLI., .METRE. ) );
#3274 = STYLED_ITEM ( 'NONE', ( #3457 ), #5143 ) ;
#3275 = FILL_AREA_STYLE_COLOUR ( '', #8346 ) ;
#3276 = VERTEX_POINT ( 'NONE', #589 ) ;
#3277 = SURFACE_STYLE_USAGE ( .BOTH. , #3151 ) ;
#3278 = ORIENTED_EDGE ( 'NONE', *, *, #6582, .T. ) ;
#3279 = LINE ( 'NONE', #7171, #337 ) ;
#3280 = DIRECTION ( 'NONE',  ( 0.000000000000000000, -1.000000000000000000, -2.453897423307444850E-18 ) ) ;
#3281 = EDGE_CURVE ( 'NONE', #4792, #2797, #2000, .T. ) ;
#3282 =( GEOMETRIC_REPRESENTATION_CONTEXT ( 3 ) GLOBAL_UNCERTAINTY_ASSIGNED_CONTEXT ( ( #7739 ) ) GLOBAL_UNIT_ASSIGNED_CONTEXT ( ( #318, #8417, #6428 ) ) REPRESENTATION_CONTEXT ( 'NONE', 'WORKASPACE' ) );
#3283 = FACE_BOUND ( 'NONE', #3495, .T. ) ;
#3284 = MANIFOLD_SOLID_BREP ( 'PinHeader_1x08_P254mm_Vertical[1]', #4724 ) ;
#3285 = ADVANCED_FACE ( 'NONE', ( #870 ), #1384, .T. ) ;
#3286 = ORIENTED_EDGE ( 'NONE', *, *, #7939, .F. ) ;
#3287 = MECHANICAL_DESIGN_GEOMETRIC_PRESENTATION_REPRESENTATION (  '', ( #1623 ), #394 ) ;
#3288 = EDGE_CURVE ( 'NONE', #910, #7765, #95, .T. ) ;
#3289 =( NAMED_UNIT ( * ) SI_UNIT ( $, .STERADIAN. ) SOLID_ANGLE_UNIT ( ) );
#3290 = CARTESIAN_POINT ( 'NONE',  ( -0.3200000000000000067, -14.91999999999999993, 8.380000000000000782 ) ) ;
#3291 = UNCERTAINTY_MEASURE_WITH_UNIT (LENGTH_MEASURE( 1.000000000000000082E-05 ), #8177, 'distance_accuracy_value', 'NONE');
#3292 = PRESENTATION_LAYER_ASSIGNMENT (  '', '', ( #2174 ) ) ;
#3293 = SURFACE_STYLE_FILL_AREA ( #5213 ) ;
#3294 = ORIENTED_EDGE ( 'NONE', *, *, #7856, .T. ) ;
#3295 = CARTESIAN_POINT ( 'NONE',  ( 0.3200000000000000067, -15.55999999999999872, 2.540000000000000036 ) ) ;
#3296 = LINE ( 'NONE', #2777, #1651 ) ;
#3297 = CARTESIAN_POINT ( 'NONE',  ( 1.270000000000000018, -16.25600000000000023, 0.000000000000000000 ) ) ;
#3298 = PRESENTATION_LAYER_ASSIGNMENT (  '', '', ( #7677 ) ) ;
#3299 = CARTESIAN_POINT ( 'NONE',  ( -0.1600000000000000033, 0.1600000000000000033, -3.000000000000000000 ) ) ;
#3300 = FILL_AREA_STYLE ('',( #1290 ) ) ;
#3301 = UNCERTAINTY_MEASURE_WITH_UNIT (LENGTH_MEASURE( 1.000000000000000082E-05 ), #8163, 'distance_accuracy_value', 'NONE');
#3302 = FILL_AREA_STYLE ('',( #4616 ) ) ;
#3303 = FILL_AREA_STYLE ('',( #91 ) ) ;
#3304 = MECHANICAL_DESIGN_GEOMETRIC_PRESENTATION_REPRESENTATION (  '', ( #3170 ), #1221 ) ;
#3305 = ORIENTED_EDGE ( 'NONE', *, *, #7868, .F. ) ;
#3306 = ADVANCED_FACE ( 'NONE', ( #6638 ), #2078, .T. ) ;
#3307 = LINE ( 'NONE', #4620, #5431 ) ;
#3308 = PLANE ( 'NONE',  #1990 ) ;
#3309 = MECHANICAL_DESIGN_GEOMETRIC_PRESENTATION_REPRESENTATION (  '', ( #7950 ), #4943 ) ;
#3310 = COLOUR_RGB ( '',0.8588235294117646523, 0.7372549019607843590, 0.4941176470588235503 ) ;
#3311 = DIRECTION ( 'NONE',  ( 0.000000000000000000, 0.000000000000000000, 1.000000000000000000 ) ) ;
#3312 = ORIENTED_EDGE ( 'NONE', *, *, #2650, .T. ) ;
#3313 = ORIENTED_EDGE ( 'NONE', *, *, #1513, .T. ) ;
#3314 = DIRECTION ( 'NONE',  ( 0.000000000000000000, 0.000000000000000000, 1.000000000000000000 ) ) ;
#3315 = CARTESIAN_POINT ( 'NONE',  ( -0.3200000000000000067, -0.1600000000000000033, 8.540000000000000924 ) ) ;
#3316 = MECHANICAL_DESIGN_GEOMETRIC_PRESENTATION_REPRESENTATION (  '', ( #5899 ), #7267 ) ;
#3317 = VECTOR ( 'NONE', #3071, 1000.000000000000000 ) ;
#3318 = CARTESIAN_POINT ( 'NONE',  ( -0.1600000000000000033, -5.400000000000000355, 2.540000000000000036 ) ) ;
#3319 = FILL_AREA_STYLE ('',( #6615 ) ) ;
#3320 = ADVANCED_FACE ( 'NONE', ( #1427 ), #5432, .F. ) ;
#3321 = PRESENTATION_STYLE_ASSIGNMENT (( #7284 ) ) ;
#3322 = CARTESIAN_POINT ( 'NONE',  ( -0.1600000000000000033, -2.700000000000000178, -3.000000000000000000 ) ) ;
#3323 =( GEOMETRIC_REPRESENTATION_CONTEXT ( 3 ) GLOBAL_UNCERTAINTY_ASSIGNED_CONTEXT ( ( #3301 ) ) GLOBAL_UNIT_ASSIGNED_CONTEXT ( ( #8163, #2935, #3435 ) ) REPRESENTATION_CONTEXT ( 'NONE', 'WORKASPACE' ) );
#3324 = ORIENTED_EDGE ( 'NONE', *, *, #3801, .T. ) ;
#3325 = CARTESIAN_POINT ( 'NONE',  ( 0.1600000000000000033, -7.779999999999999361, 8.540000000000000924 ) ) ;
#3326 = VECTOR ( 'NONE', #1279, 1000.000000000000000 ) ;
#3327 = CARTESIAN_POINT ( 'NONE',  ( -0.1600000000000000033, -15.08000000000000007, -3.000000000000000000 ) ) ;
#3328 = LINE ( 'NONE', #3889, #6683 ) ;
#3329 = PRESENTATION_LAYER_ASSIGNMENT (  '', '', ( #7973 ) ) ;
#3330 = SURFACE_STYLE_FILL_AREA ( #4603 ) ;
#3331 = DIRECTION ( 'NONE',  ( -1.000000000000000000, 2.453897423307444850E-18, 0.000000000000000000 ) ) ;
#3332 = VERTEX_POINT ( 'NONE', #8334 ) ;
#3333 = CARTESIAN_POINT ( 'NONE',  ( -0.3200000000000000067, -7.939999999999999503, -2.839999999999999858 ) ) ;
#3334 = CARTESIAN_POINT ( 'NONE',  ( 0.1600000000000000033, -10.31999999999999851, -3.000000000000000000 ) ) ;
#3335 = DIRECTION ( 'NONE',  ( 1.000000000000000000, 0.000000000000000000, 0.000000000000000000 ) ) ;
#3336 = DIRECTION ( 'NONE',  ( 0.000000000000000000, -1.000000000000000000, 0.000000000000000000 ) ) ;
#3337 = FILL_AREA_STYLE_COLOUR ( '', #3092 ) ;
#3338 = STYLED_ITEM ( 'NONE', ( #1471 ), #2232 ) ;
#3339 = ADVANCED_FACE ( 'NONE', ( #1616 ), #3778, .T. ) ;
#3340 = VECTOR ( 'NONE', #819, 1000.000000000000114 ) ;
#3341 = CARTESIAN_POINT ( 'NONE',  ( 0.05333333333332999915, -15.18666666666000076, 8.646666666667000456 ) ) ;
#3342 = SURFACE_SIDE_STYLE ('',( #4659 ) ) ;
#3343 = VERTEX_POINT ( 'NONE', #7624 ) ;
#3344 = FACE_OUTER_BOUND ( 'NONE', #7720, .T. ) ;
#3345 = FILL_AREA_STYLE_COLOUR ( '', #6544 ) ;
#3346 = VECTOR ( 'NONE', #1507, 1000.000000000000114 ) ;
#3347 = EDGE_CURVE ( 'NONE', #1013, #5228, #4404, .T. ) ;
#3348 = PLANE ( 'NONE',  #916 ) ;
#3349 = SURFACE_STYLE_FILL_AREA ( #5266 ) ;
#3350 = VECTOR ( 'NONE', #5387, 1000.000000000000000 ) ;
#3351 = CARTESIAN_POINT ( 'NONE',  ( -0.1600000000000000033, -10.48000000000000043, -3.000000000000000000 ) ) ;
#3352 = VERTEX_POINT ( 'NONE', #5565 ) ;
#3353 = CARTESIAN_POINT ( 'NONE',  ( 0.3200000000000000067, -8.415000000000000924, 2.540000000000000036 ) ) ;
#3354 = ORIENTED_EDGE ( 'NONE', *, *, #3908, .F. ) ;
#3355 = FACE_OUTER_BOUND ( 'NONE', #7827, .T. ) ;
#3356 = FACE_BOUND ( 'NONE', #8058, .T. ) ;
#3357 =( LENGTH_UNIT ( ) NAMED_UNIT ( * ) SI_UNIT ( .MILLI., .METRE. ) );
#3358 = SURFACE_SIDE_STYLE ('',( #1535 ) ) ;
#3359 = FILL_AREA_STYLE ('',( #1445 ) ) ;
#3360 = SHAPE_DEFINITION_REPRESENTATION ( #2641, #8383 ) ;
#3361 = VERTEX_POINT ( 'NONE', #8211 ) ;
#3362 = AXIS2_PLACEMENT_3D ( 'NONE', #1860, #5216, #2657 ) ;
#3363 = DIRECTION ( 'NONE',  ( 0.000000000000000000, 0.000000000000000000, 1.000000000000000000 ) ) ;
#3364 = SURFACE_STYLE_FILL_AREA ( #6059 ) ;
#3365 = AXIS2_PLACEMENT_3D ( 'NONE', #7279, #1392, #7979 ) ;
#3366 = FILL_AREA_STYLE ('',( #855 ) ) ;
#3367 = DIRECTION ( 'NONE',  ( -1.000000000000000000, 2.453897423307444850E-18, 0.000000000000000000 ) ) ;
#3368 = ORIENTED_EDGE ( 'NONE', *, *, #7754, .F. ) ;
#3369 = SURFACE_SIDE_STYLE ('',( #4825 ) ) ;
#3370 = STYLED_ITEM ( 'NONE', ( #6641 ), #4004 ) ;
#3371 = PRESENTATION_STYLE_ASSIGNMENT (( #226 ) ) ;
#3372 = SURFACE_STYLE_FILL_AREA ( #5336 ) ;
#3373 = EDGE_CURVE ( 'NONE', #758, #6319, #8251, .T. ) ;
#3374 =( GEOMETRIC_REPRESENTATION_CONTEXT ( 3 ) GLOBAL_UNCERTAINTY_ASSIGNED_CONTEXT ( ( #601 ) ) GLOBAL_UNIT_ASSIGNED_CONTEXT ( ( #1111, #7605, #6934 ) ) REPRESENTATION_CONTEXT ( 'NONE', 'WORKASPACE' ) );
#3375 = MECHANICAL_DESIGN_GEOMETRIC_PRESENTATION_REPRESENTATION (  '', ( #8037 ), #7615 ) ;
#3376 = PRODUCT_DEFINITION_SHAPE ( 'NONE', 'NONE',  #7420 ) ;
#3377 = MECHANICAL_DESIGN_GEOMETRIC_PRESENTATION_REPRESENTATION (  '', ( #4052 ), #8461 ) ;
#3378 = FILL_AREA_STYLE ('',( #774 ) ) ;
#3379 = ADVANCED_FACE ( 'NONE', ( #1088 ), #5615, .F. ) ;
#3380 =( NAMED_UNIT ( * ) PLANE_ANGLE_UNIT ( ) SI_UNIT ( $, .RADIAN. ) );
#3381 = DIRECTION ( 'NONE',  ( 0.000000000000000000, 0.000000000000000000, 1.000000000000000000 ) ) ;
#3382 = DIRECTION ( 'NONE',  ( 0.000000000000000000, 0.000000000000000000, 1.000000000000000000 ) ) ;
#3383 = EDGE_CURVE ( 'NONE', #240, #5438, #5861, .T. ) ;
#3384 = VECTOR ( 'NONE', #4067, 1000.000000000000000 ) ;
#3385 = ORIENTED_EDGE ( 'NONE', *, *, #2329, .T. ) ;
#3386 = FILL_AREA_STYLE_COLOUR ( '', #6183 ) ;
#3387 = AXIS2_PLACEMENT_3D ( 'NONE', #4590, #7892, #7210 ) ;
#3388 = ADVANCED_FACE ( 'NONE', ( #5897 ), #5221, .F. ) ;
#3389 =( NAMED_UNIT ( * ) SI_UNIT ( $, .STERADIAN. ) SOLID_ANGLE_UNIT ( ) );
#3390 =( NAMED_UNIT ( * ) PLANE_ANGLE_UNIT ( ) SI_UNIT ( $, .RADIAN. ) );
#3391 = VECTOR ( 'NONE', #414, 1000.000000000000114 ) ;
#3392 = DIRECTION ( 'NONE',  ( -0.7071067811865475727, 1.735167508356890344E-18, 0.7071067811865475727 ) ) ;
#3393 = UNCERTAINTY_MEASURE_WITH_UNIT (LENGTH_MEASURE( 1.000000000000000082E-05 ), #1585, 'distance_accuracy_value', 'NONE');
#3394 = CARTESIAN_POINT ( 'NONE',  ( 0.1600000000000000033, -4.919999999999999929, 8.540000000000000924 ) ) ;
#3395 = VERTEX_POINT ( 'NONE', #8415 ) ;
#3396 = LINE ( 'NONE', #2084, #4193 ) ;
#3397 = ORIENTED_EDGE ( 'NONE', *, *, #2469, .T. ) ;
#3398 =( GEOMETRIC_REPRESENTATION_CONTEXT ( 3 ) GLOBAL_UNCERTAINTY_ASSIGNED_CONTEXT ( ( #6098 ) ) GLOBAL_UNIT_ASSIGNED_CONTEXT ( ( #5381, #863, #4829 ) ) REPRESENTATION_CONTEXT ( 'NONE', 'WORKASPACE' ) );
#3399 = CARTESIAN_POINT ( 'NONE',  ( 0.1600000000000000033, -2.860000000000000320, -3.000000000000000000 ) ) ;
#3400 = DIRECTION ( 'NONE',  ( 0.5773502691896257311, 0.5773502691896257311, 0.5773502691896257311 ) ) ;
#3401 = DIRECTION ( 'NONE',  ( 1.000000000000000000, 0.000000000000000000, 0.000000000000000000 ) ) ;
#3402 = FILL_AREA_STYLE ('',( #4390 ) ) ;
#3403 = AXIS2_PLACEMENT_3D ( 'NONE', #1791, #4360, #5690 ) ;
#3404 = PRESENTATION_LAYER_ASSIGNMENT (  '', '', ( #7358 ) ) ;
#3405 =( GEOMETRIC_REPRESENTATION_CONTEXT ( 3 ) GLOBAL_UNCERTAINTY_ASSIGNED_CONTEXT ( ( #1292 ) ) GLOBAL_UNIT_ASSIGNED_CONTEXT ( ( #5051, #2970, #8332 ) ) REPRESENTATION_CONTEXT ( 'NONE', 'WORKASPACE' ) );
#3406 = DIRECTION ( 'NONE',  ( 1.000000000000000000, 0.000000000000000000, 0.000000000000000000 ) ) ;
#3407 = PRESENTATION_STYLE_ASSIGNMENT (( #6002 ) ) ;
#3408 = CARTESIAN_POINT ( 'NONE',  ( -0.2666666666669999519, -18.04666666665999841, -2.893333333333000024 ) ) ;
#3409 = ORIENTED_EDGE ( 'NONE', *, *, #2060, .T. ) ;
#3410 = CARTESIAN_POINT ( 'NONE',  ( 11.56596132438428093, -1.270000000000011564, 3.000000000000000888 ) ) ;
#3411 = EDGE_LOOP ( 'NONE', ( #8431, #2171, #1389, #867 ) ) ;
#3412 = ADVANCED_FACE ( 'NONE', ( #2490 ), #4487, .F. ) ;
#3413 = PRESENTATION_LAYER_ASSIGNMENT (  '', '', ( #7114 ) ) ;
#3414 =( NAMED_UNIT ( * ) PLANE_ANGLE_UNIT ( ) SI_UNIT ( $, .RADIAN. ) );
#3415 = CARTESIAN_POINT ( 'NONE',  ( -0.3200000000000000067, -13.01999999999999957, 8.380000000000000782 ) ) ;
#3416 = FACE_OUTER_BOUND ( 'NONE', #185, .T. ) ;
#3417 = VERTEX_POINT ( 'NONE', #7793 ) ;
#3418 = FILL_AREA_STYLE_COLOUR ( '', #6784 ) ;
#3419 = VECTOR ( 'NONE', #1972, 1000.000000000000000 ) ;
#3420 = LINE ( 'NONE', #2156, #826 ) ;
#3421 = DIRECTION ( 'NONE',  ( 0.000000000000000000, 1.000000000000000000, 0.000000000000000000 ) ) ;
#3422 = DIRECTION ( 'NONE',  ( 0.000000000000000000, 1.000000000000000000, 0.000000000000000000 ) ) ;
#3423 = PLANE ( 'NONE',  #894 ) ;
#3424 = DIRECTION ( 'NONE',  ( -0.7071067811865475727, -0.7071067811865475727, 0.000000000000000000 ) ) ;
#3425 = COLOUR_RGB ( '',0.8588235294117646523, 0.7372549019607843590, 0.4941176470588235503 ) ;
#3426 = AXIS2_PLACEMENT_3D ( 'NONE', #6297, #8373, #3733 ) ;
#3427 = EDGE_CURVE ( 'NONE', #575, #8343, #7157, .T. ) ;
#3428 = SURFACE_STYLE_USAGE ( .BOTH. , #1417 ) ;
#3429 = SURFACE_STYLE_USAGE ( .BOTH. , #4873 ) ;
#3430 = EDGE_CURVE ( 'NONE', #3952, #5481, #6553, .T. ) ;
#3431 = ORIENTED_EDGE ( 'NONE', *, *, #7939, .T. ) ;
#3432 = LINE ( 'NONE', #5425, #7043 ) ;
#3433 = CARTESIAN_POINT ( 'NONE',  ( 0.3200000000000000067, -2.860000000000000320, -2.839999999999999858 ) ) ;
#3434 =( LENGTH_UNIT ( ) NAMED_UNIT ( * ) SI_UNIT ( .MILLI., .METRE. ) );
#3435 =( NAMED_UNIT ( * ) SI_UNIT ( $, .STERADIAN. ) SOLID_ANGLE_UNIT ( ) );
#3436 = SURFACE_STYLE_FILL_AREA ( #8065 ) ;
#3437 = PRESENTATION_STYLE_ASSIGNMENT (( #6640 ) ) ;
#3438 = DIRECTION ( 'NONE',  ( -0.000000000000000000, 1.000000000000000000, 0.000000000000000000 ) ) ;
#3439 = PRESENTATION_LAYER_ASSIGNMENT (  '', '', ( #3170 ) ) ;
#3440 = ORIENTED_EDGE ( 'NONE', *, *, #7458, .T. ) ;
#3441 = PRESENTATION_STYLE_ASSIGNMENT (( #6736 ) ) ;
#3442 = ORIENTED_EDGE ( 'NONE', *, *, #7527, .T. ) ;
#3443 = EDGE_LOOP ( 'NONE', ( #2280, #3618, #5008, #2348 ) ) ;
#3444 = CARTESIAN_POINT ( 'NONE',  ( -1.270000000000000018, -1.016000000000000014, 0.000000000000000000 ) ) ;
#3445 = SURFACE_STYLE_USAGE ( .BOTH. , #5398 ) ;
#3446 =( NAMED_UNIT ( * ) SI_UNIT ( $, .STERADIAN. ) SOLID_ANGLE_UNIT ( ) );
#3447 = SURFACE_STYLE_USAGE ( .BOTH. , #6228 ) ;
#3448 = EDGE_LOOP ( 'NONE', ( #5066, #6160, #3910, #6744 ) ) ;
#3449 = STYLED_ITEM ( 'NONE', ( #6602 ), #7526 ) ;
#3450 = ORIENTED_EDGE ( 'NONE', *, *, #654, .F. ) ;
#3451 = EDGE_CURVE ( 'NONE', #1015, #1284, #6764, .T. ) ;
#3452 = AXIS2_PLACEMENT_3D ( 'NONE', #2338, #3540, #4937 ) ;
#3453 = VERTEX_POINT ( 'NONE', #1509 ) ;
#3454 = SURFACE_STYLE_USAGE ( .BOTH. , #3963 ) ;
#3455 = PLANE ( 'NONE',  #9 ) ;
#3456 = VECTOR ( 'NONE', #3973, 1000.000000000000114 ) ;
#3457 = PRESENTATION_STYLE_ASSIGNMENT (( #4215 ) ) ;
#3458 = EDGE_CURVE ( 'NONE', #8343, #3952, #1415, .T. ) ;
#3459 = UNCERTAINTY_MEASURE_WITH_UNIT (LENGTH_MEASURE( 1.000000000000000082E-05 ), #7544, 'distance_accuracy_value', 'NONE');
#3460 = SURFACE_STYLE_USAGE ( .BOTH. , #722 ) ;
#3461 = VECTOR ( 'NONE', #4351, 1000.000000000000114 ) ;
#3462 = EDGE_LOOP ( 'NONE', ( #4712, #1679, #1998, #766 ) ) ;
#3463 = PRESENTATION_STYLE_ASSIGNMENT (( #2820 ) ) ;
#3464 = FILL_AREA_STYLE_COLOUR ( '', #6687 ) ;
#3465 =( NAMED_UNIT ( * ) SI_UNIT ( $, .STERADIAN. ) SOLID_ANGLE_UNIT ( ) );
#3466 = VECTOR ( 'NONE', #2913, 1000.000000000000000 ) ;
#3468 = SURFACE_STYLE_FILL_AREA ( #5468 ) ;
#3467 = PRESENTATION_LAYER_ASSIGNMENT (  '', '', ( #5368 ) ) ;
#3469 = ORIENTED_EDGE ( 'NONE', *, *, #547, .T. ) ;
#3470 = EDGE_LOOP ( 'NONE', ( #2467, #5585, #6777, #8157 ) ) ;
#3471 = PRESENTATION_LAYER_ASSIGNMENT (  '', '', ( #7164 ) ) ;
#3472 = DIRECTION ( 'NONE',  ( 1.000000000000000000, 0.000000000000000000, 0.000000000000000000 ) ) ;
#3473 = VECTOR ( 'NONE', #7772, 1000.000000000000000 ) ;
#3474 = ORIENTED_EDGE ( 'NONE', *, *, #7868, .T. ) ;
#3475 =( NAMED_UNIT ( * ) PLANE_ANGLE_UNIT ( ) SI_UNIT ( $, .RADIAN. ) );
#3476 = ADVANCED_FACE ( 'NONE', ( #6672 ), #181, .F. ) ;
#3477 = SURFACE_STYLE_USAGE ( .BOTH. , #6120 ) ;
#3478 = FILL_AREA_STYLE ('',( #4965 ) ) ;
#3479 = MECHANICAL_DESIGN_GEOMETRIC_PRESENTATION_REPRESENTATION (  '', ( #6906 ), #3079 ) ;
#3480 = CARTESIAN_POINT ( 'NONE',  ( -0.3200000000000000067, 0.3200000000000000067, -3.000000000000000000 ) ) ;
#3481 = UNCERTAINTY_MEASURE_WITH_UNIT (LENGTH_MEASURE( 1.000000000000000082E-05 ), #8024, 'distance_accuracy_value', 'NONE');
#3482 = ORIENTED_EDGE ( 'NONE', *, *, #5442, .T. ) ;
#3483 = DIRECTION ( 'NONE',  ( -1.000000000000000000, 0.000000000000000000, 0.000000000000000000 ) ) ;
#3484 = ORIENTED_EDGE ( 'NONE', *, *, #6863, .F. ) ;
#3485 = ORIENTED_EDGE ( 'NONE', *, *, #4941, .T. ) ;
#3486 = CARTESIAN_POINT ( 'NONE',  ( -1.270000000000000018, -16.76400000000000290, 2.540000000000000036 ) ) ;
#3487 = CARTESIAN_POINT ( 'NONE',  ( -0.3200000000000000067, -17.46000000000000085, -3.000000000000000000 ) ) ;
#3488 = DIRECTION ( 'NONE',  ( 0.000000000000000000, 0.000000000000000000, 1.000000000000000000 ) ) ;
#3489 = FACE_BOUND ( 'NONE', #6139, .T. ) ;
#3490 = COLOUR_RGB ( '',0.8588235294117646523, 0.7372549019607843590, 0.4941176470588235503 ) ;
#3491 =( LENGTH_UNIT ( ) NAMED_UNIT ( * ) SI_UNIT ( .MILLI., .METRE. ) );
#3492 = CARTESIAN_POINT ( 'NONE',  ( 1.016000000000000014, -8.890000000000000568, 0.000000000000000000 ) ) ;
#3493 = ORIENTED_EDGE ( 'NONE', *, *, #3509, .F. ) ;
#3494 = EDGE_CURVE ( 'NONE', #2484, #8481, #2781, .T. ) ;
#3495 = EDGE_LOOP ( 'NONE', ( #2458, #8410, #1503, #5106 ) ) ;
#3496 =( GEOMETRIC_REPRESENTATION_CONTEXT ( 3 ) GLOBAL_UNCERTAINTY_ASSIGNED_CONTEXT ( ( #5937 ) ) GLOBAL_UNIT_ASSIGNED_CONTEXT ( ( #2097, #4723, #2862 ) ) REPRESENTATION_CONTEXT ( 'NONE', 'WORKASPACE' ) );
#3497 = FACE_OUTER_BOUND ( 'NONE', #8279, .T. ) ;
#3498 = SURFACE_STYLE_FILL_AREA ( #7992 ) ;
#3499 = SURFACE_STYLE_FILL_AREA ( #7993 ) ;
#3500 = ADVANCED_FACE ( 'NONE', ( #6631 ), #4828, .T. ) ;
#3501 =( LENGTH_UNIT ( ) NAMED_UNIT ( * ) SI_UNIT ( .MILLI., .METRE. ) );
#3502 = ORIENTED_EDGE ( 'NONE', *, *, #7832, .T. ) ;
#3503 = SURFACE_SIDE_STYLE ('',( #120 ) ) ;
#3504 = PRESENTATION_STYLE_ASSIGNMENT (( #265 ) ) ;
#3505 = ORIENTED_EDGE ( 'NONE', *, *, #2666, .T. ) ;
#3506 = FILL_AREA_STYLE_COLOUR ( '', #2971 ) ;
#3507 = PRESENTATION_STYLE_ASSIGNMENT (( #768 ) ) ;
#3508 = CARTESIAN_POINT ( 'NONE',  ( 0.3200000000000000067, -2.860000000000000320, 8.380000000000000782 ) ) ;
#3509 = EDGE_CURVE ( 'NONE', #7703, #6447, #5380, .T. ) ;
#3510 = DIRECTION ( 'NONE',  ( 0.000000000000000000, 0.000000000000000000, -1.000000000000000000 ) ) ;
#3511 =( NAMED_UNIT ( * ) PLANE_ANGLE_UNIT ( ) SI_UNIT ( $, .RADIAN. ) );
#3512 =( GEOMETRIC_REPRESENTATION_CONTEXT ( 3 ) GLOBAL_UNCERTAINTY_ASSIGNED_CONTEXT ( ( #681 ) ) GLOBAL_UNIT_ASSIGNED_CONTEXT ( ( #533, #5857, #7751 ) ) REPRESENTATION_CONTEXT ( 'NONE', 'WORKASPACE' ) );
#3513 = SURFACE_STYLE_USAGE ( .BOTH. , #2159 ) ;
#3514 = FILL_AREA_STYLE ('',( #6719 ) ) ;
#3515 = COLOUR_RGB ( '',0.1450980392156862586, 0.1411764705882352922, 0.1411764705882352922 ) ;
#3516 = FILL_AREA_STYLE ('',( #7401 ) ) ;
#3517 = VERTEX_POINT ( 'NONE', #5339 ) ;
#3518 = ORIENTED_EDGE ( 'NONE', *, *, #2313, .T. ) ;
#3519 = ADVANCED_FACE ( 'NONE', ( #4695 ), #3423, .T. ) ;
#3520 = DIRECTION ( 'NONE',  ( 0.7071067811865475727, 0.7071067811865475727, 0.000000000000000000 ) ) ;
#3521 = CARTESIAN_POINT ( 'NONE',  ( 1.016000000000000014, -3.810000000000000053, 0.000000000000000000 ) ) ;
#3522 =( GEOMETRIC_REPRESENTATION_CONTEXT ( 3 ) GLOBAL_UNCERTAINTY_ASSIGNED_CONTEXT ( ( #5596 ) ) GLOBAL_UNIT_ASSIGNED_CONTEXT ( ( #2561, #1313, #1157 ) ) REPRESENTATION_CONTEXT ( 'NONE', 'WORKASPACE' ) );
#3523 = DIRECTION ( 'NONE',  ( 0.000000000000000000, 1.000000000000000000, 0.000000000000000000 ) ) ;
#3524 = DIRECTION ( 'NONE',  ( -1.000000000000000000, 0.000000000000000000, 0.000000000000000000 ) ) ;
#3525 = EDGE_CURVE ( 'NONE', #8189, #4899, #4224, .T. ) ;
#3526 = DIRECTION ( 'NONE',  ( 1.735167508356888803E-18, -0.7071067811865475727, -0.7071067811865475727 ) ) ;
#3527 = PRESENTATION_STYLE_ASSIGNMENT (( #4153 ) ) ;
#3528 = ORIENTED_EDGE ( 'NONE', *, *, #4264, .T. ) ;
#3529 = EDGE_LOOP ( 'NONE', ( #3354, #7380, #1639, #3705 ) ) ;
#3530 = MECHANICAL_DESIGN_GEOMETRIC_PRESENTATION_REPRESENTATION (  '', ( #4887 ), #6662 ) ;
#3531 = ORIENTED_EDGE ( 'NONE', *, *, #4366, .T. ) ;
#3532 = LINE ( 'NONE', #7980, #2914 ) ;
#3533 = STYLED_ITEM ( 'NONE', ( #2208 ), #3476 ) ;
#3534 = FACE_OUTER_BOUND ( 'NONE', #2629, .T. ) ;
#3535 = VECTOR ( 'NONE', #7976, 1000.000000000000000 ) ;
#3536 = FILL_AREA_STYLE_COLOUR ( '', #6263 ) ;
#3537 = VECTOR ( 'NONE', #6643, 1000.000000000000000 ) ;
#3538 = DIRECTION ( 'NONE',  ( -0.5773502691896257311, 0.5773502691896257311, -0.5773502691896257311 ) ) ;
#3539 = CARTESIAN_POINT ( 'NONE',  ( -0.3200000000000000067, -7.939999999999999503, -3.000000000000000000 ) ) ;
#3540 = DIRECTION ( 'NONE',  ( -0.000000000000000000, 1.000000000000000000, 0.000000000000000000 ) ) ;
#3541 = EDGE_LOOP ( 'NONE', ( #7187, #7236, #4217, #6251 ) ) ;
#3542 = PRESENTATION_STYLE_ASSIGNMENT (( #6883 ) ) ;
#3543 = ORIENTED_EDGE ( 'NONE', *, *, #1698, .F. ) ;
#3544 = EDGE_CURVE ( 'NONE', #5741, #3621, #5681, .T. ) ;
#3545 = COLOUR_RGB ( '',0.1450980392156862586, 0.1411764705882352922, 0.1411764705882352922 ) ;
#3546 = ORIENTED_EDGE ( 'NONE', *, *, #6539, .T. ) ;
#3547 = STYLED_ITEM ( 'NONE', ( #6096 ), #1353 ) ;
#3548 = SURFACE_SIDE_STYLE ('',( #891 ) ) ;
#3549 =( GEOMETRIC_REPRESENTATION_CONTEXT ( 3 ) GLOBAL_UNCERTAINTY_ASSIGNED_CONTEXT ( ( #2148 ) ) GLOBAL_UNIT_ASSIGNED_CONTEXT ( ( #4705, #6074, #2747 ) ) REPRESENTATION_CONTEXT ( 'NONE', 'WORKASPACE' ) );
#3550 = LINE ( 'NONE', #5632, #2223 ) ;
#3551 = VECTOR ( 'NONE', #1321, 1000.000000000000000 ) ;
#3552 = FILL_AREA_STYLE ('',( #5408 ) ) ;
#3553 = EDGE_CURVE ( 'NONE', #7931, #2908, #5552, .T. ) ;
#3554 = UNCERTAINTY_MEASURE_WITH_UNIT (LENGTH_MEASURE( 1.000000000000000082E-05 ), #7056, 'distance_accuracy_value', 'NONE');
#3555 = ORIENTED_EDGE ( 'NONE', *, *, #4308, .F. ) ;
#3556 = PLANE ( 'NONE',  #6010 ) ;
#3557 = STYLED_ITEM ( 'NONE', ( #6347 ), #950 ) ;
#3558 = ORIENTED_EDGE ( 'NONE', *, *, #1776, .F. ) ;
#3559 = CARTESIAN_POINT ( 'NONE',  ( -0.3200000000000000067, -2.700000000000000178, -3.000000000000000000 ) ) ;
#3560 = CARTESIAN_POINT ( 'NONE',  ( -0.1600000000000000033, -2.860000000000000320, 8.540000000000000924 ) ) ;
#3561 = CARTESIAN_POINT ( 'NONE',  ( 0.3200000000000000067, -5.400000000000000355, 2.540000000000000036 ) ) ;
#3562 =( NAMED_UNIT ( * ) PLANE_ANGLE_UNIT ( ) SI_UNIT ( $, .RADIAN. ) );
#3563 = PRESENTATION_LAYER_ASSIGNMENT (  '', '', ( #7239 ) ) ;
#3564 = SURFACE_STYLE_USAGE ( .BOTH. , #6767 ) ;
#3565 = EDGE_LOOP ( 'NONE', ( #2575, #6342, #1049, #1657 ) ) ;
#3566 = EDGE_LOOP ( 'NONE', ( #2035, #7549, #1918, #3971 ) ) ;
#3567 = LINE ( 'NONE', #2742, #6762 ) ;
#3568 = EDGE_CURVE ( 'NONE', #1805, #5797, #7489, .T. ) ;
#3569 = LINE ( 'NONE', #6770, #6240 ) ;
#3570 = DIRECTION ( 'NONE',  ( 1.000000000000000000, 0.000000000000000000, 0.000000000000000000 ) ) ;
#3571 = DIRECTION ( 'NONE',  ( 0.000000000000000000, 0.000000000000000000, -1.000000000000000000 ) ) ;
#3572 = AXIS2_PLACEMENT_3D ( 'NONE', #7495, #7530, #2264 ) ;
#3573 = FILL_AREA_STYLE_COLOUR ( '', #2322 ) ;
#3574 = UNCERTAINTY_MEASURE_WITH_UNIT (LENGTH_MEASURE( 1.000000000000000082E-05 ), #417, 'distance_accuracy_value', 'NONE');
#3575 = VERTEX_POINT ( 'NONE', #3561 ) ;
#3576 = FACE_OUTER_BOUND ( 'NONE', #6288, .T. ) ;
#3577 = VERTEX_POINT ( 'NONE', #4952 ) ;
#3578 =( GEOMETRIC_REPRESENTATION_CONTEXT ( 3 ) GLOBAL_UNCERTAINTY_ASSIGNED_CONTEXT ( ( #786 ) ) GLOBAL_UNIT_ASSIGNED_CONTEXT ( ( #3844, #3884, #7900 ) ) REPRESENTATION_CONTEXT ( 'NONE', 'WORKASPACE' ) );
#3579 =( GEOMETRIC_REPRESENTATION_CONTEXT ( 3 ) GLOBAL_UNCERTAINTY_ASSIGNED_CONTEXT ( ( #7316 ) ) GLOBAL_UNIT_ASSIGNED_CONTEXT ( ( #2200, #6757, #8043 ) ) REPRESENTATION_CONTEXT ( 'NONE', 'WORKASPACE' ) );
#3580 = ORIENTED_EDGE ( 'NONE', *, *, #1334, .T. ) ;
#3581 = EDGE_CURVE ( 'NONE', #6146, #6746, #271, .T. ) ;
#3582 =( LENGTH_UNIT ( ) NAMED_UNIT ( * ) SI_UNIT ( .MILLI., .METRE. ) );
#3583 = LINE ( 'NONE', #748, #1723 ) ;
#3584 =( LENGTH_UNIT ( ) NAMED_UNIT ( * ) SI_UNIT ( .MILLI., .METRE. ) );
#3585 = DIRECTION ( 'NONE',  ( 0.000000000000000000, 0.000000000000000000, 1.000000000000000000 ) ) ;
#3586 = AXIS2_PLACEMENT_3D ( 'NONE', #6533, #7858, #7215 ) ;
#3587 = FACE_OUTER_BOUND ( 'NONE', #4522, .T. ) ;
#3588 = ORIENTED_EDGE ( 'NONE', *, *, #5259, .F. ) ;
#3589 = VERTEX_POINT ( 'NONE', #309 ) ;
#3590 = ORIENTED_EDGE ( 'NONE', *, *, #2995, .T. ) ;
#3591 = SURFACE_STYLE_USAGE ( .BOTH. , #336 ) ;
#3592 = STYLED_ITEM ( 'NONE', ( #4579 ), #7448 ) ;
#3593 = LINE ( 'NONE', #4944, #1969 ) ;
#3594 = LINE ( 'NONE', #6190, #4548 ) ;
#3595 = EDGE_CURVE ( 'NONE', #2755, #7417, #1683, .T. ) ;
#3596 = SURFACE_STYLE_FILL_AREA ( #3552 ) ;
#3597 = PRESENTATION_LAYER_ASSIGNMENT (  '', '', ( #5899 ) ) ;
#3598 = COLOUR_RGB ( '',0.8588235294117646523, 0.7372549019607843590, 0.4941176470588235503 ) ;
#3599 = EDGE_LOOP ( 'NONE', ( #6238, #4027, #305, #5822 ) ) ;
#3600 = FILL_AREA_STYLE_COLOUR ( '', #4644 ) ;
#3601 = VERTEX_POINT ( 'NONE', #2437 ) ;
#3602 = DIRECTION ( 'NONE',  ( 0.000000000000000000, 1.000000000000000000, 0.000000000000000000 ) ) ;
#3603 = CARTESIAN_POINT ( 'NONE',  ( 0.3200000000000000067, -18.10000000000000142, -2.839999999999999858 ) ) ;
#3604 = SURFACE_STYLE_FILL_AREA ( #2829 ) ;
#3605 = ORIENTED_EDGE ( 'NONE', *, *, #4715, .F. ) ;
#3606 = VERTEX_POINT ( 'NONE', #351 ) ;
#3607 = VECTOR ( 'NONE', #3179, 1000.000000000000000 ) ;
#3608 =( LENGTH_UNIT ( ) NAMED_UNIT ( * ) SI_UNIT ( .MILLI., .METRE. ) );
#3609 = STYLED_ITEM ( 'NONE', ( #5499 ), #685 ) ;
#3610 = PRESENTATION_STYLE_ASSIGNMENT (( #7076 ) ) ;
#3611 =( GEOMETRIC_REPRESENTATION_CONTEXT ( 3 ) GLOBAL_UNCERTAINTY_ASSIGNED_CONTEXT ( ( #1991 ) ) GLOBAL_UNIT_ASSIGNED_CONTEXT ( ( #7396, #7913, #4826 ) ) REPRESENTATION_CONTEXT ( 'NONE', 'WORKASPACE' ) );
#3613 = DIRECTION ( 'NONE',  ( 0.5773502691896257311, -0.5773502691896257311, -0.5773502691896257311 ) ) ;
#3612 = STYLED_ITEM ( 'NONE', ( #7115 ), #5827 ) ;
#3614 = SURFACE_STYLE_FILL_AREA ( #8164 ) ;
#3615 = FILL_AREA_STYLE ('',( #3573 ) ) ;
#3616 = EDGE_CURVE ( 'NONE', #707, #7074, #3004, .T. ) ;
#3617 = SURFACE_STYLE_FILL_AREA ( #921 ) ;
#3618 = ORIENTED_EDGE ( 'NONE', *, *, #738, .T. ) ;
#3619 = DIRECTION ( 'NONE',  ( -1.000000000000000000, 0.000000000000000000, 0.000000000000000000 ) ) ;
#3620 = ORIENTED_EDGE ( 'NONE', *, *, #7934, .F. ) ;
#3621 = VERTEX_POINT ( 'NONE', #1643 ) ;
#3622 =( NAMED_UNIT ( * ) PLANE_ANGLE_UNIT ( ) SI_UNIT ( $, .RADIAN. ) );
#3623 = SURFACE_SIDE_STYLE ('',( #4287 ) ) ;
#3624 = EDGE_CURVE ( 'NONE', #4139, #7931, #8197, .T. ) ;
#3625 = MECHANICAL_DESIGN_GEOMETRIC_PRESENTATION_REPRESENTATION (  '', ( #981 ), #5241 ) ;
#3626 = DIRECTION ( 'NONE',  ( 1.000000000000000000, 0.000000000000000000, 0.000000000000000000 ) ) ;
#3627 = PRESENTATION_STYLE_ASSIGNMENT (( #4850 ) ) ;
#3628 = PRESENTATION_STYLE_ASSIGNMENT (( #3447 ) ) ;
#3629 = ORIENTED_EDGE ( 'NONE', *, *, #5054, .T. ) ;
#3630 = SURFACE_STYLE_FILL_AREA ( #4370 ) ;
#3631 = VERTEX_POINT ( 'NONE', #3644 ) ;
#3632 = ORIENTED_EDGE ( 'NONE', *, *, #6045, .T. ) ;
#3633 = FACE_OUTER_BOUND ( 'NONE', #4501, .T. ) ;
#3634 = DIRECTION ( 'NONE',  ( 0.7071067811865474617, -0.7071067811865474617, 0.000000000000000000 ) ) ;
#3635 = VECTOR ( 'NONE', #5379, 1000.000000000000114 ) ;
#3636 = DIRECTION ( 'NONE',  ( 0.000000000000000000, 1.000000000000000000, 0.000000000000000000 ) ) ;
#3637 = UNCERTAINTY_MEASURE_WITH_UNIT (LENGTH_MEASURE( 1.000000000000000082E-05 ), #4707, 'distance_accuracy_value', 'NONE');
#3638 = ORIENTED_EDGE ( 'NONE', *, *, #2461, .T. ) ;
#3639 = DIRECTION ( 'NONE',  ( 1.000000000000000000, 0.000000000000000000, 0.000000000000000000 ) ) ;
#3640 = LINE ( 'NONE', #7702, #5208 ) ;
#3641 = ORIENTED_EDGE ( 'NONE', *, *, #7293, .T. ) ;
#3642 = DIRECTION ( 'NONE',  ( 1.000000000000000000, 0.000000000000000000, 0.000000000000000000 ) ) ;
#3643 = PRESENTATION_STYLE_ASSIGNMENT (( #5603 ) ) ;
#3644 = CARTESIAN_POINT ( 'NONE',  ( 1.270000000000000018, -13.71600000000000108, 0.000000000000000000 ) ) ;
#3645 = FACE_OUTER_BOUND ( 'NONE', #5526, .T. ) ;
#3646 = SURFACE_STYLE_USAGE ( .BOTH. , #1167 ) ;
#3647 = ORIENTED_EDGE ( 'NONE', *, *, #1274, .T. ) ;
#3648 = ORIENTED_EDGE ( 'NONE', *, *, #3176, .T. ) ;
#3649 = EDGE_CURVE ( 'NONE', #8109, #4479, #4265, .T. ) ;
#3650 = LINE ( 'NONE', #1826, #2255 ) ;
#3651 =( LENGTH_UNIT ( ) NAMED_UNIT ( * ) SI_UNIT ( .MILLI., .METRE. ) );
#3652 = CARTESIAN_POINT ( 'NONE',  ( -1.016000000000000014, -1.270000000000000018, 0.000000000000000000 ) ) ;
#3653 =( GEOMETRIC_REPRESENTATION_CONTEXT ( 3 ) GLOBAL_UNCERTAINTY_ASSIGNED_CONTEXT ( ( #8527 ) ) GLOBAL_UNIT_ASSIGNED_CONTEXT ( ( #123, #1410, #7911 ) ) REPRESENTATION_CONTEXT ( 'NONE', 'WORKASPACE' ) );
#3654 = SURFACE_STYLE_USAGE ( .BOTH. , #492 ) ;
#3655 = EDGE_CURVE ( 'NONE', #3332, #575, #6244, .T. ) ;
#3656 = PRODUCT_DEFINITION_CONTEXT ( 'detailed design', #4530, 'design' ) ;
#3657 = EDGE_CURVE ( 'NONE', #2677, #2616, #405, .T. ) ;
#3658 = DIRECTION ( 'NONE',  ( 0.000000000000000000, 1.000000000000000000, 0.000000000000000000 ) ) ;
#3659 = ORIENTED_EDGE ( 'NONE', *, *, #7724, .F. ) ;
#3660 = ORIENTED_EDGE ( 'NONE', *, *, #4433, .T. ) ;
#3661 = PRESENTATION_STYLE_ASSIGNMENT (( #1050 ) ) ;
#3662 = DIRECTION ( 'NONE',  ( 0.000000000000000000, -1.000000000000000000, 0.000000000000000000 ) ) ;
#3663 =( GEOMETRIC_REPRESENTATION_CONTEXT ( 3 ) GLOBAL_UNCERTAINTY_ASSIGNED_CONTEXT ( ( #5083 ) ) GLOBAL_UNIT_ASSIGNED_CONTEXT ( ( #7545, #7591, #6359 ) ) REPRESENTATION_CONTEXT ( 'NONE', 'WORKASPACE' ) );
#3664 = EDGE_CURVE ( 'NONE', #2242, #3577, #4353, .T. ) ;
#3665 = FILL_AREA_STYLE_COLOUR ( '', #6794 ) ;
#3666 = PRESENTATION_LAYER_ASSIGNMENT (  '', '', ( #4465 ) ) ;
#3667 = VECTOR ( 'NONE', #4031, 1000.000000000000000 ) ;
#3668 = CARTESIAN_POINT ( 'NONE',  ( 1.016000000000000014, -19.05000000000000071, 0.000000000000000000 ) ) ;
#3669 = DIRECTION ( 'NONE',  ( 1.000000000000000000, 0.000000000000000000, 0.000000000000000000 ) ) ;
#3670 = ORIENTED_EDGE ( 'NONE', *, *, #7573, .T. ) ;
#3671 = CARTESIAN_POINT ( 'NONE',  ( -0.3200000000000000067, -4.760000000000000675, -2.839999999999999858 ) ) ;
#3672 =( GEOMETRIC_REPRESENTATION_CONTEXT ( 3 ) GLOBAL_UNCERTAINTY_ASSIGNED_CONTEXT ( ( #4393 ) ) GLOBAL_UNIT_ASSIGNED_CONTEXT ( ( #5419, #2876, #6064 ) ) REPRESENTATION_CONTEXT ( 'NONE', 'WORKASPACE' ) );
#3673 = ORIENTED_EDGE ( 'NONE', *, *, #8141, .F. ) ;
#3674 = STYLED_ITEM ( 'NONE', ( #3441 ), #6468 ) ;
#3675 = SURFACE_SIDE_STYLE ('',( #7476 ) ) ;
#3676 =( LENGTH_UNIT ( ) NAMED_UNIT ( * ) SI_UNIT ( .MILLI., .METRE. ) );
#3677 = PLANE ( 'NONE',  #1166 ) ;
#3678 = VECTOR ( 'NONE', #3866, 1000.000000000000114 ) ;
#3679 = PRESENTATION_STYLE_ASSIGNMENT (( #1156 ) ) ;
#3680 = VERTEX_POINT ( 'NONE', #6336 ) ;
#3681 = VECTOR ( 'NONE', #6502, 1000.000000000000114 ) ;
#3682 = DIRECTION ( 'NONE',  ( -0.7071067811865474617, 0.7071067811865474617, 0.000000000000000000 ) ) ;
#3683 = ORIENTED_EDGE ( 'NONE', *, *, #5898, .T. ) ;
#3684 = LINE ( 'NONE', #435, #4514 ) ;
#3685 = STYLED_ITEM ( 'NONE', ( #5178 ), #4860 ) ;
#3686 = ADVANCED_FACE ( 'NONE', ( #3994 ), #7283, .F. ) ;
#3687 = SURFACE_STYLE_USAGE ( .BOTH. , #6804 ) ;
#3688 = CARTESIAN_POINT ( 'NONE',  ( 0.05333333333332999915, -5.026666666667000349, 8.646666666667000456 ) ) ;
#3689 = CARTESIAN_POINT ( 'NONE',  ( -0.1600000000000000033, -17.62000000000000099, -3.000000000000000000 ) ) ;
#3690 = FILL_AREA_STYLE_COLOUR ( '', #366 ) ;
#3691 = PRESENTATION_STYLE_ASSIGNMENT (( #3646 ) ) ;
#3692 = EDGE_LOOP ( 'NONE', ( #8522, #1349, #6841, #2216 ) ) ;
#3693 = ORIENTED_EDGE ( 'NONE', *, *, #3928, .T. ) ;
#3694 = CARTESIAN_POINT ( 'NONE',  ( -0.3200000000000000067, 0.3200000000000000067, -3.000000000000000000 ) ) ;
#3695 = PRESENTATION_LAYER_ASSIGNMENT (  '', '', ( #7363 ) ) ;
#3696 = CARTESIAN_POINT ( 'NONE',  ( -0.1600000000000000033, -2.380000000000000338, -3.000000000000000000 ) ) ;
#3697 =( NAMED_UNIT ( * ) SI_UNIT ( $, .STERADIAN. ) SOLID_ANGLE_UNIT ( ) );
#3698 = STYLED_ITEM ( 'NONE', ( #4663 ), #4657 ) ;
#3699 = DIRECTION ( 'NONE',  ( 0.000000000000000000, 1.000000000000000000, 0.000000000000000000 ) ) ;
#3700 = EDGE_CURVE ( 'NONE', #6960, #4719, #7026, .T. ) ;
#3701 = LINE ( 'NONE', #7673, #772 ) ;
#3702 = EDGE_CURVE ( 'NONE', #4557, #1361, #5277, .T. ) ;
#3703 =( LENGTH_UNIT ( ) NAMED_UNIT ( * ) SI_UNIT ( .MILLI., .METRE. ) );
#3704 = LINE ( 'NONE', #6306, #3391 ) ;
#3705 = ORIENTED_EDGE ( 'NONE', *, *, #1994, .F. ) ;
#3706 = PLANE ( 'NONE',  #278 ) ;
#3707 = DIRECTION ( 'NONE',  ( 1.000000000000000000, 0.000000000000000000, 0.000000000000000000 ) ) ;
#3708 = PRESENTATION_LAYER_ASSIGNMENT (  '', '', ( #1623 ) ) ;
#3709 =( NAMED_UNIT ( * ) PLANE_ANGLE_UNIT ( ) SI_UNIT ( $, .RADIAN. ) );
#3710 = AXIS2_PLACEMENT_3D ( 'NONE', #2783, #2927, #6110 ) ;
#3711 = SURFACE_STYLE_FILL_AREA ( #2289 ) ;
#3712 = PLANE ( 'NONE',  #2895 ) ;
#3713 = LINE ( 'NONE', #5706, #6186 ) ;
#3714 = EDGE_LOOP ( 'NONE', ( #1082, #2369, #1786, #778 ) ) ;
#3715 = SURFACE_SIDE_STYLE ('',( #389 ) ) ;
#3716 = ORIENTED_EDGE ( 'NONE', *, *, #2617, .T. ) ;
#3717 = PRESENTATION_STYLE_ASSIGNMENT (( #8182 ) ) ;
#3718 = CARTESIAN_POINT ( 'NONE',  ( 1.270000000000000018, -13.71600000000000108, 0.000000000000000000 ) ) ;
#3719 = COLOUR_RGB ( '',0.8588235294117646523, 0.7372549019607843590, 0.4941176470588235503 ) ;
#3720 = FILL_AREA_STYLE_COLOUR ( '', #4076 ) ;
#3721 = EDGE_CURVE ( 'NONE', #4938, #6800, #5081, .T. ) ;
#3722 = UNCERTAINTY_MEASURE_WITH_UNIT (LENGTH_MEASURE( 1.000000000000000082E-05 ), #7798, 'distance_accuracy_value', 'NONE');
#3723 = FILL_AREA_STYLE_COLOUR ( '', #1431 ) ;
#3724 = AXIS2_PLACEMENT_3D ( 'NONE', #1843, #5800, #3280 ) ;
#3725 = DIRECTION ( 'NONE',  ( -0.7071067811865475727, 0.7071067811865475727, 0.000000000000000000 ) ) ;
#3726 = ORIENTED_EDGE ( 'NONE', *, *, #2986, .T. ) ;
#3727 = FACE_OUTER_BOUND ( 'NONE', #498, .T. ) ;
#3728 = DIRECTION ( 'NONE',  ( -0.5773502691896257311, -0.5773502691896257311, 0.5773502691896257311 ) ) ;
#3729 = ADVANCED_FACE ( 'NONE', ( #1357 ), #7067, .T. ) ;
#3730 = VECTOR ( 'NONE', #6396, 1000.000000000000114 ) ;
#3731 =( GEOMETRIC_REPRESENTATION_CONTEXT ( 3 ) GLOBAL_UNCERTAINTY_ASSIGNED_CONTEXT ( ( #7148 ) ) GLOBAL_UNIT_ASSIGNED_CONTEXT ( ( #7370, #3622, #879 ) ) REPRESENTATION_CONTEXT ( 'NONE', 'WORKASPACE' ) );
#3732 = SURFACE_STYLE_FILL_AREA ( #1031 ) ;
#3733 = DIRECTION ( 'NONE',  ( 0.000000000000000000, 0.000000000000000000, -1.000000000000000000 ) ) ;
#3734 = VERTEX_POINT ( 'NONE', #7744 ) ;
#3735 = ORIENTED_EDGE ( 'NONE', *, *, #5153, .T. ) ;
#3736 = VECTOR ( 'NONE', #4402, 1000.000000000000000 ) ;
#3737 = MECHANICAL_DESIGN_GEOMETRIC_PRESENTATION_REPRESENTATION (  '', ( #7412 ), #419 ) ;
#3738 =( LENGTH_UNIT ( ) NAMED_UNIT ( * ) SI_UNIT ( .MILLI., .METRE. ) );
#3739 = PRESENTATION_STYLE_ASSIGNMENT (( #5056 ) ) ;
#3740 = VERTEX_POINT ( 'NONE', #1971 ) ;
#3741 = PLANE ( 'NONE',  #6537 ) ;
#3742 = CARTESIAN_POINT ( 'NONE',  ( 0.2400000000000000189, -0.3200000000000000067, -2.919999999999999929 ) ) ;
#3743 = DIRECTION ( 'NONE',  ( 0.5773502691896257311, -0.5773502691896257311, -0.5773502691896257311 ) ) ;
#3744 = VECTOR ( 'NONE', #3219, 1000.000000000000000 ) ;
#3745 = LINE ( 'NONE', #3900, #447 ) ;
#3746 = PRESENTATION_STYLE_ASSIGNMENT (( #8306 ) ) ;
#3747 = ORIENTED_EDGE ( 'NONE', *, *, #5403, .F. ) ;
#3748 = VERTEX_POINT ( 'NONE', #3957 ) ;
#3749 = PRESENTATION_STYLE_ASSIGNMENT (( #1062 ) ) ;
#3750 = MECHANICAL_DESIGN_GEOMETRIC_PRESENTATION_REPRESENTATION (  '', ( #6349 ), #5916 ) ;
#3751 = MECHANICAL_DESIGN_GEOMETRIC_PRESENTATION_REPRESENTATION (  '', ( #7038 ), #8144 ) ;
#3752 = CARTESIAN_POINT ( 'NONE',  ( -0.3200000000000000067, -10.31999999999999851, 8.540000000000000924 ) ) ;
#3753 =( NAMED_UNIT ( * ) SI_UNIT ( $, .STERADIAN. ) SOLID_ANGLE_UNIT ( ) );
#3754 = CARTESIAN_POINT ( 'NONE',  ( 0.3200000000000000067, -13.01999999999999957, -2.839999999999999858 ) ) ;
#3755 = COLOUR_RGB ( '',0.8588235294117646523, 0.7372549019607843590, 0.4941176470588235503 ) ;
#3756 = PRESENTATION_STYLE_ASSIGNMENT (( #4380 ) ) ;
#3757 = EDGE_CURVE ( 'NONE', #5573, #3197, #2051, .T. ) ;
#3758 = PRESENTATION_LAYER_ASSIGNMENT (  '', '', ( #4560 ) ) ;
#3759 = CARTESIAN_POINT ( 'NONE',  ( 0.3200000000000000067, -2.860000000000000320, 0.000000000000000000 ) ) ;
#3760 = SURFACE_STYLE_USAGE ( .BOTH. , #4258 ) ;
#3761 = ORIENTED_EDGE ( 'NONE', *, *, #7722, .F. ) ;
#3762 = PRESENTATION_STYLE_ASSIGNMENT (( #6333 ) ) ;
#3763 = DIRECTION ( 'NONE',  ( 1.000000000000000000, 0.000000000000000000, 0.000000000000000000 ) ) ;
#3764 = EDGE_CURVE ( 'NONE', #3395, #6800, #5914, .T. ) ;
#3765 = CARTESIAN_POINT ( 'NONE',  ( -0.1600000000000000033, -10.00000000000000000, -3.000000000000000000 ) ) ;
#3766 = DIRECTION ( 'NONE',  ( 0.000000000000000000, 1.000000000000000000, 0.000000000000000000 ) ) ;
#3767 = AXIS2_PLACEMENT_3D ( 'NONE', #8115, #4835, #4057 ) ;
#3768 = LINE ( 'NONE', #4917, #168 ) ;
#3769 = FILL_AREA_STYLE ('',( #5731 ) ) ;
#3770 = VERTEX_POINT ( 'NONE', #5445 ) ;
#3771 = ORIENTED_EDGE ( 'NONE', *, *, #903, .F. ) ;
#3772 = ADVANCED_FACE ( 'NONE', ( #327 ), #928, .F. ) ;
#3773 = SURFACE_STYLE_FILL_AREA ( #7668 ) ;
#3774 = DIRECTION ( 'NONE',  ( 0.000000000000000000, 1.000000000000000000, 0.000000000000000000 ) ) ;
#3775 = STYLED_ITEM ( 'NONE', ( #6586 ), #559 ) ;
#3776 =( NAMED_UNIT ( * ) SI_UNIT ( $, .STERADIAN. ) SOLID_ANGLE_UNIT ( ) );
#3777 = SURFACE_STYLE_USAGE ( .BOTH. , #449 ) ;
#3778 = PLANE ( 'NONE',  #5987 ) ;
#3779 = EDGE_CURVE ( 'NONE', #6813, #1785, #1534, .T. ) ;
#3780 = AXIS2_PLACEMENT_3D ( 'NONE', #4647, #5462, #5374 ) ;
#3781 = ORIENTED_EDGE ( 'NONE', *, *, #2469, .F. ) ;
#3782 = DIRECTION ( 'NONE',  ( 0.000000000000000000, 0.000000000000000000, 1.000000000000000000 ) ) ;
#3783 = EDGE_CURVE ( 'NONE', #1654, #5484, #7325, .T. ) ;
#3784 = DIRECTION ( 'NONE',  ( 0.000000000000000000, 1.000000000000000000, 0.000000000000000000 ) ) ;
#3785 = DIRECTION ( 'NONE',  ( 0.000000000000000000, 0.000000000000000000, 1.000000000000000000 ) ) ;
#3786 = LINE ( 'NONE', #2550, #51 ) ;
#3787 =( GEOMETRIC_REPRESENTATION_CONTEXT ( 3 ) GLOBAL_UNCERTAINTY_ASSIGNED_CONTEXT ( ( #5926 ) ) GLOBAL_UNIT_ASSIGNED_CONTEXT ( ( #4586, #6524, #5355 ) ) REPRESENTATION_CONTEXT ( 'NONE', 'WORKASPACE' ) );
#3788 = FACE_OUTER_BOUND ( 'NONE', #1527, .T. ) ;
#3789 = PLANE ( 'NONE',  #5847 ) ;
#3790 = VERTEX_POINT ( 'NONE', #6087 ) ;
#3791 = SURFACE_STYLE_FILL_AREA ( #512 ) ;
#3792 = EDGE_LOOP ( 'NONE', ( #6590, #4156, #1081, #1956 ) ) ;
#3793 = AXIS2_PLACEMENT_3D ( 'NONE', #154, #4808, #4113 ) ;
#3794 = DIRECTION ( 'NONE',  ( 0.000000000000000000, 0.000000000000000000, 1.000000000000000000 ) ) ;
#3795 = PLANE ( 'NONE',  #8127 ) ;
#3796 = FILL_AREA_STYLE ('',( #1065 ) ) ;
#3797 = VECTOR ( 'NONE', #4679, 1000.000000000000000 ) ;
#3798 = PLANE ( 'NONE',  #837 ) ;
#3799 = COLOUR_RGB ( '',0.8588235294117646523, 0.7372549019607843590, 0.4941176470588235503 ) ;
#3800 = EDGE_CURVE ( 'NONE', #2326, #5306, #4847, .T. ) ;
#3801 = EDGE_CURVE ( 'NONE', #2268, #1645, #203, .T. ) ;
#3802 = UNCERTAINTY_MEASURE_WITH_UNIT (LENGTH_MEASURE( 1.000000000000000082E-05 ), #7339, 'distance_accuracy_value', 'NONE');
#3803 = PLANE ( 'NONE',  #5621 ) ;
#3804 = VECTOR ( 'NONE', #4459, 1000.000000000000000 ) ;
#3805 = ORIENTED_EDGE ( 'NONE', *, *, #4675, .T. ) ;
#3806 =( GEOMETRIC_REPRESENTATION_CONTEXT ( 3 ) GLOBAL_UNCERTAINTY_ASSIGNED_CONTEXT ( ( #7138 ) ) GLOBAL_UNIT_ASSIGNED_CONTEXT ( ( #1663, #4290, #2979 ) ) REPRESENTATION_CONTEXT ( 'NONE', 'WORKASPACE' ) );
#3807 = CARTESIAN_POINT ( 'NONE',  ( -0.3200000000000000067, -5.400000000000000355, -2.839999999999999858 ) ) ;
#3808 = DIRECTION ( 'NONE',  ( -0.000000000000000000, 1.000000000000000000, 0.000000000000000000 ) ) ;
#3809 = VECTOR ( 'NONE', #2786, 1000.000000000000114 ) ;
#3810 = CARTESIAN_POINT ( 'NONE',  ( 0.3200000000000000067, -17.46000000000000085, 8.380000000000000782 ) ) ;
#3811 = UNCERTAINTY_MEASURE_WITH_UNIT (LENGTH_MEASURE( 1.000000000000000082E-05 ), #4577, 'distance_accuracy_value', 'NONE');
#3812 = MECHANICAL_DESIGN_GEOMETRIC_PRESENTATION_REPRESENTATION (  '', ( #355 ), #223 ) ;
#3813 = SURFACE_STYLE_FILL_AREA ( #7071 ) ;
#3814 = ORIENTED_EDGE ( 'NONE', *, *, #1350, .F. ) ;
#3815 = VERTEX_POINT ( 'NONE', #5399 ) ;
#3816 = LINE ( 'NONE', #8450, #2512 ) ;
#3817 = SURFACE_STYLE_USAGE ( .BOTH. , #1215 ) ;
#3818 = VECTOR ( 'NONE', #1133, 1000.000000000000114 ) ;
#3819 = MECHANICAL_DESIGN_GEOMETRIC_PRESENTATION_REPRESENTATION (  '', ( #3274 ), #1310 ) ;
#3820 =( NAMED_UNIT ( * ) PLANE_ANGLE_UNIT ( ) SI_UNIT ( $, .RADIAN. ) );
#3821 = LINE ( 'NONE', #6389, #649 ) ;
#3822 = UNCERTAINTY_MEASURE_WITH_UNIT (LENGTH_MEASURE( 1.000000000000000082E-05 ), #5219, 'distance_accuracy_value', 'NONE');
#3823 = ADVANCED_FACE ( 'NONE', ( #2947 ), #1486, .T. ) ;
#3824 = LINE ( 'NONE', #7584, #6209 ) ;
#3825 = AXIS2_PLACEMENT_3D ( 'NONE', #7200, #7926, #1429 ) ;
#3826 = ORIENTED_EDGE ( 'NONE', *, *, #7017, .F. ) ;
#3827 = FILL_AREA_STYLE_COLOUR ( '', #2634 ) ;
#3828 = CARTESIAN_POINT ( 'NONE',  ( -0.3200000000000000067, -10.48000000000000043, 8.540000000000000924 ) ) ;
#3829 = CARTESIAN_POINT ( 'NONE',  ( 0.3200000000000000067, -5.400000000000000355, 8.380000000000000782 ) ) ;
#3830 = LINE ( 'NONE', #7093, #7610 ) ;
#3831 = EDGE_CURVE ( 'NONE', #1265, #2257, #6178, .T. ) ;
#3832 = DIRECTION ( 'NONE',  ( 1.000000000000000000, 0.000000000000000000, 0.000000000000000000 ) ) ;
#3833 = DIRECTION ( 'NONE',  ( 0.000000000000000000, 0.000000000000000000, 1.000000000000000000 ) ) ;
#3834 = ORIENTED_EDGE ( 'NONE', *, *, #3657, .F. ) ;
#3835 = DIRECTION ( 'NONE',  ( 0.000000000000000000, 1.000000000000000000, 0.000000000000000000 ) ) ;
#3836 = ORIENTED_EDGE ( 'NONE', *, *, #2899, .F. ) ;
#3837 = STYLED_ITEM ( 'NONE', ( #4293 ), #7964 ) ;
#3838 = CARTESIAN_POINT ( 'NONE',  ( -0.3200000000000000067, -4.760000000000000675, -3.000000000000000000 ) ) ;
#3839 = FILL_AREA_STYLE_COLOUR ( '', #1821 ) ;
#3840 = MECHANICAL_DESIGN_GEOMETRIC_PRESENTATION_REPRESENTATION (  '', ( #2478 ), #3579 ) ;
#3841 =( NAMED_UNIT ( * ) PLANE_ANGLE_UNIT ( ) SI_UNIT ( $, .RADIAN. ) );
#3842 = DIRECTION ( 'NONE',  ( 0.000000000000000000, -0.7071067811865475727, 0.7071067811865475727 ) ) ;
#3843 = ORIENTED_EDGE ( 'NONE', *, *, #5111, .F. ) ;
#3844 =( LENGTH_UNIT ( ) NAMED_UNIT ( * ) SI_UNIT ( .MILLI., .METRE. ) );
#3845 = AXIS2_PLACEMENT_3D ( 'NONE', #7179, #3212, #1278 ) ;
#3846 = EDGE_CURVE ( 'NONE', #3269, #5451, #6315, .T. ) ;
#3847 =( NAMED_UNIT ( * ) PLANE_ANGLE_UNIT ( ) SI_UNIT ( $, .RADIAN. ) );
#3848 = LINE ( 'NONE', #3327, #5305 ) ;
#3849 = VECTOR ( 'NONE', #4979, 1000.000000000000000 ) ;
#3850 = FACE_OUTER_BOUND ( 'NONE', #1593, .T. ) ;
#3851 = ORIENTED_EDGE ( 'NONE', *, *, #3783, .T. ) ;
#3852 = VERTEX_POINT ( 'NONE', #1186 ) ;
#3853 = SURFACE_STYLE_FILL_AREA ( #1325 ) ;
#3854 = FILL_AREA_STYLE_COLOUR ( '', #3184 ) ;
#3855 = STYLED_ITEM ( 'NONE', ( #5010 ), #7315 ) ;
#3856 = DIRECTION ( 'NONE',  ( 0.000000000000000000, 0.000000000000000000, 1.000000000000000000 ) ) ;
#3857 = VECTOR ( 'NONE', #6881, 1000.000000000000000 ) ;
#3858 = CARTESIAN_POINT ( 'NONE',  ( -1.270000000000000018, -11.17600000000000016, 0.000000000000000000 ) ) ;
#3859 =( NAMED_UNIT ( * ) PLANE_ANGLE_UNIT ( ) SI_UNIT ( $, .RADIAN. ) );
#3860 = EDGE_LOOP ( 'NONE', ( #6069, #1027, #6569, #5404 ) ) ;
#3861 =( NAMED_UNIT ( * ) PLANE_ANGLE_UNIT ( ) SI_UNIT ( $, .RADIAN. ) );
#3862 = VECTOR ( 'NONE', #1506, 1000.000000000000000 ) ;
#3863 = EDGE_CURVE ( 'NONE', #6364, #7977, #3830, .T. ) ;
#3864 = CARTESIAN_POINT ( 'NONE',  ( -1.270000000000000018, -9.144000000000000128, 2.540000000000000036 ) ) ;
#3865 = VECTOR ( 'NONE', #3335, 1000.000000000000000 ) ;
#3866 = DIRECTION ( 'NONE',  ( 0.7071067811865474617, -0.7071067811865474617, 0.000000000000000000 ) ) ;
#3867 = VERTEX_POINT ( 'NONE', #1664 ) ;
#3868 = PRESENTATION_STYLE_ASSIGNMENT (( #3277 ) ) ;
#3869 = ORIENTED_EDGE ( 'NONE', *, *, #315, .T. ) ;
#3870 = SURFACE_STYLE_USAGE ( .BOTH. , #4502 ) ;
#3871 = FACE_OUTER_BOUND ( 'NONE', #1656, .T. ) ;
#3872 = VECTOR ( 'NONE', #6151, 1000.000000000000000 ) ;
#3873 = EDGE_CURVE ( 'NONE', #7910, #6319, #6922, .T. ) ;
#3874 = COLOUR_RGB ( '',0.1450980392156862586, 0.1411764705882352922, 0.1411764705882352922 ) ;
#3875 = DIRECTION ( 'NONE',  ( 1.000000000000000000, 0.000000000000000000, 0.000000000000000000 ) ) ;
#3876 = FACE_BOUND ( 'NONE', #987, .T. ) ;
#3877 = FILL_AREA_STYLE_COLOUR ( '', #7440 ) ;
#3878 = UNCERTAINTY_MEASURE_WITH_UNIT (LENGTH_MEASURE( 1.000000000000000082E-05 ), #896, 'distance_accuracy_value', 'NONE');
#3879 = COLOUR_RGB ( '',0.1450980392156862586, 0.1411764705882352922, 0.1411764705882352922 ) ;
#3880 = CARTESIAN_POINT ( 'NONE',  ( 0.3200000000000000067, -18.10000000000000142, -2.839999999999999858 ) ) ;
#3881 = FILL_AREA_STYLE_COLOUR ( '', #3719 ) ;
#3882 = MECHANICAL_DESIGN_GEOMETRIC_PRESENTATION_REPRESENTATION (  '', ( #1120 ), #440 ) ;
#3883 = ORIENTED_EDGE ( 'NONE', *, *, #1213, .T. ) ;
#3884 =( NAMED_UNIT ( * ) PLANE_ANGLE_UNIT ( ) SI_UNIT ( $, .RADIAN. ) );
#3885 = CARTESIAN_POINT ( 'NONE',  ( 1.270000000000000018, -11.17600000000000016, 0.000000000000000000 ) ) ;
#3886 = COLOUR_RGB ( '',0.1450980392156862586, 0.1411764705882352922, 0.1411764705882352922 ) ;
#3887 = EDGE_CURVE ( 'NONE', #2637, #5817, #5747, .T. ) ;
#3888 = STYLED_ITEM ( 'NONE', ( #273 ), #5682 ) ;
#3889 = CARTESIAN_POINT ( 'NONE',  ( 1.016000000000000014, -13.97000000000000064, 0.000000000000000000 ) ) ;
#3890 = UNCERTAINTY_MEASURE_WITH_UNIT (LENGTH_MEASURE( 1.000000000000000082E-05 ), #773, 'distance_accuracy_value', 'NONE');
#3891 =( NAMED_UNIT ( * ) SI_UNIT ( $, .STERADIAN. ) SOLID_ANGLE_UNIT ( ) );
#3892 = SURFACE_STYLE_FILL_AREA ( #5816 ) ;
#3893 = EDGE_LOOP ( 'NONE', ( #3590, #2841, #1202, #3981 ) ) ;
#3894 = EDGE_LOOP ( 'NONE', ( #7402, #31, #6485, #5483 ) ) ;
#3895 = CARTESIAN_POINT ( 'NONE',  ( -0.1600000000000000033, 0.3200000000000000067, 0.000000000000000000 ) ) ;
#3896 = MECHANICAL_DESIGN_GEOMETRIC_PRESENTATION_REPRESENTATION (  '', ( #8152 ), #2802 ) ;
#3897 = FILL_AREA_STYLE_COLOUR ( '', #4945 ) ;
#3898 = STYLED_ITEM ( 'NONE', ( #2621 ), #1017 ) ;
#3899 = UNCERTAINTY_MEASURE_WITH_UNIT (LENGTH_MEASURE( 1.000000000000000082E-05 ), #4359, 'distance_accuracy_value', 'NONE');
#3900 = CARTESIAN_POINT ( 'NONE',  ( 0.1600000000000000033, -5.240000000000000213, 8.540000000000000924 ) ) ;
#3901 = ADVANCED_FACE ( 'NONE', ( #1700 ), #1836, .F. ) ;
#3902 = AXIS2_PLACEMENT_3D ( 'NONE', #5326, #7383, #7948 ) ;
#3903 = DIRECTION ( 'NONE',  ( 1.000000000000000000, 0.000000000000000000, -2.453897423307444850E-18 ) ) ;
#3904 = SURFACE_SIDE_STYLE ('',( #7040 ) ) ;
#3905 = ORIENTED_EDGE ( 'NONE', *, *, #591, .F. ) ;
#3906 = DIRECTION ( 'NONE',  ( -1.000000000000000000, 0.000000000000000000, 0.000000000000000000 ) ) ;
#3907 = FILL_AREA_STYLE ('',( #7969 ) ) ;
#3908 = EDGE_CURVE ( 'NONE', #8181, #3343, #6398, .T. ) ;
#3909 = LINE ( 'NONE', #7242, #2133 ) ;
#3910 = ORIENTED_EDGE ( 'NONE', *, *, #2240, .F. ) ;
#3911 = CARTESIAN_POINT ( 'NONE',  ( -0.1600000000000000033, -5.240000000000000213, 8.540000000000000924 ) ) ;
#3912 = ORIENTED_EDGE ( 'NONE', *, *, #320, .T. ) ;
#3913 = ADVANCED_FACE ( 'NONE', ( #421 ), #7684, .F. ) ;
#3914 = CARTESIAN_POINT ( 'NONE',  ( -1.270000000000000018, -18.79599999999999937, 0.000000000000000000 ) ) ;
#3915 = LINE ( 'NONE', #7135, #7838 ) ;
#3916 = FACE_BOUND ( 'NONE', #209, .T. ) ;
#3917 = VECTOR ( 'NONE', #4440, 1000.000000000000000 ) ;
#3918 = DIRECTION ( 'NONE',  ( 0.000000000000000000, 1.000000000000000000, 0.000000000000000000 ) ) ;
#3919 = SURFACE_SIDE_STYLE ('',( #6733 ) ) ;
#3920 = DIRECTION ( 'NONE',  ( 1.000000000000000000, 0.000000000000000000, 0.000000000000000000 ) ) ;
#3921 = EDGE_LOOP ( 'NONE', ( #7432, #6872, #3174, #2717 ) ) ;
#3922 = PRESENTATION_STYLE_ASSIGNMENT (( #1893 ) ) ;
#3923 = PRESENTATION_LAYER_ASSIGNMENT (  '', '', ( #4327 ) ) ;
#3924 = CARTESIAN_POINT ( 'NONE',  ( 0.3200000000000000067, -9.839999999999999858, 2.540000000000000036 ) ) ;
#3925 = CARTESIAN_POINT ( 'NONE',  ( -0.3200000000000000067, -7.860000000000000320, 8.460000000000000853 ) ) ;
#3926 = CARTESIAN_POINT ( 'NONE',  ( 0.2400000000000000189, -15.55999999999999872, 8.460000000000000853 ) ) ;
#3927 = ORIENTED_EDGE ( 'NONE', *, *, #8517, .T. ) ;
#3928 = EDGE_CURVE ( 'NONE', #5168, #3343, #3786, .T. ) ;
#3929 = LINE ( 'NONE', #3333, #1282 ) ;
#3930 = VECTOR ( 'NONE', #5605, 1000.000000000000000 ) ;
#3931 = SURFACE_STYLE_FILL_AREA ( #5171 ) ;
#3932 = VECTOR ( 'NONE', #3835, 1000.000000000000000 ) ;
#3933 =( GEOMETRIC_REPRESENTATION_CONTEXT ( 3 ) GLOBAL_UNCERTAINTY_ASSIGNED_CONTEXT ( ( #6893 ) ) GLOBAL_UNIT_ASSIGNED_CONTEXT ( ( #3146, #459, #2412 ) ) REPRESENTATION_CONTEXT ( 'NONE', 'WORKASPACE' ) );
#3934 = DIRECTION ( 'NONE',  ( 0.7071067811865474617, 0.7071067811865474617, 0.000000000000000000 ) ) ;
#3935 = PRESENTATION_LAYER_ASSIGNMENT (  '', '', ( #3943 ) ) ;
#3936 = MECHANICAL_DESIGN_GEOMETRIC_PRESENTATION_REPRESENTATION (  '', ( #2140 ), #2302 ) ;
#3937 = PLANE ( 'NONE',  #14 ) ;
#3938 = CARTESIAN_POINT ( 'NONE',  ( 0.3200000000000000067, -7.299999999999999822, 0.000000000000000000 ) ) ;
#3939 = STYLED_ITEM ( 'NONE', ( #3643 ), #1251 ) ;
#3940 = ORIENTED_EDGE ( 'NONE', *, *, #596, .T. ) ;
#3941 = DIRECTION ( 'NONE',  ( 1.000000000000000000, 0.000000000000000000, 0.000000000000000000 ) ) ;
#3942 = PRESENTATION_LAYER_ASSIGNMENT (  '', '', ( #6967 ) ) ;
#3943 = STYLED_ITEM ( 'NONE', ( #5511 ), #4908 ) ;
#3944 = EDGE_CURVE ( 'NONE', #7392, #6070, #2711, .T. ) ;
#3945 = EDGE_CURVE ( 'NONE', #4800, #1824, #737, .T. ) ;
#3946 = SURFACE_SIDE_STYLE ('',( #1913 ) ) ;
#3947 = FILL_AREA_STYLE_COLOUR ( '', #5311 ) ;
#3948 = PLANE ( 'NONE',  #2573 ) ;
#3949 = CARTESIAN_POINT ( 'NONE',  ( -1.016000000000000014, -19.05000000000000071, 2.540000000000000036 ) ) ;
#3950 = EDGE_LOOP ( 'NONE', ( #8095, #3286, #5855, #4930 ) ) ;
#3951 =( LENGTH_UNIT ( ) NAMED_UNIT ( * ) SI_UNIT ( .MILLI., .METRE. ) );
#3952 = VERTEX_POINT ( 'NONE', #6482 ) ;
#3953 = CARTESIAN_POINT ( 'NONE',  ( -1.270000000000000018, -16.76400000000000290, 0.000000000000000000 ) ) ;
#3954 = LINE ( 'NONE', #670, #3039 ) ;
#3955 = CARTESIAN_POINT ( 'NONE',  ( -0.3200000000000000067, -7.299999999999999822, -3.000000000000000000 ) ) ;
#3956 = CARTESIAN_POINT ( 'NONE',  ( -1.270000000000000018, -4.064000000000000057, 0.000000000000000000 ) ) ;
#3957 = CARTESIAN_POINT ( 'NONE',  ( -0.3200000000000000067, -9.839999999999999858, 2.540000000000000036 ) ) ;
#3958 = STYLED_ITEM ( 'NONE', ( #3407 ), #7935 ) ;
#3959 = LINE ( 'NONE', #6581, #7375 ) ;
#3960 = CARTESIAN_POINT ( 'NONE',  ( 0.3200000000000000067, -0.3200000000000000067, 8.380000000000000782 ) ) ;
#3961 = SURFACE_SIDE_STYLE ('',( #1314 ) ) ;
#3962 = ORIENTED_EDGE ( 'NONE', *, *, #370, .T. ) ;
#3963 = SURFACE_SIDE_STYLE ('',( #3498 ) ) ;
#3964 = SURFACE_STYLE_USAGE ( .BOTH. , #6538 ) ;
#3965 = ADVANCED_FACE ( 'NONE', ( #7762 ), #2590, .F. ) ;
#3966 = PLANE ( 'NONE',  #8063 ) ;
#3967 = UNCERTAINTY_MEASURE_WITH_UNIT (LENGTH_MEASURE( 1.000000000000000082E-05 ), #8310, 'distance_accuracy_value', 'NONE');
#3968 = PLANE ( 'NONE',  #1114 ) ;
#3969 = STYLED_ITEM ( 'NONE', ( #3691 ), #8155 ) ;
#3970 = COLOUR_RGB ( '',0.8588235294117646523, 0.7372549019607843590, 0.4941176470588235503 ) ;
#3971 = ORIENTED_EDGE ( 'NONE', *, *, #3800, .T. ) ;
#3972 = CARTESIAN_POINT ( 'NONE',  ( -0.3200000000000000067, -15.55999999999999872, -2.839999999999999858 ) ) ;
#3973 = DIRECTION ( 'NONE',  ( -0.7071067811865474617, -0.7071067811865474617, 0.000000000000000000 ) ) ;
#3974 = EDGE_CURVE ( 'NONE', #1013, #6320, #1961, .T. ) ;
#3975 = PLANE ( 'NONE',  #6411 ) ;
#3976 = UNCERTAINTY_MEASURE_WITH_UNIT (LENGTH_MEASURE( 1.000000000000000082E-05 ), #1925, 'distance_accuracy_value', 'NONE');
#3977 =( NAMED_UNIT ( * ) SI_UNIT ( $, .STERADIAN. ) SOLID_ANGLE_UNIT ( ) );
#3978 = PLANE ( 'NONE',  #7126 ) ;
#3979 = PLANE ( 'NONE',  #3032 ) ;
#3980 = MECHANICAL_DESIGN_GEOMETRIC_PRESENTATION_REPRESENTATION (  '', ( #2042 ), #1354 ) ;
#3981 = ORIENTED_EDGE ( 'NONE', *, *, #6084, .F. ) ;
#3982 =( LENGTH_UNIT ( ) NAMED_UNIT ( * ) SI_UNIT ( .MILLI., .METRE. ) );
#3983 =( LENGTH_UNIT ( ) NAMED_UNIT ( * ) SI_UNIT ( .MILLI., .METRE. ) );
#3984 = CARTESIAN_POINT ( 'NONE',  ( -0.3200000000000000067, -15.55999999999999872, 8.540000000000000924 ) ) ;
#3985 = STYLED_ITEM ( 'NONE', ( #4409 ), #7428 ) ;
#3986 = AXIS2_PLACEMENT_3D ( 'NONE', #7800, #1223, #4495 ) ;
#3987 = LINE ( 'NONE', #665, #8201 ) ;
#3988 = ORIENTED_EDGE ( 'NONE', *, *, #7480, .T. ) ;
#3989 = LINE ( 'NONE', #6608, #7898 ) ;
#3990 = ORIENTED_EDGE ( 'NONE', *, *, #1914, .F. ) ;
#3991 = DIRECTION ( 'NONE',  ( 0.000000000000000000, 1.000000000000000000, 0.000000000000000000 ) ) ;
#3992 = AXIS2_PLACEMENT_3D ( 'NONE', #6254, #7455, #4836 ) ;
#3993 = CARTESIAN_POINT ( 'NONE',  ( 1.270000000000000018, -3.556000000000000050, 0.000000000000000000 ) ) ;
#3994 = FACE_OUTER_BOUND ( 'NONE', #5684, .T. ) ;
#3995 = FILL_AREA_STYLE_COLOUR ( '', #2468 ) ;
#3996 = DIRECTION ( 'NONE',  ( 0.000000000000000000, 1.000000000000000000, 0.000000000000000000 ) ) ;
#3997 = CARTESIAN_POINT ( 'NONE',  ( 0.3200000000000000067, -4.760000000000000675, 8.380000000000000782 ) ) ;
#3998 = CARTESIAN_POINT ( 'NONE',  ( 1.270000000000000018, -11.68399999999999928, 0.000000000000000000 ) ) ;
#3999 = STYLED_ITEM ( 'NONE', ( #1764 ), #767 ) ;
#4000 = ORIENTED_EDGE ( 'NONE', *, *, #3427, .F. ) ;
#4001 = DIRECTION ( 'NONE',  ( 0.5773502691896257311, 0.5773502691896257311, 0.5773502691896257311 ) ) ;
#4002 = MECHANICAL_DESIGN_GEOMETRIC_PRESENTATION_REPRESENTATION (  '', ( #7834 ), #2774 ) ;
#4003 =( LENGTH_UNIT ( ) NAMED_UNIT ( * ) SI_UNIT ( .MILLI., .METRE. ) );
#4004 = ADVANCED_FACE ( 'NONE', ( #3234 ), #3948, .T. ) ;
#4005 = FILL_AREA_STYLE ('',( #8487 ) ) ;
#4006 = ADVANCED_FACE ( 'NONE', ( #701 ), #3308, .F. ) ;
#4007 = AXIS2_PLACEMENT_3D ( 'NONE', #4394, #6339, #3089 ) ;
#4008 = CARTESIAN_POINT ( 'NONE',  ( -0.3200000000000000067, -7.299999999999999822, -2.839999999999999858 ) ) ;
#4009 = FILL_AREA_STYLE_COLOUR ( '', #936 ) ;
#4010 = EDGE_LOOP ( 'NONE', ( #6005, #4681, #324, #5022 ) ) ;
#4011 = EDGE_CURVE ( 'NONE', #4997, #2893, #1673, .T. ) ;
#4012 = PLANE ( 'NONE',  #1052 ) ;
#4013 = FILL_AREA_STYLE_COLOUR ( '', #4266 ) ;
#4014 = CARTESIAN_POINT ( 'NONE',  ( -0.3200000000000000067, -0.3200000000000000067, -2.839999999999999858 ) ) ;
#4015 =( NAMED_UNIT ( * ) SI_UNIT ( $, .STERADIAN. ) SOLID_ANGLE_UNIT ( ) );
#4016 = PLANE ( 'NONE',  #7903 ) ;
#4017 = SHAPE_REPRESENTATION ( 'PinHeader_1x08_P2.54mm_Vertical.step', ( #264 ), #5456 ) ;
#4018 = CARTESIAN_POINT ( 'NONE',  ( -0.1600000000000000033, -17.62000000000000099, 8.540000000000000924 ) ) ;
#4019 = PRESENTATION_LAYER_ASSIGNMENT (  '', '', ( #6906 ) ) ;
#4020 = PRESENTATION_STYLE_ASSIGNMENT (( #1380 ) ) ;
#4021 = ORIENTED_EDGE ( 'NONE', *, *, #1472, .T. ) ;
#4022 = CARTESIAN_POINT ( 'NONE',  ( -1.270000000000000018, -4.064000000000000057, 0.000000000000000000 ) ) ;
#4023 = PRESENTATION_LAYER_ASSIGNMENT (  '', '', ( #8302 ) ) ;
#4024 = PRESENTATION_STYLE_ASSIGNMENT (( #1386 ) ) ;
#4025 = EDGE_CURVE ( 'NONE', #8254, #6788, #1154, .T. ) ;
#4026 = DIRECTION ( 'NONE',  ( -0.7071067811865475727, 1.735167508356890344E-18, 0.7071067811865475727 ) ) ;
#4027 = ORIENTED_EDGE ( 'NONE', *, *, #416, .F. ) ;
#4028 = ORIENTED_EDGE ( 'NONE', *, *, #5848, .F. ) ;
#4029 = FACE_OUTER_BOUND ( 'NONE', #6903, .T. ) ;
#4030 = EDGE_CURVE ( 'NONE', #2006, #7910, #2345, .T. ) ;
#4031 = DIRECTION ( 'NONE',  ( 0.000000000000000000, 0.000000000000000000, 1.000000000000000000 ) ) ;
#4032 =( NAMED_UNIT ( * ) SI_UNIT ( $, .STERADIAN. ) SOLID_ANGLE_UNIT ( ) );
#4033 = SURFACE_STYLE_FILL_AREA ( #7985 ) ;
#4034 = LINE ( 'NONE', #2855, #2428 ) ;
#4035 = VERTEX_POINT ( 'NONE', #4344 ) ;
#4036 = ORIENTED_EDGE ( 'NONE', *, *, #6031, .F. ) ;
#4037 =( NAMED_UNIT ( * ) SI_UNIT ( $, .STERADIAN. ) SOLID_ANGLE_UNIT ( ) );
#4038 = PRESENTATION_LAYER_ASSIGNMENT (  '', '', ( #2414 ) ) ;
#4039 = DIRECTION ( 'NONE',  ( -0.7071067811865474617, -0.7071067811865474617, 0.000000000000000000 ) ) ;
#4040 = DIRECTION ( 'NONE',  ( 1.735167508356888803E-18, -0.7071067811865475727, -0.7071067811865475727 ) ) ;
#4041 = ADVANCED_FACE ( 'NONE', ( #1198 ), #3677, .T. ) ;
#4042 = EDGE_CURVE ( 'NONE', #2055, #8044, #7698, .T. ) ;
#4043 = DIRECTION ( 'NONE',  ( 0.000000000000000000, 1.000000000000000000, 0.000000000000000000 ) ) ;
#4044 = UNCERTAINTY_MEASURE_WITH_UNIT (LENGTH_MEASURE( 1.000000000000000082E-05 ), #7636, 'distance_accuracy_value', 'NONE');
#4045 = VECTOR ( 'NONE', #5995, 1000.000000000000000 ) ;
#4046 = VERTEX_POINT ( 'NONE', #5592 ) ;
#4047 = VECTOR ( 'NONE', #2286, 1000.000000000000000 ) ;
#4048 = FILL_AREA_STYLE_COLOUR ( '', #7735 ) ;
#4049 = CARTESIAN_POINT ( 'NONE',  ( 0.2400000000000000189, -13.01999999999999957, 8.460000000000000853 ) ) ;
#4050 = AXIS2_PLACEMENT_3D ( 'NONE', #5807, #7774, #4166 ) ;
#4051 = PRESENTATION_LAYER_ASSIGNMENT (  '', '', ( #8037 ) ) ;
#4052 = STYLED_ITEM ( 'NONE', ( #7350 ), #3500 ) ;
#4053 = SURFACE_STYLE_FILL_AREA ( #3514 ) ;
#4054 =( NAMED_UNIT ( * ) PLANE_ANGLE_UNIT ( ) SI_UNIT ( $, .RADIAN. ) );
#4055 = ORIENTED_EDGE ( 'NONE', *, *, #7635, .F. ) ;
#4056 = PLANE ( 'NONE',  #7503 ) ;
#4057 = DIRECTION ( 'NONE',  ( 1.000000000000000000, 0.000000000000000000, 0.000000000000000000 ) ) ;
#4058 = LINE ( 'NONE', #2117, #6457 ) ;
#4059 = VECTOR ( 'NONE', #6438, 1000.000000000000114 ) ;
#4060 = CARTESIAN_POINT ( 'NONE',  ( -0.3200000000000000067, -9.839999999999999858, -3.000000000000000000 ) ) ;
#4061 = EDGE_CURVE ( 'NONE', #7403, #186, #5028, .T. ) ;
#4062 = VECTOR ( 'NONE', #8122, 1000.000000000000000 ) ;
#4064 =( GEOMETRIC_REPRESENTATION_CONTEXT ( 3 ) GLOBAL_UNCERTAINTY_ASSIGNED_CONTEXT ( ( #3228 ) ) GLOBAL_UNIT_ASSIGNED_CONTEXT ( ( #3251, #5210, #8093 ) ) REPRESENTATION_CONTEXT ( 'NONE', 'WORKASPACE' ) );
#4063 = UNCERTAINTY_MEASURE_WITH_UNIT (LENGTH_MEASURE( 1.000000000000000082E-05 ), #1912, 'distance_accuracy_value', 'NONE');
#4065 = DIRECTION ( 'NONE',  ( -0.7071067811865475727, 0.7071067811865475727, 0.000000000000000000 ) ) ;
#4066 = ORIENTED_EDGE ( 'NONE', *, *, #1311, .F. ) ;
#4067 = DIRECTION ( 'NONE',  ( 0.000000000000000000, 1.000000000000000000, 0.000000000000000000 ) ) ;
#4068 = COLOUR_RGB ( '',0.1450980392156862586, 0.1411764705882352922, 0.1411764705882352922 ) ;
#4069 = EDGE_LOOP ( 'NONE', ( #7561, #962, #5971, #1975 ) ) ;
#4070 = VERTEX_POINT ( 'NONE', #8312 ) ;
#4071 = FILL_AREA_STYLE_COLOUR ( '', #4181 ) ;
#4072 = ADVANCED_FACE ( 'NONE', ( #2385 ), #4982, .F. ) ;
#4073 = DIRECTION ( 'NONE',  ( 1.000000000000000000, 0.000000000000000000, 0.000000000000000000 ) ) ;
#4074 = CARTESIAN_POINT ( 'NONE',  ( -0.3200000000000000067, -17.46000000000000085, 0.000000000000000000 ) ) ;
#4075 = VECTOR ( 'NONE', #7305, 1000.000000000000000 ) ;
#4076 = COLOUR_RGB ( '',0.8588235294117646523, 0.7372549019607843590, 0.4941176470588235503 ) ;
#4077 =( GEOMETRIC_REPRESENTATION_CONTEXT ( 3 ) GLOBAL_UNCERTAINTY_ASSIGNED_CONTEXT ( ( #3899 ) ) GLOBAL_UNIT_ASSIGNED_CONTEXT ( ( #4359, #1328, #5296 ) ) REPRESENTATION_CONTEXT ( 'NONE', 'WORKASPACE' ) );
#4078 =( NAMED_UNIT ( * ) SI_UNIT ( $, .STERADIAN. ) SOLID_ANGLE_UNIT ( ) );
#4079 = EDGE_LOOP ( 'NONE', ( #3294, #8135, #1248, #3805 ) ) ;
#4080 = CARTESIAN_POINT ( 'NONE',  ( 14.56596132438427915, -1.270000000000007123, 3.000000000000000000 ) ) ;
#4081 = AXIS2_PLACEMENT_3D ( 'NONE', #5464, #8101, #2203 ) ;
#4082 = VERTEX_POINT ( 'NONE', #4550 ) ;
#4083 = PRESENTATION_STYLE_ASSIGNMENT (( #1404 ) ) ;
#4084 = PRESENTATION_LAYER_ASSIGNMENT (  '', '', ( #1322 ) ) ;
#4085 = SURFACE_STYLE_USAGE ( .BOTH. , #6707 ) ;
#4086 = DIRECTION ( 'NONE',  ( 0.000000000000000000, 1.000000000000000000, 0.000000000000000000 ) ) ;
#4087 = DIRECTION ( 'NONE',  ( 0.000000000000000000, 0.000000000000000000, 1.000000000000000000 ) ) ;
#4088 = DIRECTION ( 'NONE',  ( 0.000000000000000000, 1.000000000000000000, 0.000000000000000000 ) ) ;
#4089 = VERTEX_POINT ( 'NONE', #5954 ) ;
#4090 = EDGE_CURVE ( 'NONE', #1824, #758, #4589, .T. ) ;
#4091 =( NAMED_UNIT ( * ) SI_UNIT ( $, .STERADIAN. ) SOLID_ANGLE_UNIT ( ) );
#4092 = CARTESIAN_POINT ( 'NONE',  ( -1.270000000000000018, -6.096000000000000085, 0.000000000000000000 ) ) ;
#4093 =( LENGTH_UNIT ( ) NAMED_UNIT ( * ) SI_UNIT ( .MILLI., .METRE. ) );
#4094 = STYLED_ITEM ( 'NONE', ( #1993 ), #8104 ) ;
#4095 = PRESENTATION_LAYER_ASSIGNMENT (  '', '', ( #2478 ) ) ;
#4096 = DIRECTION ( 'NONE',  ( 1.735167508356888803E-18, -0.7071067811865475727, -0.7071067811865475727 ) ) ;
#4097 = ORIENTED_EDGE ( 'NONE', *, *, #8338, .T. ) ;
#4098 = ORIENTED_EDGE ( 'NONE', *, *, #3974, .T. ) ;
#4099 = DIRECTION ( 'NONE',  ( 0.000000000000000000, 0.000000000000000000, 1.000000000000000000 ) ) ;
#4100 = SURFACE_STYLE_FILL_AREA ( #1473 ) ;
#4101 =( NAMED_UNIT ( * ) PLANE_ANGLE_UNIT ( ) SI_UNIT ( $, .RADIAN. ) );
#4102 = VECTOR ( 'NONE', #8280, 1000.000000000000000 ) ;
#4103 = DIRECTION ( 'NONE',  ( 0.000000000000000000, 0.000000000000000000, 1.000000000000000000 ) ) ;
#4104 = DIRECTION ( 'NONE',  ( 0.000000000000000000, -1.000000000000000000, 0.000000000000000000 ) ) ;
#4105 = SURFACE_SIDE_STYLE ('',( #6495 ) ) ;
#4106 = ORIENTED_EDGE ( 'NONE', *, *, #6157, .F. ) ;
#4107 = ORIENTED_EDGE ( 'NONE', *, *, #4133, .F. ) ;
#4108 = ORIENTED_EDGE ( 'NONE', *, *, #3887, .F. ) ;
#4109 = EDGE_CURVE ( 'NONE', #7765, #2281, #1885, .T. ) ;
#4110 = AXIS2_PLACEMENT_3D ( 'NONE', #1051, #3707, #8221 ) ;
#4111 = STYLED_ITEM ( 'NONE', ( #3661 ), #2779 ) ;
#4112 = LINE ( 'NONE', #153, #7341 ) ;
#4113 = DIRECTION ( 'NONE',  ( -1.000000000000000000, 2.453897423307444850E-18, 0.000000000000000000 ) ) ;
#4114 = DIRECTION ( 'NONE',  ( -0.000000000000000000, 1.000000000000000000, 0.000000000000000000 ) ) ;
#4115 = FACE_BOUND ( 'NONE', #2523, .T. ) ;
#4116 = EDGE_CURVE ( 'NONE', #2445, #6092, #5238, .T. ) ;
#4117 = ORIENTED_EDGE ( 'NONE', *, *, #5455, .F. ) ;
#4118 = LINE ( 'NONE', #4767, #3113 ) ;
#4119 = ORIENTED_EDGE ( 'NONE', *, *, #6234, .T. ) ;
#4120 = CARTESIAN_POINT ( 'NONE',  ( 34.56596132438428270, -1.270000000000010676, 3.000000000000000000 ) ) ;
#4121 = ORIENTED_EDGE ( 'NONE', *, *, #1693, .T. ) ;
#4122 = LINE ( 'NONE', #4682, #2622 ) ;
#4123 = DIRECTION ( 'NONE',  ( 0.000000000000000000, 0.000000000000000000, 1.000000000000000000 ) ) ;
#4124 = UNCERTAINTY_MEASURE_WITH_UNIT (LENGTH_MEASURE( 1.000000000000000082E-05 ), #6417, 'distance_accuracy_value', 'NONE');
#4125 = EDGE_CURVE ( 'NONE', #4325, #4738, #26, .T. ) ;
#4126 = ORIENTED_EDGE ( 'NONE', *, *, #3178, .T. ) ;
#4127 = STYLED_ITEM ( 'NONE', ( #5116 ), #1848 ) ;
#4128 = ORIENTED_EDGE ( 'NONE', *, *, #178, .F. ) ;
#4129 = LINE ( 'NONE', #6713, #1701 ) ;
#4130 = DIRECTION ( 'NONE',  ( 0.000000000000000000, 0.000000000000000000, 1.000000000000000000 ) ) ;
#4131 = DIRECTION ( 'NONE',  ( -0.7071067811865474617, 0.7071067811865474617, 0.000000000000000000 ) ) ;
#4132 = LINE ( 'NONE', #3508, #6884 ) ;
#4133 = EDGE_CURVE ( 'NONE', #4831, #7005, #7208, .T. ) ;
#4134 = DIRECTION ( 'NONE',  ( 0.7071067811865475727, -0.7071067811865475727, 0.000000000000000000 ) ) ;
#4135 = MECHANICAL_DESIGN_GEOMETRIC_PRESENTATION_REPRESENTATION (  '', ( #2652 ), #3611 ) ;
#4136 = COLOUR_RGB ( '',0.8588235294117646523, 0.7372549019607843590, 0.4941176470588235503 ) ;
#4137 = DIRECTION ( 'NONE',  ( 0.7071067811865474617, -0.7071067811865474617, 0.000000000000000000 ) ) ;
#4138 = PLANE ( 'NONE',  #1774 ) ;
#4139 = VERTEX_POINT ( 'NONE', #5145 ) ;
#4140 = ORIENTED_EDGE ( 'NONE', *, *, #5848, .T. ) ;
#4141 = AXIS2_PLACEMENT_3D ( 'NONE', #3140, #8340, #2454 ) ;
#4142 = CARTESIAN_POINT ( 'NONE',  ( -1.016000000000000014, -11.42999999999999972, 0.000000000000000000 ) ) ;
#4143 = VECTOR ( 'NONE', #7738, 1000.000000000000000 ) ;
#4144 = ORIENTED_EDGE ( 'NONE', *, *, #2889, .T. ) ;
#4145 = PLANE ( 'NONE',  #3051 ) ;
#4146 = CARTESIAN_POINT ( 'NONE',  ( 1.270000000000000018, -9.144000000000000128, 2.540000000000000036 ) ) ;
#4147 = FILL_AREA_STYLE_COLOUR ( '', #3136 ) ;
#4148 = MECHANICAL_DESIGN_GEOMETRIC_PRESENTATION_REPRESENTATION (  '', ( #6489 ), #843 ) ;
#4149 =( NAMED_UNIT ( * ) SI_UNIT ( $, .STERADIAN. ) SOLID_ANGLE_UNIT ( ) );
#4150 = MECHANICAL_DESIGN_GEOMETRIC_PRESENTATION_REPRESENTATION (  '', ( #4971 ), #6063 ) ;
#4151 = ADVANCED_FACE ( 'NONE', ( #600 ), #61, .T. ) ;
#4152 = UNCERTAINTY_MEASURE_WITH_UNIT (LENGTH_MEASURE( 1.000000000000000082E-05 ), #176, 'distance_accuracy_value', 'NONE');
#4153 = SURFACE_STYLE_USAGE ( .BOTH. , #2082 ) ;
#4154 = VERTEX_POINT ( 'NONE', #1926 ) ;
#4155 = ORIENTED_EDGE ( 'NONE', *, *, #3252, .T. ) ;
#4156 = ORIENTED_EDGE ( 'NONE', *, *, #7259, .T. ) ;
#4157 = PRESENTATION_STYLE_ASSIGNMENT (( #8125 ) ) ;
#4158 = LINE ( 'NONE', #880, #2633 ) ;
#4159 = EDGE_CURVE ( 'NONE', #3575, #8492, #7281, .T. ) ;
#4160 =( NAMED_UNIT ( * ) SI_UNIT ( $, .STERADIAN. ) SOLID_ANGLE_UNIT ( ) );
#4161 = MECHANICAL_DESIGN_GEOMETRIC_PRESENTATION_REPRESENTATION (  '', ( #4572 ), #5712 ) ;
#4162 = ADVANCED_FACE ( 'NONE', ( #1272, #1395, #3916, #3876, #3356, #3241, #6526, #3283, #8514 ), #6576, .F. ) ;
#4163 = LINE ( 'NONE', #6833, #4834 ) ;
#4164 = PLANE ( 'NONE',  #2644 ) ;
#4165 = EDGE_LOOP ( 'NONE', ( #3912, #6060, #788, #1612 ) ) ;
#4166 = DIRECTION ( 'NONE',  ( 0.000000000000000000, -1.000000000000000000, -2.453897423307444850E-18 ) ) ;
#4167 = EDGE_LOOP ( 'NONE', ( #6825, #2838, #4699, #7357 ) ) ;
#4168 = DIRECTION ( 'NONE',  ( 0.000000000000000000, 0.000000000000000000, 1.000000000000000000 ) ) ;
#4169 = VERTEX_POINT ( 'NONE', #7422 ) ;
#4170 = VECTOR ( 'NONE', #4684, 1000.000000000000000 ) ;
#4171 = PLANE ( 'NONE',  #6154 ) ;
#4172 = DIRECTION ( 'NONE',  ( 0.000000000000000000, 0.000000000000000000, 1.000000000000000000 ) ) ;
#4173 = CARTESIAN_POINT ( 'NONE',  ( 0.3200000000000000067, -10.48000000000000043, 0.000000000000000000 ) ) ;
#4174 = FACE_OUTER_BOUND ( 'NONE', #3692, .T. ) ;
#4175 = ORIENTED_EDGE ( 'NONE', *, *, #7296, .T. ) ;
#4176 = PRESENTATION_LAYER_ASSIGNMENT (  '', '', ( #1978 ) ) ;
#4177 = VERTEX_POINT ( 'NONE', #4202 ) ;
#4178 = PLANE ( 'NONE',  #4318 ) ;
#4179 = CARTESIAN_POINT ( 'NONE',  ( 0.1600000000000000033, -10.00000000000000000, -3.000000000000000000 ) ) ;
#4180 = CARTESIAN_POINT ( 'NONE',  ( -0.2666666666669999519, -5.346666666666999745, -2.893333333333000024 ) ) ;
#4181 = COLOUR_RGB ( '',0.8588235294117646523, 0.7372549019607843590, 0.4941176470588235503 ) ;
#4182 =( NAMED_UNIT ( * ) SI_UNIT ( $, .STERADIAN. ) SOLID_ANGLE_UNIT ( ) );
#4183 = ADVANCED_FACE ( 'NONE', ( #3534 ), #8076, .F. ) ;
#4184 = PRESENTATION_LAYER_ASSIGNMENT (  '', '', ( #5692 ) ) ;
#4185 = ORIENTED_EDGE ( 'NONE', *, *, #1067, .F. ) ;
#4186 = ORIENTED_EDGE ( 'NONE', *, *, #4090, .F. ) ;
#4187 = LINE ( 'NONE', #4739, #6062 ) ;
#4188 = ORIENTED_EDGE ( 'NONE', *, *, #836, .F. ) ;
#4189 = CARTESIAN_POINT ( 'NONE',  ( 0.1600000000000000033, -18.10000000000000142, 8.540000000000000924 ) ) ;
#4190 = COLOUR_RGB ( '',0.8588235294117646523, 0.7372549019607843590, 0.4941176470588235503 ) ;
#4191 = VECTOR ( 'NONE', #1713, 1000.000000000000000 ) ;
#4192 = FILL_AREA_STYLE ('',( #3345 ) ) ;
#4193 = VECTOR ( 'NONE', #3483, 1000.000000000000000 ) ;
#4194 = LINE ( 'NONE', #1746, #4421 ) ;
#4195 = VERTEX_POINT ( 'NONE', #5488 ) ;
#4196 = ORIENTED_EDGE ( 'NONE', *, *, #1146, .T. ) ;
#4197 = MECHANICAL_DESIGN_GEOMETRIC_PRESENTATION_REPRESENTATION (  '', ( #4604 ), #3806 ) ;
#4198 = EDGE_LOOP ( 'NONE', ( #4810, #532, #2810, #2555 ) ) ;
#4199 = EDGE_CURVE ( 'NONE', #4757, #2637, #6042, .T. ) ;
#4200 = SURFACE_STYLE_FILL_AREA ( #1752 ) ;
#4201 = VECTOR ( 'NONE', #7893, 1000.000000000000000 ) ;
#4202 = CARTESIAN_POINT ( 'NONE',  ( 1.270000000000000018, -14.22400000000000020, 0.000000000000000000 ) ) ;
#4203 = PRESENTATION_LAYER_ASSIGNMENT (  '', '', ( #7637 ) ) ;
#4204 = FILL_AREA_STYLE ('',( #5490 ) ) ;
#4205 = PRESENTATION_STYLE_ASSIGNMENT (( #250 ) ) ;
#4206 = AXIS2_PLACEMENT_3D ( 'NONE', #4537, #3271, #13 ) ;
#4207 = DIRECTION ( 'NONE',  ( 0.000000000000000000, 0.000000000000000000, 1.000000000000000000 ) ) ;
#4208 = FILL_AREA_STYLE_COLOUR ( '', #3185 ) ;
#4209 = VERTEX_POINT ( 'NONE', #248 ) ;
#4210 = ORIENTED_EDGE ( 'NONE', *, *, #5153, .F. ) ;
#4211 = ORIENTED_EDGE ( 'NONE', *, *, #320, .F. ) ;
#4212 = COLOUR_RGB ( '',0.8588235294117646523, 0.7372549019607843590, 0.4941176470588235503 ) ;
#4213 = PRESENTATION_LAYER_ASSIGNMENT (  '', '', ( #7640 ) ) ;
#4214 = CARTESIAN_POINT ( 'NONE',  ( -1.270000000000000018, -6.096000000000000085, 0.000000000000000000 ) ) ;
#4215 = SURFACE_STYLE_USAGE ( .BOTH. , #215 ) ;
#4216 = UNCERTAINTY_MEASURE_WITH_UNIT (LENGTH_MEASURE( 1.000000000000000082E-05 ), #2631, 'distance_accuracy_value', 'NONE');
#4217 = ORIENTED_EDGE ( 'NONE', *, *, #5286, .F. ) ;
#4218 = LINE ( 'NONE', #306, #8192 ) ;
#4219 =( NAMED_UNIT ( * ) SI_UNIT ( $, .STERADIAN. ) SOLID_ANGLE_UNIT ( ) );
#4220 = ORIENTED_EDGE ( 'NONE', *, *, #7227, .F. ) ;
#4221 = FACE_OUTER_BOUND ( 'NONE', #4774, .T. ) ;
#4222 =( NAMED_UNIT ( * ) PLANE_ANGLE_UNIT ( ) SI_UNIT ( $, .RADIAN. ) );
#4223 = AXIS2_PLACEMENT_3D ( 'NONE', #7794, #1908, #87 ) ;
#4224 = LINE ( 'NONE', #2262, #7895 ) ;
#4225 = CARTESIAN_POINT ( 'NONE',  ( -1.270000000000000018, -1.524000000000000021, 0.000000000000000000 ) ) ;
#4226 = SURFACE_STYLE_FILL_AREA ( #909 ) ;
#4227 = ORIENTED_EDGE ( 'NONE', *, *, #2147, .F. ) ;
#4228 = ORIENTED_EDGE ( 'NONE', *, *, #8416, .T. ) ;
#4229 = EDGE_CURVE ( 'NONE', #3589, #5960, #3583, .T. ) ;
#4230 = SURFACE_STYLE_USAGE ( .BOTH. , #4397 ) ;
#4231 = SURFACE_STYLE_USAGE ( .BOTH. , #279 ) ;
#4232 = SURFACE_STYLE_USAGE ( .BOTH. , #1561 ) ;
#4233 = COLOUR_RGB ( '',0.8588235294117646523, 0.7372549019607843590, 0.4941176470588235503 ) ;
#4234 = FACE_OUTER_BOUND ( 'NONE', #2798, .T. ) ;
#4235 = UNCERTAINTY_MEASURE_WITH_UNIT (LENGTH_MEASURE( 1.000000000000000082E-05 ), #574, 'distance_accuracy_value', 'NONE');
#4236 = LINE ( 'NONE', #7459, #3215 ) ;
#4237 = EDGE_LOOP ( 'NONE', ( #5818, #7473, #2265, #6499 ) ) ;
#4238 = DIRECTION ( 'NONE',  ( 0.000000000000000000, 0.000000000000000000, 1.000000000000000000 ) ) ;
#4239 = ORIENTED_EDGE ( 'NONE', *, *, #5521, .F. ) ;
#4240 = STYLED_ITEM ( 'NONE', ( #4950 ), #6910 ) ;
#4241 = ORIENTED_EDGE ( 'NONE', *, *, #6718, .F. ) ;
#4242 = FACE_OUTER_BOUND ( 'NONE', #5678, .T. ) ;
#4243 =( NAMED_UNIT ( * ) PLANE_ANGLE_UNIT ( ) SI_UNIT ( $, .RADIAN. ) );
#4244 = FILL_AREA_STYLE_COLOUR ( '', #4745 ) ;
#4245 = LINE ( 'NONE', #8175, #5802 ) ;
#4246 = FACE_OUTER_BOUND ( 'NONE', #1930, .T. ) ;
#4247 = LINE ( 'NONE', #334, #7490 ) ;
#4248 = ORIENTED_EDGE ( 'NONE', *, *, #1745, .F. ) ;
#4249 = ORIENTED_EDGE ( 'NONE', *, *, #7201, .T. ) ;
#4250 = DIRECTION ( 'NONE',  ( -1.000000000000000000, 0.000000000000000000, 2.453897423307444850E-18 ) ) ;
#4251 =( GEOMETRIC_REPRESENTATION_CONTEXT ( 3 ) GLOBAL_UNCERTAINTY_ASSIGNED_CONTEXT ( ( #2081 ) ) GLOBAL_UNIT_ASSIGNED_CONTEXT ( ( #4890, #926, #2231 ) ) REPRESENTATION_CONTEXT ( 'NONE', 'WORKASPACE' ) );
#4252 =( NAMED_UNIT ( * ) SI_UNIT ( $, .STERADIAN. ) SOLID_ANGLE_UNIT ( ) );
#4253 = PRESENTATION_STYLE_ASSIGNMENT (( #1634 ) ) ;
#4254 = FACE_OUTER_BOUND ( 'NONE', #7666, .T. ) ;
#4255 = PRESENTATION_LAYER_ASSIGNMENT (  '', '', ( #7956 ) ) ;
#4256 = EDGE_CURVE ( 'NONE', #5400, #5882, #2235, .T. ) ;
#4257 = ORIENTED_EDGE ( 'NONE', *, *, #2618, .T. ) ;
#4258 = SURFACE_SIDE_STYLE ('',( #1112 ) ) ;
#4259 = EDGE_LOOP ( 'NONE', ( #5076, #3531, #3221, #6332 ) ) ;
#4260 = LINE ( 'NONE', #5077, #7806 ) ;
#4261 = AXIS2_PLACEMENT_3D ( 'NONE', #2028, #7346, #3421 ) ;
#4262 = EDGE_CURVE ( 'NONE', #7484, #5233, #2284, .T. ) ;
#4263 = FILL_AREA_STYLE_COLOUR ( '', #363 ) ;
#4264 = EDGE_CURVE ( 'NONE', #4802, #5636, #6695, .T. ) ;
#4265 = LINE ( 'NONE', #3689, #4891 ) ;
#4266 = COLOUR_RGB ( '',0.8588235294117646523, 0.7372549019607843590, 0.4941176470588235503 ) ;
#4267 = FILL_AREA_STYLE ('',( #4994 ) ) ;
#4268 = EDGE_CURVE ( 'NONE', #5333, #963, #795, .T. ) ;
#4269 = FILL_AREA_STYLE_COLOUR ( '', #1072 ) ;
#4270 = ORIENTED_EDGE ( 'NONE', *, *, #6084, .T. ) ;
#4271 = VERTEX_POINT ( 'NONE', #2179 ) ;
#4272 = VECTOR ( 'NONE', #3832, 1000.000000000000000 ) ;
#4273 = DIRECTION ( 'NONE',  ( -0.7071067811865475727, 1.735167508356890344E-18, 0.7071067811865475727 ) ) ;
#4274 = AXIS2_PLACEMENT_3D ( 'NONE', #4375, #8360, #7013 ) ;
#4275 = CARTESIAN_POINT ( 'NONE',  ( 0.1600000000000000033, -2.700000000000000178, 8.540000000000000924 ) ) ;
#4276 = MECHANICAL_DESIGN_GEOMETRIC_PRESENTATION_REPRESENTATION (  '', ( #638 ), #1522 ) ;
#4278 = CARTESIAN_POINT ( 'NONE',  ( -1.016000000000000014, -6.349999999999999645, 0.000000000000000000 ) ) ;
#4277 = AXIS2_PLACEMENT_3D ( 'NONE', #6623, #4688, #6100 ) ;
#4279 =( NAMED_UNIT ( * ) PLANE_ANGLE_UNIT ( ) SI_UNIT ( $, .RADIAN. ) );
#4280 = LINE ( 'NONE', #6909, #6418 ) ;
#4281 = MECHANICAL_DESIGN_GEOMETRIC_PRESENTATION_REPRESENTATION (  '', ( #8142 ), #8282 ) ;
#4282 = ORIENTED_EDGE ( 'NONE', *, *, #6166, .F. ) ;
#4283 =( NAMED_UNIT ( * ) PLANE_ANGLE_UNIT ( ) SI_UNIT ( $, .RADIAN. ) );
#4284 = VERTEX_POINT ( 'NONE', #4806 ) ;
#4285 = ORIENTED_EDGE ( 'NONE', *, *, #6426, .F. ) ;
#4286 =( NAMED_UNIT ( * ) SI_UNIT ( $, .STERADIAN. ) SOLID_ANGLE_UNIT ( ) );
#4287 = SURFACE_STYLE_FILL_AREA ( #6221 ) ;
#4288 = PRESENTATION_LAYER_ASSIGNMENT (  '', '', ( #699 ) ) ;
#4289 = EDGE_CURVE ( 'NONE', #22, #5992, #2674, .T. ) ;
#4290 =( NAMED_UNIT ( * ) PLANE_ANGLE_UNIT ( ) SI_UNIT ( $, .RADIAN. ) );
#4291 = CARTESIAN_POINT ( 'NONE',  ( -0.1600000000000000033, -12.38000000000000078, 0.000000000000000000 ) ) ;
#4292 = PLANE ( 'NONE',  #6350 ) ;
#4293 = PRESENTATION_STYLE_ASSIGNMENT (( #205 ) ) ;
#4294 = VERTEX_POINT ( 'NONE', #7282 ) ;
#4295 = DIRECTION ( 'NONE',  ( -1.000000000000000000, 0.000000000000000000, 0.000000000000000000 ) ) ;
#4296 = ORIENTED_EDGE ( 'NONE', *, *, #2094, .F. ) ;
#4297 = AXIS2_PLACEMENT_3D ( 'NONE', #6206, #2397, #311 ) ;
#4298 =( NAMED_UNIT ( * ) SI_UNIT ( $, .STERADIAN. ) SOLID_ANGLE_UNIT ( ) );
#4299 = DIRECTION ( 'NONE',  ( 0.000000000000000000, 1.000000000000000000, 0.000000000000000000 ) ) ;
#4300 = VECTOR ( 'NONE', #7611, 1000.000000000000000 ) ;
#4301 = UNCERTAINTY_MEASURE_WITH_UNIT (LENGTH_MEASURE( 1.000000000000000082E-05 ), #5978, 'distance_accuracy_value', 'NONE');
#4302 = ORIENTED_EDGE ( 'NONE', *, *, #7796, .T. ) ;
#4303 = PRESENTATION_STYLE_ASSIGNMENT (( #5034 ) ) ;
#4304 = LINE ( 'NONE', #1025, #7130 ) ;
#4305 = EDGE_LOOP ( 'NONE', ( #313, #7444, #4228, #4875 ) ) ;
#4306 = EDGE_CURVE ( 'NONE', #7463, #7977, #5358, .T. ) ;
#4307 = FILL_AREA_STYLE ('',( #6242 ) ) ;
#4308 = EDGE_CURVE ( 'NONE', #5960, #1023, #1396, .T. ) ;
#4309 = CARTESIAN_POINT ( 'NONE',  ( 1.270000000000000018, -1.524000000000000021, 0.000000000000000000 ) ) ;
#4310 = CARTESIAN_POINT ( 'NONE',  ( -0.3200000000000000067, -15.55999999999999872, -3.000000000000000000 ) ) ;
#4311 = SURFACE_STYLE_USAGE ( .BOTH. , #3047 ) ;
#4312 = EDGE_LOOP ( 'NONE', ( #1242, #7170, #2656, #6561 ) ) ;
#4313 = ORIENTED_EDGE ( 'NONE', *, *, #3908, .T. ) ;
#4314 = CARTESIAN_POINT ( 'NONE',  ( 0.2400000000000000189, -13.01999999999999957, -2.919999999999999929 ) ) ;
#4315 = PLANE ( 'NONE',  #290 ) ;
#4316 = FACE_OUTER_BOUND ( 'NONE', #4843, .T. ) ;
#4317 = PLANE ( 'NONE',  #7652 ) ;
#4318 = AXIS2_PLACEMENT_3D ( 'NONE', #4419, #1195, #5107 ) ;
#4319 = FILL_AREA_STYLE_COLOUR ( '', #5308 ) ;
#4320 = CARTESIAN_POINT ( 'NONE',  ( 1.016000000000000014, -11.42999999999999972, 0.000000000000000000 ) ) ;
#4321 = COLOUR_RGB ( '',0.8588235294117646523, 0.7372549019607843590, 0.4941176470588235503 ) ;
#4322 = UNCERTAINTY_MEASURE_WITH_UNIT (LENGTH_MEASURE( 1.000000000000000082E-05 ), #5084, 'distance_accuracy_value', 'NONE');
#4323 =( NAMED_UNIT ( * ) SI_UNIT ( $, .STERADIAN. ) SOLID_ANGLE_UNIT ( ) );
#4324 = ORIENTED_EDGE ( 'NONE', *, *, #2873, .F. ) ;
#4325 = VERTEX_POINT ( 'NONE', #6696 ) ;
#4326 = PLANE ( 'NONE',  #4110 ) ;
#4327 = STYLED_ITEM ( 'NONE', ( #5760 ), #4072 ) ;
#4328 = EDGE_CURVE ( 'NONE', #5333, #1696, #750, .T. ) ;
#4329 = DIRECTION ( 'NONE',  ( 0.000000000000000000, 1.000000000000000000, 0.000000000000000000 ) ) ;
#4330 = SURFACE_STYLE_FILL_AREA ( #1755 ) ;
#4331 = MECHANICAL_DESIGN_GEOMETRIC_PRESENTATION_REPRESENTATION (  '', ( #7757 ), #3522 ) ;
#4332 = MECHANICAL_DESIGN_GEOMETRIC_PRESENTATION_REPRESENTATION (  '', ( #4327 ), #8324 ) ;
#4333 = LINE ( 'NONE', #7426, #709 ) ;
#4334 =( LENGTH_UNIT ( ) NAMED_UNIT ( * ) SI_UNIT ( .MILLI., .METRE. ) );
#4335 = CARTESIAN_POINT ( 'NONE',  ( -0.3200000000000000067, -7.299999999999999822, 8.380000000000000782 ) ) ;
#4336 = ORIENTED_EDGE ( 'NONE', *, *, #4392, .F. ) ;
#4337 = MECHANICAL_DESIGN_GEOMETRIC_PRESENTATION_REPRESENTATION (  '', ( #1171 ), #5294 ) ;
#4338 = EDGE_LOOP ( 'NONE', ( #3735, #3869, #6676, #1283 ) ) ;
#4339 = SURFACE_STYLE_FILL_AREA ( #8432 ) ;
#4340 = FILL_AREA_STYLE ('',( #8229 ) ) ;
#4341 = ADVANCED_FACE ( 'NONE', ( #7855 ), #6614, .T. ) ;
#4342 = CARTESIAN_POINT ( 'NONE',  ( -0.3200000000000000067, -2.860000000000000320, -3.000000000000000000 ) ) ;
#4343 = CARTESIAN_POINT ( 'NONE',  ( -0.3200000000000000067, -15.55999999999999872, 0.000000000000000000 ) ) ;
#4344 = CARTESIAN_POINT ( 'NONE',  ( -1.270000000000000018, -18.79599999999999937, 2.540000000000000036 ) ) ;
#4345 =( GEOMETRIC_REPRESENTATION_CONTEXT ( 3 ) GLOBAL_UNCERTAINTY_ASSIGNED_CONTEXT ( ( #1717 ) ) GLOBAL_UNIT_ASSIGNED_CONTEXT ( ( #1568, #4283, #6261 ) ) REPRESENTATION_CONTEXT ( 'NONE', 'WORKASPACE' ) );
#4347 = VECTOR ( 'NONE', #7258, 1000.000000000000000 ) ;
#4346 = DIRECTION ( 'NONE',  ( 1.000000000000000000, 0.000000000000000000, 0.000000000000000000 ) ) ;
#4348 =( NAMED_UNIT ( * ) SI_UNIT ( $, .STERADIAN. ) SOLID_ANGLE_UNIT ( ) );
#4349 = ORIENTED_EDGE ( 'NONE', *, *, #3055, .F. ) ;
#4350 =( GEOMETRIC_REPRESENTATION_CONTEXT ( 3 ) GLOBAL_UNCERTAINTY_ASSIGNED_CONTEXT ( ( #5152 ) ) GLOBAL_UNIT_ASSIGNED_CONTEXT ( ( #4574, #691, #6632 ) ) REPRESENTATION_CONTEXT ( 'NONE', 'WORKASPACE' ) );
#4351 = DIRECTION ( 'NONE',  ( -0.5773502691896257311, -0.5773502691896257311, -0.5773502691896257311 ) ) ;
#4352 = FACE_OUTER_BOUND ( 'NONE', #5498, .T. ) ;
#4353 = LINE ( 'NONE', #6988, #7212 ) ;
#4354 = CARTESIAN_POINT ( 'NONE',  ( 0.3200000000000000067, -2.220000000000000195, -2.839999999999999858 ) ) ;
#4355 = EDGE_LOOP ( 'NONE', ( #3580, #7843, #1192, #8124 ) ) ;
#4356 = VERTEX_POINT ( 'NONE', #2011 ) ;
#4357 = DIRECTION ( 'NONE',  ( -1.000000000000000000, 0.000000000000000000, 2.453897423307444850E-18 ) ) ;
#4358 = DIRECTION ( 'NONE',  ( 0.5773502691896257311, -0.5773502691896257311, -0.5773502691896257311 ) ) ;
#4359 =( LENGTH_UNIT ( ) NAMED_UNIT ( * ) SI_UNIT ( .MILLI., .METRE. ) );
#4360 = DIRECTION ( 'NONE',  ( 0.000000000000000000, 0.000000000000000000, 1.000000000000000000 ) ) ;
#4361 = PRESENTATION_STYLE_ASSIGNMENT (( #3056 ) ) ;
#4362 = ORIENTED_EDGE ( 'NONE', *, *, #4289, .T. ) ;
#4363 = FILL_AREA_STYLE ('',( #1751 ) ) ;
#4364 =( NAMED_UNIT ( * ) SI_UNIT ( $, .STERADIAN. ) SOLID_ANGLE_UNIT ( ) );
#4365 = COLOUR_RGB ( '',0.1450980392156862586, 0.1411764705882352922, 0.1411764705882352922 ) ;
#4366 = EDGE_CURVE ( 'NONE', #910, #3361, #7374, .T. ) ;
#4367 = FACE_OUTER_BOUND ( 'NONE', #8395, .T. ) ;
#4368 =( NAMED_UNIT ( * ) PLANE_ANGLE_UNIT ( ) SI_UNIT ( $, .RADIAN. ) );
#4369 = VERTEX_POINT ( 'NONE', #4074 ) ;
#4370 = FILL_AREA_STYLE ('',( #1760 ) ) ;
#4371 = EDGE_LOOP ( 'NONE', ( #2102, #2506, #6886, #8227 ) ) ;
#4372 = EDGE_CURVE ( 'NONE', #8022, #2242, #4112, .T. ) ;
#4373 = ADVANCED_FACE ( 'NONE', ( #6649 ), #107, .T. ) ;
#4374 = DIRECTION ( 'NONE',  ( -1.735167508356890344E-18, 0.7071067811865475727, -0.7071067811865475727 ) ) ;
#4375 = CARTESIAN_POINT ( 'NONE',  ( 1.270000000000000018, -1.524000000000000021, 0.000000000000000000 ) ) ;
#4376 =( GEOMETRIC_REPRESENTATION_CONTEXT ( 3 ) GLOBAL_UNCERTAINTY_ASSIGNED_CONTEXT ( ( #960 ) ) GLOBAL_UNIT_ASSIGNED_CONTEXT ( ( #6237, #5599, #4348 ) ) REPRESENTATION_CONTEXT ( 'NONE', 'WORKASPACE' ) );
#4377 = FILL_AREA_STYLE ('',( #7555 ) ) ;
#4378 = CARTESIAN_POINT ( 'NONE',  ( 1.270000000000000018, -13.71600000000000108, 0.000000000000000000 ) ) ;
#4379 = LINE ( 'NONE', #3243, #4143 ) ;
#4380 = SURFACE_STYLE_USAGE ( .BOTH. , #7604 ) ;
#4381 = EDGE_CURVE ( 'NONE', #5481, #4325, #2900, .T. ) ;
#4382 = UNCERTAINTY_MEASURE_WITH_UNIT (LENGTH_MEASURE( 1.000000000000000082E-05 ), #6380, 'distance_accuracy_value', 'NONE');
#4383 = DIRECTION ( 'NONE',  ( -1.000000000000000000, 0.000000000000000000, 0.000000000000000000 ) ) ;
#4384 = COLOUR_RGB ( '',0.8588235294117646523, 0.7372549019607843590, 0.4941176470588235503 ) ;
#4385 = CARTESIAN_POINT ( 'NONE',  ( -0.3200000000000000067, -2.220000000000000195, 2.540000000000000036 ) ) ;
#4386 = ORIENTED_EDGE ( 'NONE', *, *, #2624, .F. ) ;
#4387 = CARTESIAN_POINT ( 'NONE',  ( -0.1600000000000000033, -10.48000000000000043, 2.540000000000000036 ) ) ;
#4388 = LINE ( 'NONE', #3688, #8003 ) ;
#4389 = COLOUR_RGB ( '',0.8588235294117646523, 0.7372549019607843590, 0.4941176470588235503 ) ;
#4390 = FILL_AREA_STYLE_COLOUR ( '', #5021 ) ;
#4391 = MECHANICAL_DESIGN_GEOMETRIC_PRESENTATION_REPRESENTATION (  '', ( #4111 ), #5770 ) ;
#4392 = EDGE_CURVE ( 'NONE', #8429, #5597, #6965, .T. ) ;
#4393 = UNCERTAINTY_MEASURE_WITH_UNIT (LENGTH_MEASURE( 1.000000000000000082E-05 ), #5419, 'distance_accuracy_value', 'NONE');
#4394 = CARTESIAN_POINT ( 'NONE',  ( -0.3200000000000000067, -10.40000000000000036, 8.460000000000000853 ) ) ;
#4395 = ORIENTED_EDGE ( 'NONE', *, *, #6582, .F. ) ;
#4396 = ORIENTED_EDGE ( 'NONE', *, *, #8472, .F. ) ;
#4397 = SURFACE_SIDE_STYLE ('',( #953 ) ) ;
#4398 = COLOUR_RGB ( '',0.8588235294117646523, 0.7372549019607843590, 0.4941176470588235503 ) ;
#4399 = EDGE_CURVE ( 'NONE', #6364, #1569, #8078, .T. ) ;
#4400 = PRESENTATION_LAYER_ASSIGNMENT (  '', '', ( #5088 ) ) ;
#4401 = CARTESIAN_POINT ( 'NONE',  ( 0.3200000000000000067, -0.3200000000000000067, 8.380000000000000782 ) ) ;
#4402 = DIRECTION ( 'NONE',  ( -1.000000000000000000, 0.000000000000000000, 0.000000000000000000 ) ) ;
#4403 = FACE_OUTER_BOUND ( 'NONE', #3529, .T. ) ;
#4404 = LINE ( 'NONE', #7501, #3818 ) ;
#4405 = DIRECTION ( 'NONE',  ( 0.000000000000000000, 0.000000000000000000, 1.000000000000000000 ) ) ;
#4406 = UNCERTAINTY_MEASURE_WITH_UNIT (LENGTH_MEASURE( 1.000000000000000082E-05 ), #7470, 'distance_accuracy_value', 'NONE');
#4407 = VECTOR ( 'NONE', #8512, 1000.000000000000114 ) ;
#4408 = ORIENTED_EDGE ( 'NONE', *, *, #8066, .F. ) ;
#4409 = PRESENTATION_STYLE_ASSIGNMENT (( #7087 ) ) ;
#4410 = EDGE_CURVE ( 'NONE', #6945, #4638, #1699, .T. ) ;
#4411 = CARTESIAN_POINT ( 'NONE',  ( -0.2666666666669999519, -10.42666666666000097, 8.433333333333001391 ) ) ;
#4412 = CARTESIAN_POINT ( 'NONE',  ( -1.270000000000000018, -4.064000000000000057, 0.000000000000000000 ) ) ;
#4413 = MECHANICAL_DESIGN_GEOMETRIC_PRESENTATION_REPRESENTATION (  '', ( #7160 ), #7842 ) ;
#4414 =( NAMED_UNIT ( * ) SI_UNIT ( $, .STERADIAN. ) SOLID_ANGLE_UNIT ( ) );
#4415 =( NAMED_UNIT ( * ) PLANE_ANGLE_UNIT ( ) SI_UNIT ( $, .RADIAN. ) );
#4416 = EDGE_LOOP ( 'NONE', ( #5423, #3211, #5908, #57 ) ) ;
#4417 = CARTESIAN_POINT ( 'NONE',  ( -0.3200000000000000067, 0.3200000000000000067, 2.540000000000000036 ) ) ;
#4418 = ORIENTED_EDGE ( 'NONE', *, *, #2167, .F. ) ;
#4419 = CARTESIAN_POINT ( 'NONE',  ( -0.3200000000000000067, -18.01999999999999957, 8.460000000000000853 ) ) ;
#4420 = FILL_AREA_STYLE ('',( #3155 ) ) ;
#4421 = VECTOR ( 'NONE', #6913, 1000.000000000000000 ) ;
#4422 = STYLED_ITEM ( 'NONE', ( #1273 ), #5322 ) ;
#4423 = CARTESIAN_POINT ( 'NONE',  ( -0.3200000000000000067, -5.875000000000000000, 2.540000000000000036 ) ) ;
#4424 = CARTESIAN_POINT ( 'NONE',  ( 0.3200000000000000067, -2.860000000000000320, -3.000000000000000000 ) ) ;
#4425 = CARTESIAN_POINT ( 'NONE',  ( 1.270000000000000018, -1.524000000000000021, 0.000000000000000000 ) ) ;
#4426 = AXIS2_PLACEMENT_3D ( 'NONE', #2032, #4656, #1378 ) ;
#4427 = CARTESIAN_POINT ( 'NONE',  ( -0.3200000000000000067, -5.400000000000000355, -2.839999999999999858 ) ) ;
#4428 = CARTESIAN_POINT ( 'NONE',  ( -0.3200000000000000067, -17.46000000000000085, -2.839999999999999858 ) ) ;
#4429 = ORIENTED_EDGE ( 'NONE', *, *, #5111, .T. ) ;
#4430 = PLANE ( 'NONE',  #1217 ) ;
#4431 = SURFACE_SIDE_STYLE ('',( #1818 ) ) ;
#4432 = AXIS2_PLACEMENT_3D ( 'NONE', #6471, #536, #6594 ) ;
#4433 = EDGE_CURVE ( 'NONE', #7278, #5168, #6225, .T. ) ;
#4434 = CARTESIAN_POINT ( 'NONE',  ( -0.3200000000000000067, -14.91999999999999993, -3.000000000000000000 ) ) ;
#4435 = COLOUR_RGB ( '',0.8588235294117646523, 0.7372549019607843590, 0.4941176470588235503 ) ;
#4436 = SURFACE_STYLE_FILL_AREA ( #4267 ) ;
#4437 = PRESENTATION_STYLE_ASSIGNMENT (( #5122 ) ) ;
#4438 = EDGE_LOOP ( 'NONE', ( #5709, #3108, #8327, #4439 ) ) ;
#4439 = ORIENTED_EDGE ( 'NONE', *, *, #6082, .F. ) ;
#4440 = DIRECTION ( 'NONE',  ( -1.000000000000000000, 0.000000000000000000, 0.000000000000000000 ) ) ;
#4441 = CARTESIAN_POINT ( 'NONE',  ( 0.3200000000000000067, -2.860000000000000320, -2.839999999999999858 ) ) ;
#4442 = CARTESIAN_POINT ( 'NONE',  ( -0.2400000000000000189, -5.400000000000000355, 8.460000000000000853 ) ) ;
#4443 = CARTESIAN_POINT ( 'NONE',  ( -0.3200000000000000067, -15.55999999999999872, -3.000000000000000000 ) ) ;
#4444 = DIRECTION ( 'NONE',  ( -1.000000000000000000, 0.000000000000000000, 0.000000000000000000 ) ) ;
#4445 = ADVANCED_FACE ( 'NONE', ( #2847 ), #6133, .F. ) ;
#4446 =( LENGTH_UNIT ( ) NAMED_UNIT ( * ) SI_UNIT ( .MILLI., .METRE. ) );
#4447 = LINE ( 'NONE', #1180, #4554 ) ;
#4448 = FILL_AREA_STYLE ('',( #5007 ) ) ;
#4449 = AXIS2_PLACEMENT_3D ( 'NONE', #7394, #173, #8100 ) ;
#4450 = ORIENTED_EDGE ( 'NONE', *, *, #4159, .F. ) ;
#4451 = DIRECTION ( 'NONE',  ( 0.000000000000000000, 1.000000000000000000, 0.000000000000000000 ) ) ;
#4452 = CARTESIAN_POINT ( 'NONE',  ( 0.3200000000000000067, -5.400000000000000355, 0.000000000000000000 ) ) ;
#4453 = SURFACE_STYLE_FILL_AREA ( #1226 ) ;
#4454 = PRESENTATION_LAYER_ASSIGNMENT (  '', '', ( #2563 ) ) ;
#4455 = ADVANCED_FACE ( 'NONE', ( #382 ), #4973, .T. ) ;
#4456 = DIRECTION ( 'NONE',  ( 0.000000000000000000, 0.000000000000000000, 1.000000000000000000 ) ) ;
#4457 = SURFACE_STYLE_FILL_AREA ( #1012 ) ;
#4458 = EDGE_LOOP ( 'NONE', ( #1911, #2127, #6914, #876 ) ) ;
#4459 = DIRECTION ( 'NONE',  ( 0.000000000000000000, 1.000000000000000000, 0.000000000000000000 ) ) ;
#4460 = ORIENTED_EDGE ( 'NONE', *, *, #2824, .T. ) ;
#4461 = STYLED_ITEM ( 'NONE', ( #8027 ), #3823 ) ;
#4462 = DIRECTION ( 'NONE',  ( 0.7071067811865474617, 0.7071067811865474617, 0.000000000000000000 ) ) ;
#4463 = PLANE ( 'NONE',  #4274 ) ;
#4464 = SURFACE_STYLE_FILL_AREA ( #3034 ) ;
#4465 = STYLED_ITEM ( 'NONE', ( #5720 ), #6066 ) ;
#4466 = PLANE ( 'NONE',  #2946 ) ;
#4467 = AXIS2_PLACEMENT_3D ( 'NONE', #4049, #1555, #4654 ) ;
#4468 = UNCERTAINTY_MEASURE_WITH_UNIT (LENGTH_MEASURE( 1.000000000000000082E-05 ), #573, 'distance_accuracy_value', 'NONE');
#4469 = LINE ( 'NONE', #4427, #1165 ) ;
#4470 = ORIENTED_EDGE ( 'NONE', *, *, #2503, .T. ) ;
#4471 = DIRECTION ( 'NONE',  ( 0.5773502691896257311, -0.5773502691896257311, 0.5773502691896257311 ) ) ;
#4472 = PRESENTATION_LAYER_ASSIGNMENT (  '', '', ( #1863 ) ) ;
#4473 =( LENGTH_UNIT ( ) NAMED_UNIT ( * ) SI_UNIT ( .MILLI., .METRE. ) );
#4474 = PRESENTATION_LAYER_ASSIGNMENT (  '', '', ( #355 ) ) ;
#4475 = CARTESIAN_POINT ( 'NONE',  ( 0.1600000000000000033, -12.54000000000000092, -3.000000000000000000 ) ) ;
#4476 = VECTOR ( 'NONE', #3382, 1000.000000000000000 ) ;
#4477 = UNCERTAINTY_MEASURE_WITH_UNIT (LENGTH_MEASURE( 1.000000000000000082E-05 ), #3273, 'distance_accuracy_value', 'NONE');
#4478 =( NAMED_UNIT ( * ) PLANE_ANGLE_UNIT ( ) SI_UNIT ( $, .RADIAN. ) );
#4479 = VERTEX_POINT ( 'NONE', #7007 ) ;
#4480 = ORIENTED_EDGE ( 'NONE', *, *, #583, .T. ) ;
#4481 = CARTESIAN_POINT ( 'NONE',  ( 0.1600000000000000033, -5.400000000000000355, 8.540000000000000924 ) ) ;
#4482 = EDGE_CURVE ( 'NONE', #4035, #3018, #6481, .T. ) ;
#4483 = CARTESIAN_POINT ( 'NONE',  ( -1.016000000000000014, -3.810000000000000053, 0.000000000000000000 ) ) ;
#4484 = FACE_OUTER_BOUND ( 'NONE', #7472, .T. ) ;
#4485 = VECTOR ( 'NONE', #8526, 1000.000000000000000 ) ;
#4486 = VECTOR ( 'NONE', #3699, 1000.000000000000000 ) ;
#4487 = PLANE ( 'NONE',  #1875 ) ;
#4488 = FILL_AREA_STYLE_COLOUR ( '', #1756 ) ;
#4489 = ADVANCED_FACE ( 'NONE', ( #4367 ), #3064, .F. ) ;
#4490 = UNCERTAINTY_MEASURE_WITH_UNIT (LENGTH_MEASURE( 1.000000000000000082E-05 ), #2247, 'distance_accuracy_value', 'NONE');
#4491 = VECTOR ( 'NONE', #4130, 1000.000000000000000 ) ;
#4492 = SURFACE_SIDE_STYLE ('',( #5939 ) ) ;
#4493 = VECTOR ( 'NONE', #7755, 1000.000000000000000 ) ;
#4494 = ORIENTED_EDGE ( 'NONE', *, *, #1236, .F. ) ;
#4495 = DIRECTION ( 'NONE',  ( -1.000000000000000000, 2.453897423307444850E-18, 0.000000000000000000 ) ) ;
#4496 = DIRECTION ( 'NONE',  ( 0.000000000000000000, -1.000000000000000000, 0.000000000000000000 ) ) ;
#4497 = LINE ( 'NONE', #420, #8342 ) ;
#4498 = DIRECTION ( 'NONE',  ( 0.000000000000000000, 1.000000000000000000, 0.000000000000000000 ) ) ;
#4499 = LINE ( 'NONE', #2713, #7220 ) ;
#4500 = ORIENTED_EDGE ( 'NONE', *, *, #1867, .F. ) ;
#4501 = EDGE_LOOP ( 'NONE', ( #5638, #6738, #7140, #821 ) ) ;
#4502 = SURFACE_SIDE_STYLE ('',( #3154 ) ) ;
#4503 =( LENGTH_UNIT ( ) NAMED_UNIT ( * ) SI_UNIT ( .MILLI., .METRE. ) );
#4504 = LINE ( 'NONE', #3203, #4546 ) ;
#4505 = DIRECTION ( 'NONE',  ( 0.7071067811865474617, -0.7071067811865474617, 0.000000000000000000 ) ) ;
#4506 = LINE ( 'NONE', #639, #2527 ) ;
#4507 = STYLED_ITEM ( 'NONE', ( #5667 ), #8008 ) ;
#4508 = VECTOR ( 'NONE', #7909, 1000.000000000000000 ) ;
#4509 = FILL_AREA_STYLE_COLOUR ( '', #2383 ) ;
#4510 = DIRECTION ( 'NONE',  ( 1.000000000000000000, 0.000000000000000000, 0.000000000000000000 ) ) ;
#4511 = DIRECTION ( 'NONE',  ( 1.000000000000000000, 0.000000000000000000, 0.000000000000000000 ) ) ;
#4512 = ORIENTED_EDGE ( 'NONE', *, *, #4747, .F. ) ;
#4513 = CARTESIAN_POINT ( 'NONE',  ( -0.1600000000000000033, -4.919999999999999929, 8.540000000000000924 ) ) ;
#4514 = VECTOR ( 'NONE', #6293, 1000.000000000000114 ) ;
#4515 = CARTESIAN_POINT ( 'NONE',  ( -0.1600000000000000033, -7.939999999999999503, 8.540000000000000924 ) ) ;
#4516 =( LENGTH_UNIT ( ) NAMED_UNIT ( * ) SI_UNIT ( .MILLI., .METRE. ) );
#4517 = EDGE_CURVE ( 'NONE', #8109, #4369, #4497, .T. ) ;
#4518 = SURFACE_STYLE_USAGE ( .BOTH. , #1897 ) ;
#4519 = COLOUR_RGB ( '',0.8588235294117646523, 0.7372549019607843590, 0.4941176470588235503 ) ;
#4520 = SURFACE_STYLE_USAGE ( .BOTH. , #8489 ) ;
#4521 = CARTESIAN_POINT ( 'NONE',  ( 0.3200000000000000067, -18.10000000000000142, -3.000000000000000000 ) ) ;
#4522 = EDGE_LOOP ( 'NONE', ( #8121, #4753, #4832, #5402 ) ) ;
#4523 = ORIENTED_EDGE ( 'NONE', *, *, #1630, .F. ) ;
#4524 = CARTESIAN_POINT ( 'NONE',  ( -0.3200000000000000067, -7.299999999999999822, -3.000000000000000000 ) ) ;
#4525 = EDGE_CURVE ( 'NONE', #7392, #6692, #504, .T. ) ;
#4526 = LINE ( 'NONE', #3259, #3607 ) ;
#4527 = VECTOR ( 'NONE', #3782, 1000.000000000000000 ) ;
#4528 = EDGE_CURVE ( 'NONE', #4209, #2257, #5701, .T. ) ;
#4529 = EDGE_CURVE ( 'NONE', #790, #6236, #8462, .T. ) ;
#4530 = APPLICATION_CONTEXT ( 'automotive_design' ) ;
#4531 = AXIS2_PLACEMENT_3D ( 'NONE', #2077, #3941, #697 ) ;
#4532 = DIRECTION ( 'NONE',  ( 0.5773502691896257311, 0.5773502691896257311, -0.5773502691896257311 ) ) ;
#4533 = PRESENTATION_STYLE_ASSIGNMENT (( #585 ) ) ;
#4534 = ORIENTED_EDGE ( 'NONE', *, *, #3035, .T. ) ;
#4535 = LINE ( 'NONE', #8501, #4527 ) ;
#4536 = VECTOR ( 'NONE', #1462, 1000.000000000000000 ) ;
#4537 = CARTESIAN_POINT ( 'NONE',  ( -0.3200000000000000067, -2.779999999999999805, -2.919999999999999929 ) ) ;
#4538 = LINE ( 'NONE', #2589, #7629 ) ;
#4539 = DIRECTION ( 'NONE',  ( 0.5773502691896257311, 0.5773502691896257311, -0.5773502691896257311 ) ) ;
#4540 = PRESENTATION_LAYER_ASSIGNMENT (  '', '', ( #2071 ) ) ;
#4541 = DIRECTION ( 'NONE',  ( -0.5773502691896257311, -0.5773502691896257311, 0.5773502691896257311 ) ) ;
#4542 = EDGE_LOOP ( 'NONE', ( #1494, #1432, #5775, #7085 ) ) ;
#4543 =( NAMED_UNIT ( * ) PLANE_ANGLE_UNIT ( ) SI_UNIT ( $, .RADIAN. ) );
#4544 = ORIENTED_EDGE ( 'NONE', *, *, #261, .F. ) ;
#4545 = CARTESIAN_POINT ( 'NONE',  ( 0.3200000000000000067, -10.95500000000000007, 2.540000000000000036 ) ) ;
#4546 = VECTOR ( 'NONE', #599, 1000.000000000000000 ) ;
#4547 =( NAMED_UNIT ( * ) PLANE_ANGLE_UNIT ( ) SI_UNIT ( $, .RADIAN. ) );
#4548 = VECTOR ( 'NONE', #5027, 1000.000000000000000 ) ;
#4549 = PRESENTATION_LAYER_ASSIGNMENT (  '', '', ( #2376 ) ) ;
#4550 = CARTESIAN_POINT ( 'NONE',  ( 0.1600000000000000033, -5.240000000000000213, -3.000000000000000000 ) ) ;
#4551 = FACE_OUTER_BOUND ( 'NONE', #923, .T. ) ;
#4552 = EDGE_CURVE ( 'NONE', #2677, #1805, #7683, .T. ) ;
#4553 = PLANE ( 'NONE',  #7569 ) ;
#4554 = VECTOR ( 'NONE', #3658, 1000.000000000000000 ) ;
#4555 = FACE_OUTER_BOUND ( 'NONE', #1636, .T. ) ;
#4556 = DIRECTION ( 'NONE',  ( -0.7071067811865475727, 0.000000000000000000, 0.7071067811865475727 ) ) ;
#4557 = VERTEX_POINT ( 'NONE', #7045 ) ;
#4558 = CARTESIAN_POINT ( 'NONE',  ( -0.1600000000000000033, -0.1600000000000000033, -3.000000000000000000 ) ) ;
#4559 = CARTESIAN_POINT ( 'NONE',  ( 1.016000000000000014, -13.97000000000000064, 0.000000000000000000 ) ) ;
#4560 = STYLED_ITEM ( 'NONE', ( #8354 ), #5594 ) ;
#4561 = CARTESIAN_POINT ( 'NONE',  ( -0.2666666666669999519, -15.50666666666000104, -2.893333333333000024 ) ) ;
#4562 = UNCERTAINTY_MEASURE_WITH_UNIT (LENGTH_MEASURE( 1.000000000000000082E-05 ), #6220, 'distance_accuracy_value', 'NONE');
#4563 =( NAMED_UNIT ( * ) SI_UNIT ( $, .STERADIAN. ) SOLID_ANGLE_UNIT ( ) );
#4564 =( NAMED_UNIT ( * ) SI_UNIT ( $, .STERADIAN. ) SOLID_ANGLE_UNIT ( ) );
#4565 = ORIENTED_EDGE ( 'NONE', *, *, #3201, .F. ) ;
#4566 = ORIENTED_EDGE ( 'NONE', *, *, #6082, .T. ) ;
#4567 = EDGE_CURVE ( 'NONE', #7975, #3269, #7804, .T. ) ;
#4568 = EDGE_CURVE ( 'NONE', #2616, #5817, #1144, .T. ) ;
#4569 = DIRECTION ( 'NONE',  ( 0.000000000000000000, 0.000000000000000000, 1.000000000000000000 ) ) ;
#4570 = FILL_AREA_STYLE_COLOUR ( '', #7550 ) ;
#4571 = DIRECTION ( 'NONE',  ( 0.000000000000000000, 0.000000000000000000, 1.000000000000000000 ) ) ;
#4572 = STYLED_ITEM ( 'NONE', ( #3610 ), #216 ) ;
#4573 = CARTESIAN_POINT ( 'NONE',  ( 1.016000000000000014, -1.270000000000000018, 0.000000000000000000 ) ) ;
#4574 =( LENGTH_UNIT ( ) NAMED_UNIT ( * ) SI_UNIT ( .MILLI., .METRE. ) );
#4575 = UNCERTAINTY_MEASURE_WITH_UNIT (LENGTH_MEASURE( 1.000000000000000082E-05 ), #2961, 'distance_accuracy_value', 'NONE');
#4576 = PRESENTATION_LAYER_ASSIGNMENT (  '', '', ( #2599 ) ) ;
#4577 =( LENGTH_UNIT ( ) NAMED_UNIT ( * ) SI_UNIT ( .MILLI., .METRE. ) );
#4578 = ORIENTED_EDGE ( 'NONE', *, *, #1463, .T. ) ;
#4579 = PRESENTATION_STYLE_ASSIGNMENT (( #7801 ) ) ;
#4580 = CARTESIAN_POINT ( 'NONE',  ( 1.270000000000000018, -8.635999999999999233, 0.000000000000000000 ) ) ;
#4581 = FACE_OUTER_BOUND ( 'NONE', #3541, .T. ) ;
#4582 =( NAMED_UNIT ( * ) SI_UNIT ( $, .STERADIAN. ) SOLID_ANGLE_UNIT ( ) );
#4583 = FACE_OUTER_BOUND ( 'NONE', #3411, .T. ) ;
#4584 = EDGE_LOOP ( 'NONE', ( #11, #375, #463, #6521 ) ) ;
#4585 = EDGE_LOOP ( 'NONE', ( #6970, #4669, #3493, #2714 ) ) ;
#4586 =( LENGTH_UNIT ( ) NAMED_UNIT ( * ) SI_UNIT ( .MILLI., .METRE. ) );
#4587 = EDGE_CURVE ( 'NONE', #5902, #6896, #4538, .T. ) ;
#4588 = PLANE ( 'NONE',  #7359 ) ;
#4589 = LINE ( 'NONE', #6493, #1576 ) ;
#4590 = CARTESIAN_POINT ( 'NONE',  ( 0.3200000000000000067, -15.55999999999999872, -3.000000000000000000 ) ) ;
#4591 = AXIS2_PLACEMENT_3D ( 'NONE', #2848, #3585, #5533 ) ;
#4592 = EDGE_CURVE ( 'NONE', #5960, #3332, #1263, .T. ) ;
#4593 = CARTESIAN_POINT ( 'NONE',  ( -0.3200000000000000067, -7.939999999999999503, -3.000000000000000000 ) ) ;
#4594 = DIRECTION ( 'NONE',  ( -0.7071067811865475727, -1.735167508356888803E-18, -0.7071067811865475727 ) ) ;
#4595 = ORIENTED_EDGE ( 'NONE', *, *, #1398, .T. ) ;
#4596 = DIRECTION ( 'NONE',  ( 0.7071067811865475727, 0.7071067811865475727, 0.000000000000000000 ) ) ;
#4597 = VECTOR ( 'NONE', #6091, 1000.000000000000000 ) ;
#4598 = DIRECTION ( 'NONE',  ( 0.000000000000000000, 1.000000000000000000, 0.000000000000000000 ) ) ;
#4599 = AXIS2_PLACEMENT_3D ( 'NONE', #4631, #7248, #5317 ) ;
#4600 = CARTESIAN_POINT ( 'NONE',  ( 1.270000000000000018, -9.144000000000000128, 0.000000000000000000 ) ) ;
#4601 = CARTESIAN_POINT ( 'NONE',  ( 0.2400000000000000189, -2.860000000000000320, -2.919999999999999929 ) ) ;
#4602 = COLOUR_RGB ( '',0.8588235294117646523, 0.7372549019607843590, 0.4941176470588235503 ) ;
#4603 = FILL_AREA_STYLE ('',( #35 ) ) ;
#4604 = STYLED_ITEM ( 'NONE', ( #8129 ), #4445 ) ;
#4605 = ORIENTED_EDGE ( 'NONE', *, *, #4795, .F. ) ;
#4606 = DIRECTION ( 'NONE',  ( 1.000000000000000000, 0.000000000000000000, 0.000000000000000000 ) ) ;
#4607 = PRESENTATION_LAYER_ASSIGNMENT (  '', '', ( #2578 ) ) ;
#4608 = CARTESIAN_POINT ( 'NONE',  ( -0.3200000000000000067, -0.3200000000000000067, -3.000000000000000000 ) ) ;
#4609 = LINE ( 'NONE', #5375, #6467 ) ;
#4610 = LINE ( 'NONE', #2923, #4706 ) ;
#4611 = AXIS2_PLACEMENT_3D ( 'NONE', #4929, #4238, #1526 ) ;
#4612 =( NAMED_UNIT ( * ) SI_UNIT ( $, .STERADIAN. ) SOLID_ANGLE_UNIT ( ) );
#4613 = VECTOR ( 'NONE', #1684, 1000.000000000000000 ) ;
#4614 = SURFACE_SIDE_STYLE ('',( #1259 ) ) ;
#4615 = DIRECTION ( 'NONE',  ( 1.000000000000000000, 0.000000000000000000, 0.000000000000000000 ) ) ;
#4616 = FILL_AREA_STYLE_COLOUR ( '', #5240 ) ;
#4617 = CARTESIAN_POINT ( 'NONE',  ( 0.3200000000000000067, -17.46000000000000085, -2.839999999999999858 ) ) ;
#4618 = MECHANICAL_DESIGN_GEOMETRIC_PRESENTATION_REPRESENTATION (  '', ( #3939 ), #6671 ) ;
#4619 = ORIENTED_EDGE ( 'NONE', *, *, #8066, .T. ) ;
#4620 = CARTESIAN_POINT ( 'NONE',  ( -0.3200000000000000067, -9.839999999999999858, -2.839999999999999858 ) ) ;
#4621 = PRESENTATION_LAYER_ASSIGNMENT (  '', '', ( #3698 ) ) ;
#4622 = VECTOR ( 'NONE', #6073, 1000.000000000000000 ) ;
#4623 = CARTESIAN_POINT ( 'NONE',  ( -0.3200000000000000067, -10.95500000000000007, 0.000000000000000000 ) ) ;
#4624 = ORIENTED_EDGE ( 'NONE', *, *, #2666, .F. ) ;
#4625 =( NAMED_UNIT ( * ) SI_UNIT ( $, .STERADIAN. ) SOLID_ANGLE_UNIT ( ) );
#4626 = EDGE_LOOP ( 'NONE', ( #6735, #3305, #4967, #7378 ) ) ;
#4627 = LINE ( 'NONE', #3953, #7324 ) ;
#4628 = CARTESIAN_POINT ( 'NONE',  ( -0.2666666666669999519, -2.806666666667000154, 8.433333333333001391 ) ) ;
#4629 = EDGE_CURVE ( 'NONE', #755, #4294, #5746, .T. ) ;
#4630 = COLOUR_RGB ( '',0.8588235294117646523, 0.7372549019607843590, 0.4941176470588235503 ) ;
#4631 = CARTESIAN_POINT ( 'NONE',  ( -0.3200000000000000067, -2.860000000000000320, -3.000000000000000000 ) ) ;
#4632 = FILL_AREA_STYLE_COLOUR ( '', #7211 ) ;
#4633 = DIRECTION ( 'NONE',  ( -0.7071067811865474617, -0.7071067811865474617, 0.000000000000000000 ) ) ;
#4634 = VECTOR ( 'NONE', #4764, 1000.000000000000000 ) ;
#4635 = EDGE_CURVE ( 'NONE', #1696, #3164, #2501, .T. ) ;
#4636 = CARTESIAN_POINT ( 'NONE',  ( -0.3200000000000000067, 0.3200000000000000067, -3.000000000000000000 ) ) ;
#4637 = DIRECTION ( 'NONE',  ( 1.000000000000000000, 0.000000000000000000, 0.000000000000000000 ) ) ;
#4638 = VERTEX_POINT ( 'NONE', #7726 ) ;
#4639 = CARTESIAN_POINT ( 'NONE',  ( -0.3200000000000000067, -4.919999999999999929, 8.540000000000000924 ) ) ;
#4640 = EDGE_CURVE ( 'NONE', #1687, #4938, #1835, .T. ) ;
#4641 = PRESENTATION_STYLE_ASSIGNMENT (( #2021 ) ) ;
#4642 = UNCERTAINTY_MEASURE_WITH_UNIT (LENGTH_MEASURE( 1.000000000000000082E-05 ), #7344, 'distance_accuracy_value', 'NONE');
#4643 = COLOUR_RGB ( '',0.8588235294117646523, 0.7372549019607843590, 0.4941176470588235503 ) ;
#4644 = COLOUR_RGB ( '',0.8588235294117646523, 0.7372549019607843590, 0.4941176470588235503 ) ;
#4645 =( LENGTH_UNIT ( ) NAMED_UNIT ( * ) SI_UNIT ( .MILLI., .METRE. ) );
#4646 = ORIENTED_EDGE ( 'NONE', *, *, #1952, .F. ) ;
#4647 = CARTESIAN_POINT ( 'NONE',  ( -0.3200000000000000067, -9.919999999999999929, 8.460000000000000853 ) ) ;
#4648 = SURFACE_STYLE_USAGE ( .BOTH. , #8001 ) ;
#4649 = CARTESIAN_POINT ( 'NONE',  ( -1.270000000000000018, -9.144000000000000128, 2.540000000000000036 ) ) ;
#4650 = LINE ( 'NONE', #4180, #5531 ) ;
#4651 = EDGE_CURVE ( 'NONE', #3748, #2616, #6566, .T. ) ;
#4652 = VECTOR ( 'NONE', #4001, 1000.000000000000114 ) ;
#4653 = MECHANICAL_DESIGN_GEOMETRIC_PRESENTATION_REPRESENTATION (  '', ( #7391 ), #4376 ) ;
#4654 = DIRECTION ( 'NONE',  ( 0.000000000000000000, -1.000000000000000000, -2.453897423307444850E-18 ) ) ;
#4655 = FILL_AREA_STYLE ('',( #5256 ) ) ;
#4656 = DIRECTION ( 'NONE',  ( 1.000000000000000000, 0.000000000000000000, 0.000000000000000000 ) ) ;
#4657 = ADVANCED_FACE ( 'NONE', ( #1343 ), #2710, .F. ) ;
#4658 = SURFACE_SIDE_STYLE ('',( #2034 ) ) ;
#4659 = SURFACE_STYLE_FILL_AREA ( #695 ) ;
#4660 = VECTOR ( 'NONE', #6072, 1000.000000000000000 ) ;
#4661 = ORIENTED_EDGE ( 'NONE', *, *, #6531, .T. ) ;
#4662 = SURFACE_STYLE_FILL_AREA ( #7923 ) ;
#4663 = PRESENTATION_STYLE_ASSIGNMENT (( #4748 ) ) ;
#4664 =( GEOMETRIC_REPRESENTATION_CONTEXT ( 3 ) GLOBAL_UNCERTAINTY_ASSIGNED_CONTEXT ( ( #285 ) ) GLOBAL_UNIT_ASSIGNED_CONTEXT ( ( #7155, #5735, #3776 ) ) REPRESENTATION_CONTEXT ( 'NONE', 'WORKASPACE' ) );
#4665 = COLOUR_RGB ( '',0.8588235294117646523, 0.7372549019607843590, 0.4941176470588235503 ) ;
#4666 = UNCERTAINTY_MEASURE_WITH_UNIT (LENGTH_MEASURE( 1.000000000000000082E-05 ), #1538, 'distance_accuracy_value', 'NONE');
#4667 = EDGE_LOOP ( 'NONE', ( #2897, #3505, #3502, #4853 ) ) ;
#4668 = FILL_AREA_STYLE_COLOUR ( '', #4602 ) ;
#4669 = ORIENTED_EDGE ( 'NONE', *, *, #1888, .F. ) ;
#4670 = ADVANCED_FACE ( 'NONE', ( #784 ), #8506, .F. ) ;
#4671 = CARTESIAN_POINT ( 'NONE',  ( -1.270000000000000018, -1.524000000000000021, 2.540000000000000036 ) ) ;
#4672 = CARTESIAN_POINT ( 'NONE',  ( -0.3200000000000000067, -12.38000000000000078, -3.000000000000000000 ) ) ;
#4673 = PRODUCT ( 'PinHeader_1x08_P2.54mm_Vertical.step', 'PinHeader_1x08_P2.54mm_Vertical.step', '', ( #8087 ) ) ;
#4674 = VECTOR ( 'NONE', #3336, 1000.000000000000000 ) ;
#4675 = EDGE_CURVE ( 'NONE', #2952, #6421, #5989, .T. ) ;
#4676 =( NAMED_UNIT ( * ) PLANE_ANGLE_UNIT ( ) SI_UNIT ( $, .RADIAN. ) );
#4677 = SURFACE_SIDE_STYLE ('',( #5361 ) ) ;
#4678 = COLOUR_RGB ( '',0.1450980392156862586, 0.1411764705882352922, 0.1411764705882352922 ) ;
#4679 = DIRECTION ( 'NONE',  ( 0.000000000000000000, 1.000000000000000000, 0.000000000000000000 ) ) ;
#4680 =( NAMED_UNIT ( * ) PLANE_ANGLE_UNIT ( ) SI_UNIT ( $, .RADIAN. ) );
#4681 = ORIENTED_EDGE ( 'NONE', *, *, #3494, .T. ) ;
#4682 = CARTESIAN_POINT ( 'NONE',  ( -1.270000000000000018, -8.635999999999999233, 0.000000000000000000 ) ) ;
#4683 =( GEOMETRIC_REPRESENTATION_CONTEXT ( 3 ) GLOBAL_UNCERTAINTY_ASSIGNED_CONTEXT ( ( #938 ) ) GLOBAL_UNIT_ASSIGNED_CONTEXT ( ( #7710, #4478, #8446 ) ) REPRESENTATION_CONTEXT ( 'NONE', 'WORKASPACE' ) );
#4684 = DIRECTION ( 'NONE',  ( 0.000000000000000000, 0.000000000000000000, 1.000000000000000000 ) ) ;
#4685 = DIRECTION ( 'NONE',  ( 1.000000000000000000, 0.000000000000000000, 0.000000000000000000 ) ) ;
#4686 = LINE ( 'NONE', #74, #4485 ) ;
#4687 = MECHANICAL_DESIGN_GEOMETRIC_PRESENTATION_REPRESENTATION (  '', ( #376 ), #5516 ) ;
#4688 = DIRECTION ( 'NONE',  ( 1.000000000000000000, 0.000000000000000000, 0.000000000000000000 ) ) ;
#4689 = ORIENTED_EDGE ( 'NONE', *, *, #3035, .F. ) ;
#4690 = FILL_AREA_STYLE ('',( #3464 ) ) ;
#4691 = CARTESIAN_POINT ( 'NONE',  ( 0.1600000000000000033, -7.459999999999999964, -3.000000000000000000 ) ) ;
#4692 = VECTOR ( 'NONE', #8419, 1000.000000000000000 ) ;
#4693 = ADVANCED_FACE ( 'NONE', ( #4581 ), #3348, .F. ) ;
#4694 = PRESENTATION_STYLE_ASSIGNMENT (( #728 ) ) ;
#4695 = FACE_OUTER_BOUND ( 'NONE', #3565, .T. ) ;
#4696 = FACE_OUTER_BOUND ( 'NONE', #2139, .T. ) ;
#4697 = PLANE ( 'NONE',  #4297 ) ;
#4698 = CARTESIAN_POINT ( 'NONE',  ( 0.1600000000000000033, -12.85999999999999943, 8.540000000000000924 ) ) ;
#4699 = ORIENTED_EDGE ( 'NONE', *, *, #6675, .F. ) ;
#4700 = SURFACE_STYLE_USAGE ( .BOTH. , #913 ) ;
#4701 = DIRECTION ( 'NONE',  ( 0.000000000000000000, 1.000000000000000000, 0.000000000000000000 ) ) ;
#4702 = CARTESIAN_POINT ( 'NONE',  ( -1.016000000000000014, -3.810000000000000053, 0.000000000000000000 ) ) ;
#4703 = DIRECTION ( 'NONE',  ( -1.735167508356890344E-18, -0.7071067811865475727, 0.7071067811865475727 ) ) ;
#4704 = EDGE_CURVE ( 'NONE', #7787, #8022, #369, .T. ) ;
#4705 =( LENGTH_UNIT ( ) NAMED_UNIT ( * ) SI_UNIT ( .MILLI., .METRE. ) );
#4706 = VECTOR ( 'NONE', #904, 1000.000000000000000 ) ;
#4707 =( LENGTH_UNIT ( ) NAMED_UNIT ( * ) SI_UNIT ( .MILLI., .METRE. ) );
#4708 =( NAMED_UNIT ( * ) SI_UNIT ( $, .STERADIAN. ) SOLID_ANGLE_UNIT ( ) );
#4709 = VERTEX_POINT ( 'NONE', #3015 ) ;
#4710 = CARTESIAN_POINT ( 'NONE',  ( -1.016000000000000014, -11.42999999999999972, 0.000000000000000000 ) ) ;
#4711 = ORIENTED_EDGE ( 'NONE', *, *, #1178, .F. ) ;
#4712 = ORIENTED_EDGE ( 'NONE', *, *, #3281, .T. ) ;
#4713 = LINE ( 'NONE', #2678, #7876 ) ;
#4714 =( NAMED_UNIT ( * ) PLANE_ANGLE_UNIT ( ) SI_UNIT ( $, .RADIAN. ) );
#4715 = EDGE_CURVE ( 'NONE', #4719, #6447, #4280, .T. ) ;
#4716 = DIRECTION ( 'NONE',  ( 0.000000000000000000, 0.000000000000000000, 1.000000000000000000 ) ) ;
#4717 = FILL_AREA_STYLE_COLOUR ( '', #6572 ) ;
#4718 = LINE ( 'NONE', #29, #481 ) ;
#4719 = VERTEX_POINT ( 'NONE', #4797 ) ;
#4720 = DIRECTION ( 'NONE',  ( 1.000000000000000000, 0.000000000000000000, 0.000000000000000000 ) ) ;
#4721 = ORIENTED_EDGE ( 'NONE', *, *, #4109, .T. ) ;
#4722 = FILL_AREA_STYLE ('',( #7945 ) ) ;
#4723 =( NAMED_UNIT ( * ) PLANE_ANGLE_UNIT ( ) SI_UNIT ( $, .RADIAN. ) );
#4724 = CLOSED_SHELL ( 'NONE', ( #6834, #4922, #2881, #7428, #3519, #5972, #4004, #3823, #1418, #1104, #3320, #6639, #4693, #6947, #864, #2762, #3901, #2498, #2025, #445, #7649, #3225, #6466, #6384, #472, #3412, #7183, #3156, #5791, #1887, #2509, #2779, #3500, #2232, #7173, #7935, #5859, #6153, #1716, #2388, #8259, #7065, #8329, #3306, #5682, #4373, #990, #2529, #6105, #2358, #8230, #4489, #5594, #8266, #4782, #1329, #5048, #3161, #8516, #7448, #3339, #7692, #4904, #5264, #2273, #5282, #1647, #1306, #5675, #5756, #3772, #2964, #5550, #8113, #7978, #2799, #6550, #2832, #1582, #685, #2803, #5143, #7824, #8126, #4445, #4908, #8008, #5225, #6684, #216, #5159, #7681, #52, #523, #1968, #6821, #3285, #2546, #3139, #5827, #5956, #1428, #4151, #7707, #4341, #647, #945, #5005, #4860, #4854, #8028, #1735, #1589, #3686, #5273, #6679, #6468, #4041, #5813, #6911, #6986, #7206, #4072, #7836, #2694, #7526, #559, #5119, #5322, #8104, #7559, #7812, #6066, #7959, #7338, #4455, #2757, #4959, #2759, #950, #5924, #3729, #6449, #4736, #5151, #6285, #3379, #7121, #4892, #6910, #2909, #7000, #1017, #4670, #4657, #3476, #1251, #1119, #4006, #1134, #8484, #1976, #6312, #2128, #6720, #5414, #7533, #5641, #8290, #1353, #244, #2593, #1848, #3965, #8348, #1849, #8187, #6954, #4830, #3913, #3388, #817, #2569, #7593, #767, #2068, #7058, #993, #6669, #8155, #4183, #7964, #4162, #7336, #7315, #1844 ) ) ;
#4725 = CARTESIAN_POINT ( 'NONE',  ( 1.270000000000000018, -18.79599999999999937, 0.000000000000000000 ) ) ;
#4726 = UNCERTAINTY_MEASURE_WITH_UNIT (LENGTH_MEASURE( 1.000000000000000082E-05 ), #812, 'distance_accuracy_value', 'NONE');
#4727 =( GEOMETRIC_REPRESENTATION_CONTEXT ( 3 ) GLOBAL_UNCERTAINTY_ASSIGNED_CONTEXT ( ( #7995 ) ) GLOBAL_UNIT_ASSIGNED_CONTEXT ( ( #7052, #6487, #557 ) ) REPRESENTATION_CONTEXT ( 'NONE', 'WORKASPACE' ) );
#4728 = LINE ( 'NONE', #7342, #2336 ) ;
#4729 = ORIENTED_EDGE ( 'NONE', *, *, #2146, .F. ) ;
#4730 = CARTESIAN_POINT ( 'NONE',  ( 1.270000000000000018, -14.22400000000000020, 2.540000000000000036 ) ) ;
#4731 = DIRECTION ( 'NONE',  ( 0.000000000000000000, 0.000000000000000000, 1.000000000000000000 ) ) ;
#4732 = SURFACE_STYLE_USAGE ( .BOTH. , #7347 ) ;
#4733 = STYLED_ITEM ( 'NONE', ( #7466 ), #4162 ) ;
#4734 = VECTOR ( 'NONE', #7529, 1000.000000000000114 ) ;
#4735 =( NAMED_UNIT ( * ) PLANE_ANGLE_UNIT ( ) SI_UNIT ( $, .RADIAN. ) );
#4736 = ADVANCED_FACE ( 'NONE', ( #4234 ), #236, .F. ) ;
#4737 = FACE_OUTER_BOUND ( 'NONE', #2647, .T. ) ;
#4738 = VERTEX_POINT ( 'NONE', #282 ) ;
#4739 = CARTESIAN_POINT ( 'NONE',  ( -0.1600000000000000033, -18.10000000000000142, -3.000000000000000000 ) ) ;
#4740 = CARTESIAN_POINT ( 'NONE',  ( 0.3200000000000000067, -17.46000000000000085, -3.000000000000000000 ) ) ;
#4741 = AXIS2_PLACEMENT_3D ( 'NONE', #5796, #6446, #1150 ) ;
#4742 = VERTEX_POINT ( 'NONE', #8165 ) ;
#4743 = CARTESIAN_POINT ( 'NONE',  ( 0.3200000000000000067, -5.400000000000000355, -2.839999999999999858 ) ) ;
#4744 = FILL_AREA_STYLE_COLOUR ( '', #1458 ) ;
#4745 = COLOUR_RGB ( '',0.8588235294117646523, 0.7372549019607843590, 0.4941176470588235503 ) ;
#4746 = SURFACE_STYLE_FILL_AREA ( #4192 ) ;
#4747 = EDGE_CURVE ( 'NONE', #4169, #1222, #871, .T. ) ;
#4748 = SURFACE_STYLE_USAGE ( .BOTH. , #1385 ) ;
#4749 = STYLED_ITEM ( 'NONE', ( #1046 ), #6639 ) ;
#4750 = SURFACE_STYLE_FILL_AREA ( #7107 ) ;
#4752 = PRESENTATION_LAYER_ASSIGNMENT (  '', '', ( #7349 ) ) ;
#4751 = UNCERTAINTY_MEASURE_WITH_UNIT (LENGTH_MEASURE( 1.000000000000000082E-05 ), #116, 'distance_accuracy_value', 'NONE');
#4753 = ORIENTED_EDGE ( 'NONE', *, *, #8405, .F. ) ;
#4754 =( GEOMETRIC_REPRESENTATION_CONTEXT ( 3 ) GLOBAL_UNCERTAINTY_ASSIGNED_CONTEXT ( ( #5410 ) ) GLOBAL_UNIT_ASSIGNED_CONTEXT ( ( #7672, #367, #4612 ) ) REPRESENTATION_CONTEXT ( 'NONE', 'WORKASPACE' ) );
#4755 = ORIENTED_EDGE ( 'NONE', *, *, #2178, .F. ) ;
#4756 = STYLED_ITEM ( 'NONE', ( #6022 ), #4892 ) ;
#4757 = VERTEX_POINT ( 'NONE', #958 ) ;
#4758 = SURFACE_SIDE_STYLE ('',( #5575 ) ) ;
#4759 = DIRECTION ( 'NONE',  ( 1.000000000000000000, 0.000000000000000000, 0.000000000000000000 ) ) ;
#4760 = SURFACE_SIDE_STYLE ('',( #5397 ) ) ;
#4761 = SURFACE_SIDE_STYLE ('',( #2721 ) ) ;
#4762 = STYLED_ITEM ( 'NONE', ( #4641 ), #5048 ) ;
#4763 = VECTOR ( 'NONE', #7622, 1000.000000000000114 ) ;
#4764 = DIRECTION ( 'NONE',  ( 0.000000000000000000, 0.000000000000000000, 1.000000000000000000 ) ) ;
#4765 = PLANE ( 'NONE',  #94 ) ;
#4766 = EDGE_LOOP ( 'NONE', ( #4418, #924, #485, #5537 ) ) ;
#4767 = CARTESIAN_POINT ( 'NONE',  ( -0.3200000000000000067, -5.240000000000000213, 8.540000000000000924 ) ) ;
#4768 = ORIENTED_EDGE ( 'NONE', *, *, #7411, .T. ) ;
#4769 = EDGE_CURVE ( 'NONE', #2257, #887, #8118, .T. ) ;
#4770 = VERTEX_POINT ( 'NONE', #1617 ) ;
#4771 =( GEOMETRIC_REPRESENTATION_CONTEXT ( 3 ) GLOBAL_UNCERTAINTY_ASSIGNED_CONTEXT ( ( #3637 ) ) GLOBAL_UNIT_ASSIGNED_CONTEXT ( ( #4707, #2324, #920 ) ) REPRESENTATION_CONTEXT ( 'NONE', 'WORKASPACE' ) );
#4772 = SURFACE_SIDE_STYLE ('',( #212 ) ) ;
#4773 = FILL_AREA_STYLE_COLOUR ( '', #3137 ) ;
#4774 = EDGE_LOOP ( 'NONE', ( #5169, #7776, #4282, #3683 ) ) ;
#4775 = DIRECTION ( 'NONE',  ( -0.7071067811865474617, 0.7071067811865474617, 0.000000000000000000 ) ) ;
#4776 = SURFACE_SIDE_STYLE ('',( #1502 ) ) ;
#4777 = ORIENTED_EDGE ( 'NONE', *, *, #2313, .F. ) ;
#4778 =( NAMED_UNIT ( * ) PLANE_ANGLE_UNIT ( ) SI_UNIT ( $, .RADIAN. ) );
#4779 = FILL_AREA_STYLE ('',( #7262 ) ) ;
#4780 = CARTESIAN_POINT ( 'NONE',  ( 0.2400000000000000189, -18.10000000000000142, -2.919999999999999929 ) ) ;
#4781 =( LENGTH_UNIT ( ) NAMED_UNIT ( * ) SI_UNIT ( .MILLI., .METRE. ) );
#4782 = ADVANCED_FACE ( 'NONE', ( #5567 ), #1564, .F. ) ;
#4783 = SURFACE_STYLE_USAGE ( .BOTH. , #40 ) ;
#4784 = PRESENTATION_LAYER_ASSIGNMENT (  '', '', ( #8240 ) ) ;
#4785 = PRESENTATION_LAYER_ASSIGNMENT (  '', '', ( #791 ) ) ;
#4786 = CARTESIAN_POINT ( 'NONE',  ( -0.3200000000000000067, -17.46000000000000085, -2.839999999999999858 ) ) ;
#4787 = ORIENTED_EDGE ( 'NONE', *, *, #719, .F. ) ;
#4788 = ORIENTED_EDGE ( 'NONE', *, *, #6817, .T. ) ;
#4789 =( NAMED_UNIT ( * ) PLANE_ANGLE_UNIT ( ) SI_UNIT ( $, .RADIAN. ) );
#4790 = LINE ( 'NONE', #1680, #4102 ) ;
#4791 = EDGE_CURVE ( 'NONE', #733, #2266, #3701, .T. ) ;
#4792 = VERTEX_POINT ( 'NONE', #2406 ) ;
#4793 = VECTOR ( 'NONE', #6331, 1000.000000000000000 ) ;
#4794 = FACE_OUTER_BOUND ( 'NONE', #3599, .T. ) ;
#4795 = EDGE_CURVE ( 'NONE', #2797, #5636, #3821, .T. ) ;
#4796 = DIRECTION ( 'NONE',  ( 1.000000000000000000, 0.000000000000000000, 0.000000000000000000 ) ) ;
#4797 = CARTESIAN_POINT ( 'NONE',  ( 0.3200000000000000067, 0.3200000000000000067, 2.540000000000000036 ) ) ;
#4798 = CARTESIAN_POINT ( 'NONE',  ( 0.1600000000000000033, -13.01999999999999957, -3.000000000000000000 ) ) ;
#4799 = LINE ( 'NONE', #1524, #1819 ) ;
#4800 = VERTEX_POINT ( 'NONE', #580 ) ;
#4801 = SURFACE_SIDE_STYLE ('',( #287 ) ) ;
#4802 = VERTEX_POINT ( 'NONE', #2540 ) ;
#4803 = ORIENTED_EDGE ( 'NONE', *, *, #7889, .T. ) ;
#4804 = LINE ( 'NONE', #4628, #1090 ) ;
#4805 = COLOUR_RGB ( '',0.8588235294117646523, 0.7372549019607843590, 0.4941176470588235503 ) ;
#4806 = CARTESIAN_POINT ( 'NONE',  ( -0.3200000000000000067, -2.860000000000000320, 8.380000000000000782 ) ) ;
#4807 = CARTESIAN_POINT ( 'NONE',  ( -0.3200000000000000067, -4.760000000000000675, -3.000000000000000000 ) ) ;
#4808 = DIRECTION ( 'NONE',  ( -1.735167508356890344E-18, -0.7071067811865475727, 0.7071067811865475727 ) ) ;
#4809 = APPLICATION_CONTEXT ( 'automotive_design' ) ;
#4810 = ORIENTED_EDGE ( 'NONE', *, *, #978, .F. ) ;
#4811 = STYLED_ITEM ( 'NONE', ( #280 ), #7559 ) ;
#4812 = VERTEX_POINT ( 'NONE', #3226 ) ;
#4813 = COLOUR_RGB ( '',0.8588235294117646523, 0.7372549019607843590, 0.4941176470588235503 ) ;
#4814 = ORIENTED_EDGE ( 'NONE', *, *, #5334, .F. ) ;
#4815 = PLANE ( 'NONE',  #5883 ) ;
#4816 = FILL_AREA_STYLE ('',( #6975 ) ) ;
#4817 = PLANE ( 'NONE',  #3268 ) ;
#4818 = EDGE_CURVE ( 'NONE', #3575, #790, #539, .T. ) ;
#4819 = SURFACE_STYLE_FILL_AREA ( #6753 ) ;
#4820 = UNCERTAINTY_MEASURE_WITH_UNIT (LENGTH_MEASURE( 1.000000000000000082E-05 ), #118, 'distance_accuracy_value', 'NONE');
#4821 = VERTEX_POINT ( 'NONE', #4320 ) ;
#4822 = FILL_AREA_STYLE_COLOUR ( '', #2653 ) ;
#4823 = PRESENTATION_STYLE_ASSIGNMENT (( #6663 ) ) ;
#4824 = VERTEX_POINT ( 'NONE', #1135 ) ;
#4825 = SURFACE_STYLE_FILL_AREA ( #1504 ) ;
#4826 =( NAMED_UNIT ( * ) SI_UNIT ( $, .STERADIAN. ) SOLID_ANGLE_UNIT ( ) );
#4827 = VECTOR ( 'NONE', #6843, 1000.000000000000000 ) ;
#4828 = PLANE ( 'NONE',  #4467 ) ;
#4829 =( NAMED_UNIT ( * ) SI_UNIT ( $, .STERADIAN. ) SOLID_ANGLE_UNIT ( ) );
#4830 = ADVANCED_FACE ( 'NONE', ( #5128 ), #8294, .F. ) ;
#4831 = VERTEX_POINT ( 'NONE', #2491 ) ;
#4832 = ORIENTED_EDGE ( 'NONE', *, *, #2534, .F. ) ;
#4833 = DIRECTION ( 'NONE',  ( -1.000000000000000000, 0.000000000000000000, 0.000000000000000000 ) ) ;
#4834 = VECTOR ( 'NONE', #4207, 1000.000000000000000 ) ;
#4835 = DIRECTION ( 'NONE',  ( -0.000000000000000000, 1.000000000000000000, 0.000000000000000000 ) ) ;
#4836 = DIRECTION ( 'NONE',  ( -0.7071067811865475727, 0.7071067811865475727, 0.000000000000000000 ) ) ;
#4837 = DIRECTION ( 'NONE',  ( 0.000000000000000000, 0.000000000000000000, 1.000000000000000000 ) ) ;
#4838 = VECTOR ( 'NONE', #5983, 1000.000000000000000 ) ;
#4839 = DIRECTION ( 'NONE',  ( 0.000000000000000000, 1.000000000000000000, 0.000000000000000000 ) ) ;
#4840 = UNCERTAINTY_MEASURE_WITH_UNIT (LENGTH_MEASURE( 1.000000000000000082E-05 ), #2392, 'distance_accuracy_value', 'NONE');
#4841 = ORIENTED_EDGE ( 'NONE', *, *, #692, .F. ) ;
#4842 = LINE ( 'NONE', #8214, #5433 ) ;
#4843 = EDGE_LOOP ( 'NONE', ( #5831, #7497, #2976, #7523 ) ) ;
#4844 = ORIENTED_EDGE ( 'NONE', *, *, #3783, .F. ) ;
#4845 = CARTESIAN_POINT ( 'NONE',  ( 0.3200000000000000067, -18.10000000000000142, 0.000000000000000000 ) ) ;
#4846 = SURFACE_STYLE_FILL_AREA ( #2236 ) ;
#4847 = LINE ( 'NONE', #6879, #7326 ) ;
#4848 = VECTOR ( 'NONE', #6995, 1000.000000000000114 ) ;
#4849 = LINE ( 'NONE', #1577, #5113 ) ;
#4850 = SURFACE_STYLE_USAGE ( .BOTH. , #331 ) ;
#4851 = ORIENTED_EDGE ( 'NONE', *, *, #2060, .F. ) ;
#4852 =( NAMED_UNIT ( * ) SI_UNIT ( $, .STERADIAN. ) SOLID_ANGLE_UNIT ( ) );
#4853 = ORIENTED_EDGE ( 'NONE', *, *, #3074, .F. ) ;
#4854 = ADVANCED_FACE ( 'NONE', ( #7625 ), #1743, .T. ) ;
#4855 = PRODUCT_CONTEXT ( 'NONE', #4809, 'mechanical' ) ;
#4856 = ORIENTED_EDGE ( 'NONE', *, *, #2094, .T. ) ;
#4857 = CARTESIAN_POINT ( 'NONE',  ( -1.270000000000000018, -11.17600000000000016, 0.000000000000000000 ) ) ;
#4858 = LINE ( 'NONE', #7477, #7841 ) ;
#4859 = DIRECTION ( 'NONE',  ( 1.000000000000000000, 0.000000000000000000, 0.000000000000000000 ) ) ;
#4860 = ADVANCED_FACE ( 'NONE', ( #8495 ), #4016, .F. ) ;
#4861 = EDGE_LOOP ( 'NONE', ( #7877, #6507, #7647, #1115 ) ) ;
#4862 = SURFACE_SIDE_STYLE ('',( #2254 ) ) ;
#4863 = SURFACE_SIDE_STYLE ('',( #2063 ) ) ;
#4864 = COLOUR_RGB ( '',0.8588235294117646523, 0.7372549019607843590, 0.4941176470588235503 ) ;
#4865 = ORIENTED_EDGE ( 'NONE', *, *, #1249, .F. ) ;
#4866 = CARTESIAN_POINT ( 'NONE',  ( 0.1600000000000000033, -15.40000000000000036, 8.540000000000000924 ) ) ;
#4867 = SURFACE_SIDE_STYLE ('',( #5417 ) ) ;
#4868 = CARTESIAN_POINT ( 'NONE',  ( -1.016000000000000014, -16.51000000000000156, 0.000000000000000000 ) ) ;
#4869 = DIRECTION ( 'NONE',  ( 0.000000000000000000, 1.000000000000000000, 0.000000000000000000 ) ) ;
#4870 = FILL_AREA_STYLE_COLOUR ( '', #7641 ) ;
#4871 = LINE ( 'NONE', #1607, #582 ) ;
#4872 =( GEOMETRIC_REPRESENTATION_CONTEXT ( 3 ) GLOBAL_UNCERTAINTY_ASSIGNED_CONTEXT ( ( #7826 ) ) GLOBAL_UNIT_ASSIGNED_CONTEXT ( ( #1227, #5829, #5136 ) ) REPRESENTATION_CONTEXT ( 'NONE', 'WORKASPACE' ) );
#4873 = SURFACE_SIDE_STYLE ('',( #8057 ) ) ;
#4874 = ORIENTED_EDGE ( 'NONE', *, *, #3649, .F. ) ;
#4875 = ORIENTED_EDGE ( 'NONE', *, *, #840, .F. ) ;
#4876 = SURFACE_STYLE_FILL_AREA ( #1611 ) ;
#4877 = ORIENTED_EDGE ( 'NONE', *, *, #3595, .F. ) ;
#4878 = FILL_AREA_STYLE_COLOUR ( '', #4398 ) ;
#4879 = DIRECTION ( 'NONE',  ( 0.000000000000000000, 1.000000000000000000, 0.000000000000000000 ) ) ;
#4880 = VECTOR ( 'NONE', #1771, 1000.000000000000000 ) ;
#4881 = MECHANICAL_DESIGN_GEOMETRIC_PRESENTATION_REPRESENTATION (  '', ( #58 ), #7088 ) ;
#4882 = CARTESIAN_POINT ( 'NONE',  ( -0.3200000000000000067, -10.40000000000000036, -2.919999999999999929 ) ) ;
#4883 = COLOUR_RGB ( '',0.8588235294117646523, 0.7372549019607843590, 0.4941176470588235503 ) ;
#4884 = EDGE_LOOP ( 'NONE', ( #636, #6434, #131, #7517 ) ) ;
#4885 = CARTESIAN_POINT ( 'NONE',  ( -0.3200000000000000067, -18.10000000000000142, 8.380000000000000782 ) ) ;
#4886 = ORIENTED_EDGE ( 'NONE', *, *, #6754, .F. ) ;
#4887 = STYLED_ITEM ( 'NONE', ( #5999 ), #4373 ) ;
#4888 = ORIENTED_EDGE ( 'NONE', *, *, #794, .T. ) ;
#4889 = FILL_AREA_STYLE_COLOUR ( '', #3310 ) ;
#4890 =( LENGTH_UNIT ( ) NAMED_UNIT ( * ) SI_UNIT ( .MILLI., .METRE. ) );
#4891 = VECTOR ( 'NONE', #6900, 1000.000000000000114 ) ;
#4892 = ADVANCED_FACE ( 'NONE', ( #4696 ), #4, .F. ) ;
#4893 = CARTESIAN_POINT ( 'NONE',  ( 0.3200000000000000067, -7.939999999999999503, -3.000000000000000000 ) ) ;
#4894 = FILL_AREA_STYLE ('',( #2980 ) ) ;
#4895 = COLOUR_RGB ( '',0.8588235294117646523, 0.7372549019607843590, 0.4941176470588235503 ) ;
#4896 = DIRECTION ( 'NONE',  ( 0.000000000000000000, 1.000000000000000000, 0.000000000000000000 ) ) ;
#4897 = CARTESIAN_POINT ( 'NONE',  ( 1.016000000000000014, 1.270000000000000018, 0.000000000000000000 ) ) ;
#4898 = CARTESIAN_POINT ( 'NONE',  ( -0.3200000000000000067, -9.839999999999999858, -3.000000000000000000 ) ) ;
#4899 = VERTEX_POINT ( 'NONE', #5862 ) ;
#4900 = PLANE ( 'NONE',  #7626 ) ;
#4901 = ORIENTED_EDGE ( 'NONE', *, *, #1910, .F. ) ;
#4902 = EDGE_CURVE ( 'NONE', #1125, #186, #7835, .T. ) ;
#4903 = ORIENTED_EDGE ( 'NONE', *, *, #4941, .F. ) ;
#4904 = ADVANCED_FACE ( 'NONE', ( #2665 ), #3975, .F. ) ;
#4905 = DIRECTION ( 'NONE',  ( 1.000000000000000000, 0.000000000000000000, 0.000000000000000000 ) ) ;
#4906 = VECTOR ( 'NONE', #1675, 1000.000000000000000 ) ;
#4907 = COLOUR_RGB ( '',0.8588235294117646523, 0.7372549019607843590, 0.4941176470588235503 ) ;
#4908 = ADVANCED_FACE ( 'NONE', ( #6855 ), #8106, .T. ) ;
#4909 = UNCERTAINTY_MEASURE_WITH_UNIT (LENGTH_MEASURE( 1.000000000000000082E-05 ), #424, 'distance_accuracy_value', 'NONE');
#4910 = ORIENTED_EDGE ( 'NONE', *, *, #7608, .F. ) ;
#4911 = CARTESIAN_POINT ( 'NONE',  ( 1.270000000000000018, -3.556000000000000050, 0.000000000000000000 ) ) ;
#4912 = DIRECTION ( 'NONE',  ( -1.000000000000000000, 0.000000000000000000, 0.000000000000000000 ) ) ;
#4913 = MECHANICAL_DESIGN_GEOMETRIC_PRESENTATION_REPRESENTATION (  '', ( #1322 ), #5990 ) ;
#4914 = ORIENTED_EDGE ( 'NONE', *, *, #3246, .T. ) ;
#4915 = FACE_OUTER_BOUND ( 'NONE', #3950, .T. ) ;
#4916 = PLANE ( 'NONE',  #5812 ) ;
#4917 = CARTESIAN_POINT ( 'NONE',  ( -1.270000000000000018, 1.016000000000000014, 0.000000000000000000 ) ) ;
#4918 = COLOUR_RGB ( '',0.8588235294117646523, 0.7372549019607843590, 0.4941176470588235503 ) ;
#4919 = LINE ( 'NONE', #865, #6579 ) ;
#4920 = ORIENTED_EDGE ( 'NONE', *, *, #6497, .T. ) ;
#4921 = ORIENTED_EDGE ( 'NONE', *, *, #6424, .F. ) ;
#4922 = ADVANCED_FACE ( 'NONE', ( #3645 ), #6246, .T. ) ;
#4923 =( GEOMETRIC_REPRESENTATION_CONTEXT ( 3 ) GLOBAL_UNCERTAINTY_ASSIGNED_CONTEXT ( ( #6033 ) ) GLOBAL_UNIT_ASSIGNED_CONTEXT ( ( #1379, #5342, #4414 ) ) REPRESENTATION_CONTEXT ( 'NONE', 'WORKASPACE' ) );
#4924 = FILL_AREA_STYLE ('',( #2364 ) ) ;
#4925 = DIRECTION ( 'NONE',  ( 1.000000000000000000, 0.000000000000000000, 0.000000000000000000 ) ) ;
#4926 = UNCERTAINTY_MEASURE_WITH_UNIT (LENGTH_MEASURE( 1.000000000000000082E-05 ), #6650, 'distance_accuracy_value', 'NONE');
#4927 = CARTESIAN_POINT ( 'NONE',  ( -0.3200000000000000067, -9.839999999999999858, 0.000000000000000000 ) ) ;
#4928 = ORIENTED_EDGE ( 'NONE', *, *, #44, .T. ) ;
#4929 = CARTESIAN_POINT ( 'NONE',  ( -0.3200000000000000067, -10.48000000000000043, -3.000000000000000000 ) ) ;
#4930 = ORIENTED_EDGE ( 'NONE', *, *, #6603, .T. ) ;
#4931 = COLOUR_RGB ( '',0.8588235294117646523, 0.7372549019607843590, 0.4941176470588235503 ) ;
#4932 = COLOUR_RGB ( '',0.1450980392156862586, 0.1411764705882352922, 0.1411764705882352922 ) ;
#4933 = VERTEX_POINT ( 'NONE', #2530 ) ;
#4934 = SURFACE_STYLE_FILL_AREA ( #2330 ) ;
#4935 = STYLED_ITEM ( 'NONE', ( #980 ), #7058 ) ;
#4936 = EDGE_CURVE ( 'NONE', #6092, #4195, #8285, .T. ) ;
#4937 = DIRECTION ( 'NONE',  ( 1.000000000000000000, 0.000000000000000000, 0.000000000000000000 ) ) ;
#4938 = VERTEX_POINT ( 'NONE', #353 ) ;
#4939 =( LENGTH_UNIT ( ) NAMED_UNIT ( * ) SI_UNIT ( .MILLI., .METRE. ) );
#4940 = VERTEX_POINT ( 'NONE', #406 ) ;
#4941 = EDGE_CURVE ( 'NONE', #160, #6812, #5771, .T. ) ;
#4942 = SURFACE_SIDE_STYLE ('',( #2341 ) ) ;
#4943 =( GEOMETRIC_REPRESENTATION_CONTEXT ( 3 ) GLOBAL_UNCERTAINTY_ASSIGNED_CONTEXT ( ( #2169 ) ) GLOBAL_UNIT_ASSIGNED_CONTEXT ( ( #3582, #4243, #4364 ) ) REPRESENTATION_CONTEXT ( 'NONE', 'WORKASPACE' ) );
#4944 = CARTESIAN_POINT ( 'NONE',  ( 0.05333333333332999915, 0.05333333333332999915, 8.646666666667000456 ) ) ;
#4945 = COLOUR_RGB ( '',0.8588235294117646523, 0.7372549019607843590, 0.4941176470588235503 ) ;
#4946 = STYLED_ITEM ( 'NONE', ( #5485 ), #2759 ) ;
#4947 = ORIENTED_EDGE ( 'NONE', *, *, #840, .T. ) ;
#4948 = PRESENTATION_STYLE_ASSIGNMENT (( #941 ) ) ;
#4949 = ORIENTED_EDGE ( 'NONE', *, *, #7789, .T. ) ;
#4950 = PRESENTATION_STYLE_ASSIGNMENT (( #5724 ) ) ;
#4951 =( LENGTH_UNIT ( ) NAMED_UNIT ( * ) SI_UNIT ( .MILLI., .METRE. ) );
#4952 = CARTESIAN_POINT ( 'NONE',  ( 0.1600000000000000033, 0.1600000000000000033, -3.000000000000000000 ) ) ;
#4953 = FILL_AREA_STYLE ('',( #8243 ) ) ;
#4954 = PRESENTATION_LAYER_ASSIGNMENT (  '', '', ( #7834 ) ) ;
#4955 = FILL_AREA_STYLE ('',( #356 ) ) ;
#4956 =( LENGTH_UNIT ( ) NAMED_UNIT ( * ) SI_UNIT ( .MILLI., .METRE. ) );
#4957 = ORIENTED_EDGE ( 'NONE', *, *, #1075, .F. ) ;
#4958 = VERTEX_POINT ( 'NONE', #3810 ) ;
#4959 = ADVANCED_FACE ( 'NONE', ( #480 ), #3125, .F. ) ;
#4960 = COLOUR_RGB ( '',0.1450980392156862586, 0.1411764705882352922, 0.1411764705882352922 ) ;
#4961 = CARTESIAN_POINT ( 'NONE',  ( -0.3200000000000000067, 0.3200000000000000067, -2.839999999999999858 ) ) ;
#4962 = STYLED_ITEM ( 'NONE', ( #1107 ), #1582 ) ;
#4964 = SURFACE_STYLE_USAGE ( .BOTH. , #5000 ) ;
#4963 =( GEOMETRIC_REPRESENTATION_CONTEXT ( 3 ) GLOBAL_UNCERTAINTY_ASSIGNED_CONTEXT ( ( #8274 ) ) GLOBAL_UNIT_ASSIGNED_CONTEXT ( ( #2062, #2772, #6661 ) ) REPRESENTATION_CONTEXT ( 'NONE', 'WORKASPACE' ) );
#4965 = FILL_AREA_STYLE_COLOUR ( '', #2875 ) ;
#4966 = EDGE_CURVE ( 'NONE', #668, #4940, #7068, .T. ) ;
#4967 = ORIENTED_EDGE ( 'NONE', *, *, #8249, .T. ) ;
#4968 = ORIENTED_EDGE ( 'NONE', *, *, #4517, .F. ) ;
#4969 = APPLICATION_CONTEXT ( 'automotive_design' ) ;
#4970 = STYLED_ITEM ( 'NONE', ( #6114 ), #2128 ) ;
#4971 = STYLED_ITEM ( 'NONE', ( #422 ), #5550 ) ;
#4972 = SURFACE_STYLE_FILL_AREA ( #2373 ) ;
#4973 = PLANE ( 'NONE',  #1175 ) ;
#4974 = CARTESIAN_POINT ( 'NONE',  ( -0.3200000000000000067, -0.2400000000000000189, 8.460000000000000853 ) ) ;
#4975 =( NAMED_UNIT ( * ) PLANE_ANGLE_UNIT ( ) SI_UNIT ( $, .RADIAN. ) );
#4976 = ORIENTED_EDGE ( 'NONE', *, *, #720, .F. ) ;
#4977 = SURFACE_SIDE_STYLE ('',( #3630 ) ) ;
#4978 = EDGE_LOOP ( 'NONE', ( #1558, #7150, #1543, #4108 ) ) ;
#4979 = DIRECTION ( 'NONE',  ( 1.000000000000000000, 0.000000000000000000, 0.000000000000000000 ) ) ;
#4980 = PRESENTATION_STYLE_ASSIGNMENT (( #301 ) ) ;
#4981 = DIRECTION ( 'NONE',  ( 1.000000000000000000, 0.000000000000000000, 0.000000000000000000 ) ) ;
#4982 = PLANE ( 'NONE',  #4599 ) ;
#4983 = EDGE_CURVE ( 'NONE', #6746, #4294, #3169, .T. ) ;
#4984 = VECTOR ( 'NONE', #3602, 1000.000000000000000 ) ;
#4985 = LINE ( 'NONE', #6892, #2234 ) ;
#4986 = UNCERTAINTY_MEASURE_WITH_UNIT (LENGTH_MEASURE( 1.000000000000000082E-05 ), #56, 'distance_accuracy_value', 'NONE');
#4987 = VECTOR ( 'NONE', #6008, 1000.000000000000000 ) ;
#4988 = FILL_AREA_STYLE_COLOUR ( '', #1078 ) ;
#4989 = ORIENTED_EDGE ( 'NONE', *, *, #8086, .F. ) ;
#4990 = DIRECTION ( 'NONE',  ( -0.5773502691896257311, 0.5773502691896257311, -0.5773502691896257311 ) ) ;
#4991 = LINE ( 'NONE', #1600, #4300 ) ;
#4992 = CARTESIAN_POINT ( 'NONE',  ( -0.3200000000000000067, -10.48000000000000043, 8.380000000000000782 ) ) ;
#4993 = PRESENTATION_STYLE_ASSIGNMENT (( #7571 ) ) ;
#4994 = FILL_AREA_STYLE_COLOUR ( '', #6912 ) ;
#4995 =( LENGTH_UNIT ( ) NAMED_UNIT ( * ) SI_UNIT ( .MILLI., .METRE. ) );
#4996 = VERTEX_POINT ( 'NONE', #6942 ) ;
#4997 = VERTEX_POINT ( 'NONE', #7708 ) ;
#4998 = FILL_AREA_STYLE ('',( #997 ) ) ;
#4999 = CARTESIAN_POINT ( 'NONE',  ( -1.270000000000000018, -6.603999999999999204, 0.000000000000000000 ) ) ;
#5000 = SURFACE_SIDE_STYLE ('',( #2363 ) ) ;
#5001 = PRESENTATION_LAYER_ASSIGNMENT (  '', '', ( #6516 ) ) ;
#5002 = DIRECTION ( 'NONE',  ( 0.000000000000000000, -0.7071067811865475727, 0.7071067811865475727 ) ) ;
#5003 = CARTESIAN_POINT ( 'NONE',  ( 1.270000000000000018, -4.064000000000000057, 0.000000000000000000 ) ) ;
#5004 = AXIS2_PLACEMENT_3D ( 'NONE', #4974, #8390, #8257 ) ;
#5005 = ADVANCED_FACE ( 'NONE', ( #3087 ), #5644, .T. ) ;
#5006 = DIRECTION ( 'NONE',  ( -0.7071067811865474617, 0.7071067811865474617, 0.000000000000000000 ) ) ;
#5007 = FILL_AREA_STYLE_COLOUR ( '', #7223 ) ;
#5008 = ORIENTED_EDGE ( 'NONE', *, *, #5905, .F. ) ;
#5009 =( NAMED_UNIT ( * ) PLANE_ANGLE_UNIT ( ) SI_UNIT ( $, .RADIAN. ) );
#5010 = PRESENTATION_STYLE_ASSIGNMENT (( #246 ) ) ;
#5011 = EDGE_CURVE ( 'NONE', #2952, #2162, #7147, .T. ) ;
#5012 = FILL_AREA_STYLE_COLOUR ( '', #8046 ) ;
#5013 = DIRECTION ( 'NONE',  ( 0.5773502691896257311, 0.5773502691896257311, 0.5773502691896257311 ) ) ;
#5014 = CARTESIAN_POINT ( 'NONE',  ( 0.3200000000000000067, -10.48000000000000043, 8.380000000000000782 ) ) ;
#5015 = VECTOR ( 'NONE', #4346, 1000.000000000000000 ) ;
#5016 = VECTOR ( 'NONE', #5624, 1000.000000000000000 ) ;
#5017 = SURFACE_STYLE_USAGE ( .BOTH. , #460 ) ;
#5018 = FACE_OUTER_BOUND ( 'NONE', #8193, .T. ) ;
#5019 = VERTEX_POINT ( 'NONE', #6588 ) ;
#5020 = CARTESIAN_POINT ( 'NONE',  ( 1.016000000000000014, -11.42999999999999972, 0.000000000000000000 ) ) ;
#5021 = COLOUR_RGB ( '',0.8588235294117646523, 0.7372549019607843590, 0.4941176470588235503 ) ;
#5022 = ORIENTED_EDGE ( 'NONE', *, *, #5069, .T. ) ;
#5023 = SURFACE_STYLE_FILL_AREA ( #4722 ) ;
#5024 = VECTOR ( 'NONE', #1580, 1000.000000000000000 ) ;
#5025 = EDGE_CURVE ( 'NONE', #7452, #2755, #5211, .T. ) ;
#5026 = VECTOR ( 'NONE', #5013, 1000.000000000000114 ) ;
#5027 = DIRECTION ( 'NONE',  ( 0.000000000000000000, 1.000000000000000000, 0.000000000000000000 ) ) ;
#5028 = LINE ( 'NONE', #2516, #7334 ) ;
#5029 = DIRECTION ( 'NONE',  ( 0.000000000000000000, 1.000000000000000000, 0.000000000000000000 ) ) ;
#5030 = VECTOR ( 'NONE', #2411, 1000.000000000000000 ) ;
#5031 = MECHANICAL_DESIGN_GEOMETRIC_PRESENTATION_REPRESENTATION (  '', ( #7773 ), #7351 ) ;
#5032 = EDGE_CURVE ( 'NONE', #4479, #4294, #7185, .T. ) ;
#5033 = MECHANICAL_DESIGN_GEOMETRIC_PRESENTATION_REPRESENTATION (  '', ( #4749 ), #4345 ) ;
#5035 =( GEOMETRIC_REPRESENTATION_CONTEXT ( 3 ) GLOBAL_UNCERTAINTY_ASSIGNED_CONTEXT ( ( #620 ) ) GLOBAL_UNIT_ASSIGNED_CONTEXT ( ( #4516, #6587, #3289 ) ) REPRESENTATION_CONTEXT ( 'NONE', 'WORKASPACE' ) );
#5034 = SURFACE_STYLE_USAGE ( .BOTH. , #4862 ) ;
#5036 = CARTESIAN_POINT ( 'NONE',  ( 0.3200000000000000067, -4.604999999999999538, 0.000000000000000000 ) ) ;
#5037 = ORIENTED_EDGE ( 'NONE', *, *, #5403, .T. ) ;
#5038 =( GEOMETRIC_REPRESENTATION_CONTEXT ( 3 ) GLOBAL_UNCERTAINTY_ASSIGNED_CONTEXT ( ( #7663 ) ) GLOBAL_UNIT_ASSIGNED_CONTEXT ( ( #5255, #1289, #3182 ) ) REPRESENTATION_CONTEXT ( 'NONE', 'WORKASPACE' ) );
#5039 = COLOUR_RGB ( '',0.8588235294117646523, 0.7372549019607843590, 0.4941176470588235503 ) ;
#5040 = FILL_AREA_STYLE_COLOUR ( '', #7709 ) ;
#5041 = SURFACE_SIDE_STYLE ('',( #992 ) ) ;
#5042 = CARTESIAN_POINT ( 'NONE',  ( 1.016000000000000014, -19.05000000000000071, 2.540000000000000036 ) ) ;
#5043 =( NAMED_UNIT ( * ) SI_UNIT ( $, .STERADIAN. ) SOLID_ANGLE_UNIT ( ) );
#5044 = CARTESIAN_POINT ( 'NONE',  ( -0.3200000000000000067, -7.939999999999999503, -3.000000000000000000 ) ) ;
#5045 = VERTEX_POINT ( 'NONE', #3290 ) ;
#5046 = ORIENTED_EDGE ( 'NONE', *, *, #1511, .F. ) ;
#5047 = CARTESIAN_POINT ( 'NONE',  ( -1.016000000000000014, 1.270000000000000018, 0.000000000000000000 ) ) ;
#5048 = ADVANCED_FACE ( 'NONE', ( #605 ), #2651, .F. ) ;
#5049 = LINE ( 'NONE', #1131, #7055 ) ;
#5050 = DIRECTION ( 'NONE',  ( 0.7071067811865475727, 1.735167508356890344E-18, -0.7071067811865475727 ) ) ;
#5051 =( LENGTH_UNIT ( ) NAMED_UNIT ( * ) SI_UNIT ( .MILLI., .METRE. ) );
#5052 =( NAMED_UNIT ( * ) PLANE_ANGLE_UNIT ( ) SI_UNIT ( $, .RADIAN. ) );
#5053 = PRESENTATION_LAYER_ASSIGNMENT (  '', '', ( #3837 ) ) ;
#5054 = EDGE_CURVE ( 'NONE', #6101, #3631, #3328, .T. ) ;
#5055 = LINE ( 'NONE', #7675, #439 ) ;
#5056 = SURFACE_STYLE_USAGE ( .BOTH. , #1830 ) ;
#5057 = ORIENTED_EDGE ( 'NONE', *, *, #3649, .T. ) ;
#5058 = CARTESIAN_POINT ( 'NONE',  ( 0.3200000000000000067, -2.860000000000000320, 8.380000000000000782 ) ) ;
#5059 =( NAMED_UNIT ( * ) PLANE_ANGLE_UNIT ( ) SI_UNIT ( $, .RADIAN. ) );
#5060 = DIRECTION ( 'NONE',  ( 0.000000000000000000, 1.000000000000000000, 0.000000000000000000 ) ) ;
#5061 = STYLED_ITEM ( 'NONE', ( #2483 ), #8230 ) ;
#5062 = CARTESIAN_POINT ( 'NONE',  ( -0.3200000000000000067, -7.779999999999999361, 8.540000000000000924 ) ) ;
#5063 = CARTESIAN_POINT ( 'NONE',  ( -0.3200000000000000067, -10.95500000000000007, 2.540000000000000036 ) ) ;
#5064 = VERTEX_POINT ( 'NONE', #3924 ) ;
#5065 = CARTESIAN_POINT ( 'NONE',  ( -0.3200000000000000067, -7.939999999999999503, -3.000000000000000000 ) ) ;
#5066 = ORIENTED_EDGE ( 'NONE', *, *, #7714, .T. ) ;
#5067 = DIRECTION ( 'NONE',  ( -1.000000000000000000, 0.000000000000000000, 0.000000000000000000 ) ) ;
#5068 = FILL_AREA_STYLE ('',( #7768 ) ) ;
#5069 = EDGE_CURVE ( 'NONE', #3041, #3734, #5161, .T. ) ;
#5070 = VECTOR ( 'NONE', #6935, 1000.000000000000114 ) ;
#5071 =( NAMED_UNIT ( * ) SI_UNIT ( $, .STERADIAN. ) SOLID_ANGLE_UNIT ( ) );
#5072 = SURFACE_SIDE_STYLE ('',( #1766 ) ) ;
#5073 = UNCERTAINTY_MEASURE_WITH_UNIT (LENGTH_MEASURE( 1.000000000000000082E-05 ), #6304, 'distance_accuracy_value', 'NONE');
#5074 = SURFACE_SIDE_STYLE ('',( #1973 ) ) ;
#5075 =( LENGTH_UNIT ( ) NAMED_UNIT ( * ) SI_UNIT ( .MILLI., .METRE. ) );
#5076 = ORIENTED_EDGE ( 'NONE', *, *, #15, .T. ) ;
#5077 = CARTESIAN_POINT ( 'NONE',  ( -0.1600000000000000033, -15.08000000000000007, 8.540000000000000924 ) ) ;
#5078 = EDGE_CURVE ( 'NONE', #3188, #1284, #6541, .T. ) ;
#5079 = FACE_OUTER_BOUND ( 'NONE', #1879, .T. ) ;
#5080 = VECTOR ( 'NONE', #8075, 1000.000000000000000 ) ;
#5081 = LINE ( 'NONE', #1121, #5839 ) ;
#5082 = MECHANICAL_DESIGN_GEOMETRIC_PRESENTATION_REPRESENTATION (  '', ( #6461 ), #5349 ) ;
#5083 = UNCERTAINTY_MEASURE_WITH_UNIT (LENGTH_MEASURE( 1.000000000000000082E-05 ), #7545, 'distance_accuracy_value', 'NONE');
#5084 =( LENGTH_UNIT ( ) NAMED_UNIT ( * ) SI_UNIT ( .MILLI., .METRE. ) );
#5085 = ORIENTED_EDGE ( 'NONE', *, *, #4199, .T. ) ;
#5086 = ORIENTED_EDGE ( 'NONE', *, *, #2099, .T. ) ;
#5087 = FACE_OUTER_BOUND ( 'NONE', #1732, .T. ) ;
#5088 = STYLED_ITEM ( 'NONE', ( #3746 ), #2909 ) ;
#5089 = CARTESIAN_POINT ( 'NONE',  ( -0.3200000000000000067, 0.3200000000000000067, 0.000000000000000000 ) ) ;
#5090 = FILL_AREA_STYLE ('',( #7792 ) ) ;
#5091 = CARTESIAN_POINT ( 'NONE',  ( 1.016000000000000014, -3.810000000000000053, 0.000000000000000000 ) ) ;
#5092 = EDGE_CURVE ( 'NONE', #5352, #6320, #4686, .T. ) ;
#5093 = VECTOR ( 'NONE', #7118, 1000.000000000000114 ) ;
#5094 = VECTOR ( 'NONE', #7054, 1000.000000000000000 ) ;
#5095 = FILL_AREA_STYLE ('',( #1045 ) ) ;
#5096 =( NAMED_UNIT ( * ) SI_UNIT ( $, .STERADIAN. ) SOLID_ANGLE_UNIT ( ) );
#5097 = COLOUR_RGB ( '',0.1450980392156862586, 0.1411764705882352922, 0.1411764705882352922 ) ;
#5098 = ORIENTED_EDGE ( 'NONE', *, *, #678, .T. ) ;
#5099 = CARTESIAN_POINT ( 'NONE',  ( 1.270000000000000018, -6.603999999999999204, 0.000000000000000000 ) ) ;
#5100 = CARTESIAN_POINT ( 'NONE',  ( 0.3200000000000000067, -17.46000000000000085, -3.000000000000000000 ) ) ;
#5101 = PLANE ( 'NONE',  #4206 ) ;
#5102 = DIRECTION ( 'NONE',  ( 0.7071067811865474617, -0.7071067811865474617, 0.000000000000000000 ) ) ;
#5103 = FACE_OUTER_BOUND ( 'NONE', #7261, .T. ) ;
#5104 = EDGE_LOOP ( 'NONE', ( #4755, #7509, #4768, #7343 ) ) ;
#5105 = FILL_AREA_STYLE_COLOUR ( '', #4883 ) ;
#5106 = ORIENTED_EDGE ( 'NONE', *, *, #8443, .F. ) ;
#5107 = DIRECTION ( 'NONE',  ( -1.000000000000000000, 0.000000000000000000, 2.453897423307444850E-18 ) ) ;
#5108 = SURFACE_STYLE_FILL_AREA ( #2514 ) ;
#5109 =( NAMED_UNIT ( * ) SI_UNIT ( $, .STERADIAN. ) SOLID_ANGLE_UNIT ( ) );
#5110 =( NAMED_UNIT ( * ) PLANE_ANGLE_UNIT ( ) SI_UNIT ( $, .RADIAN. ) );
#5111 = EDGE_CURVE ( 'NONE', #3131, #3453, #5248, .T. ) ;
#5112 = EDGE_CURVE ( 'NONE', #7522, #3188, #7224, .T. ) ;
#5113 = VECTOR ( 'NONE', #330, 1000.000000000000000 ) ;
#5114 = VERTEX_POINT ( 'NONE', #7783 ) ;
#5115 = DIRECTION ( 'NONE',  ( 0.000000000000000000, 0.000000000000000000, -1.000000000000000000 ) ) ;
#5116 = PRESENTATION_STYLE_ASSIGNMENT (( #2524 ) ) ;
#5117 = SURFACE_STYLE_FILL_AREA ( #2525 ) ;
#5118 = PRESENTATION_LAYER_ASSIGNMENT (  '', '', ( #5674 ) ) ;
#5119 = ADVANCED_FACE ( 'NONE', ( #8444 ), #3966, .T. ) ;
#5120 = DIRECTION ( 'NONE',  ( 1.000000000000000000, 0.000000000000000000, 0.000000000000000000 ) ) ;
#5121 = DIRECTION ( 'NONE',  ( 0.000000000000000000, 1.000000000000000000, 0.000000000000000000 ) ) ;
#5122 = SURFACE_STYLE_USAGE ( .BOTH. , #3173 ) ;
#5123 = ORIENTED_EDGE ( 'NONE', *, *, #404, .F. ) ;
#5124 = EDGE_LOOP ( 'NONE', ( #6187, #5449, #7062, #4500 ) ) ;
#5125 = CARTESIAN_POINT ( 'NONE',  ( -1.016000000000000014, -16.51000000000000156, 0.000000000000000000 ) ) ;
#5126 = PRESENTATION_STYLE_ASSIGNMENT (( #535 ) ) ;
#5127 = PRESENTATION_STYLE_ASSIGNMENT (( #2623 ) ) ;
#5128 = FACE_OUTER_BOUND ( 'NONE', #5373, .T. ) ;
#5129 = LINE ( 'NONE', #2705, #1950 ) ;
#5130 = DIRECTION ( 'NONE',  ( 1.000000000000000000, 0.000000000000000000, 0.000000000000000000 ) ) ;
#5131 = ORIENTED_EDGE ( 'NONE', *, *, #8504, .F. ) ;
#5132 = SURFACE_STYLE_FILL_AREA ( #7844 ) ;
#5133 = VECTOR ( 'NONE', #6161, 1000.000000000000000 ) ;
#5134 = LINE ( 'NONE', #7199, #6267 ) ;
#5135 = CARTESIAN_POINT ( 'NONE',  ( -1.016000000000000014, -13.97000000000000064, 0.000000000000000000 ) ) ;
#5136 =( NAMED_UNIT ( * ) SI_UNIT ( $, .STERADIAN. ) SOLID_ANGLE_UNIT ( ) );
#5137 =( GEOMETRIC_REPRESENTATION_CONTEXT ( 3 ) GLOBAL_UNCERTAINTY_ASSIGNED_CONTEXT ( ( #3967 ) ) GLOBAL_UNIT_ASSIGNED_CONTEXT ( ( #8310, #1763, #1102 ) ) REPRESENTATION_CONTEXT ( 'NONE', 'WORKASPACE' ) );
#5138 = EDGE_LOOP ( 'NONE', ( #3110, #2894, #4523, #2854 ) ) ;
#5139 = FILL_AREA_STYLE_COLOUR ( '', #8464 ) ;
#5140 = ORIENTED_EDGE ( 'NONE', *, *, #167, .T. ) ;
#5141 = VECTOR ( 'NONE', #3488, 1000.000000000000000 ) ;
#5142 = DIRECTION ( 'NONE',  ( -0.7071067811865474617, -0.7071067811865474617, 0.000000000000000000 ) ) ;
#5143 = ADVANCED_FACE ( 'NONE', ( #8143 ), #6145, .F. ) ;
#5144 = DIRECTION ( 'NONE',  ( 1.735167508356888803E-18, -0.7071067811865475727, -0.7071067811865475727 ) ) ;
#5145 = CARTESIAN_POINT ( 'NONE',  ( 0.3200000000000000067, -18.10000000000000142, 2.540000000000000036 ) ) ;
#5146 = STYLED_ITEM ( 'NONE', ( #5880 ), #6105 ) ;
#5147 = SURFACE_STYLE_FILL_AREA ( #1846 ) ;
#5148 = AXIS2_PLACEMENT_3D ( 'NONE', #6782, #7373, #3401 ) ;
#5149 = PRESENTATION_STYLE_ASSIGNMENT (( #5202 ) ) ;
#5150 = VECTOR ( 'NONE', #3766, 1000.000000000000000 ) ;
#5151 = ADVANCED_FACE ( 'NONE', ( #4174 ), #2816, .F. ) ;
#5152 = UNCERTAINTY_MEASURE_WITH_UNIT (LENGTH_MEASURE( 1.000000000000000082E-05 ), #4574, 'distance_accuracy_value', 'NONE');
#5153 = EDGE_CURVE ( 'NONE', #410, #6081, #1591, .T. ) ;
#5154 =( GEOMETRIC_REPRESENTATION_CONTEXT ( 3 ) GLOBAL_UNCERTAINTY_ASSIGNED_CONTEXT ( ( #262 ) ) GLOBAL_UNIT_ASSIGNED_CONTEXT ( ( #7050, #635, #1100 ) ) REPRESENTATION_CONTEXT ( 'NONE', 'WORKASPACE' ) );
#5155 = EDGE_LOOP ( 'NONE', ( #4270, #4544, #1707, #610 ) ) ;
#5156 = CARTESIAN_POINT ( 'NONE',  ( 1.016000000000000014, -13.97000000000000064, 2.540000000000000036 ) ) ;
#5157 = LINE ( 'NONE', #2566, #3326 ) ;
#5158 =( GEOMETRIC_REPRESENTATION_CONTEXT ( 3 ) GLOBAL_UNCERTAINTY_ASSIGNED_CONTEXT ( ( #2441 ) ) GLOBAL_UNIT_ASSIGNED_CONTEXT ( ( #3983, #3190, #5265 ) ) REPRESENTATION_CONTEXT ( 'NONE', 'WORKASPACE' ) );
#5159 = ADVANCED_FACE ( 'NONE', ( #7387 ), #6370, .F. ) ;
#5160 = PRESENTATION_STYLE_ASSIGNMENT (( #2568 ) ) ;
#5161 = LINE ( 'NONE', #2610, #2723 ) ;
#5162 = VECTOR ( 'NONE', #567, 1000.000000000000000 ) ;
#5163 = UNCERTAINTY_MEASURE_WITH_UNIT (LENGTH_MEASURE( 1.000000000000000082E-05 ), #629, 'distance_accuracy_value', 'NONE');
#5164 = PRESENTATION_LAYER_ASSIGNMENT (  '', '', ( #365 ) ) ;
#5165 = FACE_OUTER_BOUND ( 'NONE', #934, .T. ) ;
#5166 =( NAMED_UNIT ( * ) SI_UNIT ( $, .STERADIAN. ) SOLID_ANGLE_UNIT ( ) );
#5167 = AXIS2_PLACEMENT_3D ( 'NONE', #1510, #2209, #8199 ) ;
#5168 = VERTEX_POINT ( 'NONE', #2425 ) ;
#5169 = ORIENTED_EDGE ( 'NONE', *, *, #3657, .T. ) ;
#5170 = PRESENTATION_STYLE_ASSIGNMENT (( #7829 ) ) ;
#5171 = FILL_AREA_STYLE ('',( #5295 ) ) ;
#5172 = SURFACE_STYLE_USAGE ( .BOTH. , #5821 ) ;
#5173 = SURFACE_SIDE_STYLE ('',( #7871 ) ) ;
#5174 = STYLED_ITEM ( 'NONE', ( #5127 ), #3412 ) ;
#5175 = VECTOR ( 'NONE', #341, 1000.000000000000000 ) ;
#5176 = PRESENTATION_LAYER_ASSIGNMENT (  '', '', ( #8218 ) ) ;
#5177 = CARTESIAN_POINT ( 'NONE',  ( 1.270000000000000018, -18.79599999999999937, 0.000000000000000000 ) ) ;
#5178 = PRESENTATION_STYLE_ASSIGNMENT (( #1989 ) ) ;
#5179 = UNCERTAINTY_MEASURE_WITH_UNIT (LENGTH_MEASURE( 1.000000000000000082E-05 ), #3676, 'distance_accuracy_value', 'NONE');
#5180 =( NAMED_UNIT ( * ) SI_UNIT ( $, .STERADIAN. ) SOLID_ANGLE_UNIT ( ) );
#5181 = VECTOR ( 'NONE', #6851, 1000.000000000000000 ) ;
#5182 = PRESENTATION_STYLE_ASSIGNMENT (( #7839 ) ) ;
#5183 = FILL_AREA_STYLE_COLOUR ( '', #2858 ) ;
#5184 = STYLED_ITEM ( 'NONE', ( #5347 ), #4693 ) ;
#5185 = EDGE_LOOP ( 'NONE', ( #1892, #7551, #4227, #6148 ) ) ;
#5186 = SURFACE_SIDE_STYLE ('',( #1142 ) ) ;
#5187 = EDGE_CURVE ( 'NONE', #3815, #8070, #6235, .T. ) ;
#5188 = CARTESIAN_POINT ( 'NONE',  ( 0.3200000000000000067, -12.38000000000000078, 0.000000000000000000 ) ) ;
#5189 = CARTESIAN_POINT ( 'NONE',  ( -1.270000000000000018, -6.603999999999999204, 0.000000000000000000 ) ) ;
#5190 = FACE_OUTER_BOUND ( 'NONE', #3027, .T. ) ;
#5191 = LINE ( 'NONE', #4623, #6665 ) ;
#5192 = EDGE_LOOP ( 'NONE', ( #4787, #2485, #7099, #5787 ) ) ;
#5193 = VERTEX_POINT ( 'NONE', #7654 ) ;
#5194 = PRESENTATION_LAYER_ASSIGNMENT (  '', '', ( #2026 ) ) ;
#5195 = DIRECTION ( 'NONE',  ( 0.000000000000000000, 0.000000000000000000, 1.000000000000000000 ) ) ;
#5196 =( NAMED_UNIT ( * ) SI_UNIT ( $, .STERADIAN. ) SOLID_ANGLE_UNIT ( ) );
#5197 = SURFACE_SIDE_STYLE ('',( #6408 ) ) ;
#5198 =( LENGTH_UNIT ( ) NAMED_UNIT ( * ) SI_UNIT ( .MILLI., .METRE. ) );
#5199 = DIRECTION ( 'NONE',  ( 1.000000000000000000, 0.000000000000000000, 0.000000000000000000 ) ) ;
#5200 = VECTOR ( 'NONE', #7748, 1000.000000000000000 ) ;
#5201 = EDGE_CURVE ( 'NONE', #3332, #7309, #7700, .T. ) ;
#5202 = SURFACE_STYLE_USAGE ( .BOTH. , #3919 ) ;
#5203 = EDGE_CURVE ( 'NONE', #1482, #4271, #8235, .T. ) ;
#5204 = CARTESIAN_POINT ( 'NONE',  ( -0.3200000000000000067, -10.31999999999999851, -3.000000000000000000 ) ) ;
#5205 = FILL_AREA_STYLE ('',( #3881 ) ) ;
#5206 = ORIENTED_EDGE ( 'NONE', *, *, #73, .F. ) ;
#5207 = PRESENTATION_LAYER_ASSIGNMENT (  '', '', ( #6441 ) ) ;
#5208 = VECTOR ( 'NONE', #3682, 1000.000000000000114 ) ;
#5209 = CARTESIAN_POINT ( 'NONE',  ( 1.270000000000000018, -1.016000000000000014, 2.540000000000000036 ) ) ;
#5210 =( NAMED_UNIT ( * ) PLANE_ANGLE_UNIT ( ) SI_UNIT ( $, .RADIAN. ) );
#5211 = LINE ( 'NONE', #4561, #1606 ) ;
#5212 = VECTOR ( 'NONE', #3199, 1000.000000000000000 ) ;
#5213 = FILL_AREA_STYLE ('',( #5970 ) ) ;
#5214 = VERTEX_POINT ( 'NONE', #1770 ) ;
#5215 = EDGE_LOOP ( 'NONE', ( #3484, #7786, #358, #5733 ) ) ;
#5216 = DIRECTION ( 'NONE',  ( -0.7071067811865475727, -1.735167508356888803E-18, -0.7071067811865475727 ) ) ;
#5217 = DIRECTION ( 'NONE',  ( -1.000000000000000000, 0.000000000000000000, 0.000000000000000000 ) ) ;
#5218 = VECTOR ( 'NONE', #3906, 1000.000000000000000 ) ;
#5219 =( LENGTH_UNIT ( ) NAMED_UNIT ( * ) SI_UNIT ( .MILLI., .METRE. ) );
#5220 = STYLED_ITEM ( 'NONE', ( #1141 ), #2762 ) ;
#5221 = PLANE ( 'NONE',  #1309 ) ;
#5222 =( NAMED_UNIT ( * ) SI_UNIT ( $, .STERADIAN. ) SOLID_ANGLE_UNIT ( ) );
#5223 = VECTOR ( 'NONE', #2217, 1000.000000000000000 ) ;
#5224 = DIRECTION ( 'NONE',  ( 0.000000000000000000, 0.000000000000000000, 1.000000000000000000 ) ) ;
#5225 = ADVANCED_FACE ( 'NONE', ( #4254 ), #7558, .F. ) ;
#5226 = CARTESIAN_POINT ( 'NONE',  ( 1.270000000000000018, -6.096000000000000085, 0.000000000000000000 ) ) ;
#5227 = SURFACE_STYLE_USAGE ( .BOTH. , #8 ) ;
#5228 = VERTEX_POINT ( 'NONE', #2994 ) ;
#5229 = DIRECTION ( 'NONE',  ( 1.000000000000000000, 0.000000000000000000, 0.000000000000000000 ) ) ;
#5230 = EDGE_CURVE ( 'NONE', #7977, #8309, #4985, .T. ) ;
#5231 = VECTOR ( 'NONE', #8483, 1000.000000000000000 ) ;
#5232 =( NAMED_UNIT ( * ) PLANE_ANGLE_UNIT ( ) SI_UNIT ( $, .RADIAN. ) );
#5233 = VERTEX_POINT ( 'NONE', #5593 ) ;
#5234 = ORIENTED_EDGE ( 'NONE', *, *, #7227, .T. ) ;
#5235 = SURFACE_SIDE_STYLE ('',( #2640 ) ) ;
#5236 = LINE ( 'NONE', #3315, #5212 ) ;
#5237 = AXIS2_PLACEMENT_3D ( 'NONE', #7866, #7747, #3254 ) ;
#5238 = LINE ( 'NONE', #7771, #1291 ) ;
#5239 = CARTESIAN_POINT ( 'NONE',  ( 0.3200000000000000067, -2.860000000000000320, -3.000000000000000000 ) ) ;
#5240 = COLOUR_RGB ( '',0.8588235294117646523, 0.7372549019607843590, 0.4941176470588235503 ) ;
#5241 =( GEOMETRIC_REPRESENTATION_CONTEXT ( 3 ) GLOBAL_UNCERTAINTY_ASSIGNED_CONTEXT ( ( #5763 ) ) GLOBAL_UNIT_ASSIGNED_CONTEXT ( ( #1239, #1928, #5350 ) ) REPRESENTATION_CONTEXT ( 'NONE', 'WORKASPACE' ) );
#5242 = EDGE_LOOP ( 'NONE', ( #3313, #1579, #4624, #232 ) ) ;
#5243 = PRESENTATION_STYLE_ASSIGNMENT (( #1316 ) ) ;
#5244 = PLANE ( 'NONE',  #1519 ) ;
#5245 = LINE ( 'NONE', #6460, #6124 ) ;
#5246 = VECTOR ( 'NONE', #2318, 1000.000000000000000 ) ;
#5247 = VECTOR ( 'NONE', #5534, 1000.000000000000000 ) ;
#5248 = LINE ( 'NONE', #5327, #6130 ) ;
#5249 = UNCERTAINTY_MEASURE_WITH_UNIT (LENGTH_MEASURE( 1.000000000000000082E-05 ), #944, 'distance_accuracy_value', 'NONE');
#5250 =( NAMED_UNIT ( * ) SI_UNIT ( $, .STERADIAN. ) SOLID_ANGLE_UNIT ( ) );
#5251 = ORIENTED_EDGE ( 'NONE', *, *, #2889, .F. ) ;
#5252 = SURFACE_SIDE_STYLE ('',( #3853 ) ) ;
#5253 = DIRECTION ( 'NONE',  ( 0.000000000000000000, 0.000000000000000000, 1.000000000000000000 ) ) ;
#5254 = FILL_AREA_STYLE_COLOUR ( '', #6282 ) ;
#5255 =( LENGTH_UNIT ( ) NAMED_UNIT ( * ) SI_UNIT ( .MILLI., .METRE. ) );
#5256 = FILL_AREA_STYLE_COLOUR ( '', #8053 ) ;
#5257 = UNCERTAINTY_MEASURE_WITH_UNIT (LENGTH_MEASURE( 1.000000000000000082E-05 ), #1809, 'distance_accuracy_value', 'NONE');
#5258 = PLANE ( 'NONE',  #4426 ) ;
#5259 = EDGE_CURVE ( 'NONE', #207, #7618, #1021, .T. ) ;
#5260 = CARTESIAN_POINT ( 'NONE',  ( -0.3200000000000000067, -18.10000000000000142, 8.380000000000000782 ) ) ;
#5261 = DIRECTION ( 'NONE',  ( 0.000000000000000000, 1.000000000000000000, 0.000000000000000000 ) ) ;
#5262 = ORIENTED_EDGE ( 'NONE', *, *, #5455, .T. ) ;
#5263 =( NAMED_UNIT ( * ) PLANE_ANGLE_UNIT ( ) SI_UNIT ( $, .RADIAN. ) );
#5264 = ADVANCED_FACE ( 'NONE', ( #8479 ), #4466, .F. ) ;
#5265 =( NAMED_UNIT ( * ) SI_UNIT ( $, .STERADIAN. ) SOLID_ANGLE_UNIT ( ) );
#5266 = FILL_AREA_STYLE ('',( #5904 ) ) ;
#5267 = VECTOR ( 'NONE', #612, 1000.000000000000000 ) ;
#5268 = LINE ( 'NONE', #1962, #3678 ) ;
#5269 = ORIENTED_EDGE ( 'NONE', *, *, #396, .T. ) ;
#5270 = ORIENTED_EDGE ( 'NONE', *, *, #7568, .F. ) ;
#5271 = LINE ( 'NONE', #3399, #4045 ) ;
#5272 =( NAMED_UNIT ( * ) PLANE_ANGLE_UNIT ( ) SI_UNIT ( $, .RADIAN. ) );
#5273 = ADVANCED_FACE ( 'NONE', ( #2604 ), #5391, .T. ) ;
#5274 = DIRECTION ( 'NONE',  ( 1.000000000000000000, 0.000000000000000000, 0.000000000000000000 ) ) ;
#5275 = STYLED_ITEM ( 'NONE', ( #1966 ), #2593 ) ;
#5276 = CARTESIAN_POINT ( 'NONE',  ( -0.1600000000000000033, -5.400000000000000355, -3.000000000000000000 ) ) ;
#5277 = LINE ( 'NONE', #1308, #1439 ) ;
#5278 = SURFACE_SIDE_STYLE ('',( #8082 ) ) ;
#5279 =( NAMED_UNIT ( * ) SI_UNIT ( $, .STERADIAN. ) SOLID_ANGLE_UNIT ( ) );
#5280 = CARTESIAN_POINT ( 'NONE',  ( 37.56596132438427560, -1.270000000000008900, 3.000000000000000444 ) ) ;
#5281 = ORIENTED_EDGE ( 'NONE', *, *, #3945, .T. ) ;
#5282 = ADVANCED_FACE ( 'NONE', ( #2120 ), #4553, .T. ) ;
#5283 = SURFACE_STYLE_FILL_AREA ( #7218 ) ;
#5284 = LINE ( 'NONE', #6705, #4170 ) ;
#5285 = CARTESIAN_POINT ( 'NONE',  ( -1.270000000000000018, -9.144000000000000128, 0.000000000000000000 ) ) ;
#5286 = EDGE_CURVE ( 'NONE', #4709, #1295, #6775, .T. ) ;
#5287 = PRESENTATION_STYLE_ASSIGNMENT (( #4518 ) ) ;
#5288 = PRESENTATION_LAYER_ASSIGNMENT (  '', '', ( #5842 ) ) ;
#5289 = CARTESIAN_POINT ( 'NONE',  ( -1.270000000000000018, -1.524000000000000021, 2.540000000000000036 ) ) ;
#5290 = VECTOR ( 'NONE', #7423, 1000.000000000000000 ) ;
#5291 = CARTESIAN_POINT ( 'NONE',  ( 0.3200000000000000067, -12.38000000000000078, 2.540000000000000036 ) ) ;
#5292 = ORIENTED_EDGE ( 'NONE', *, *, #4966, .F. ) ;
#5293 =( LENGTH_UNIT ( ) NAMED_UNIT ( * ) SI_UNIT ( .MILLI., .METRE. ) );
#5294 =( GEOMETRIC_REPRESENTATION_CONTEXT ( 3 ) GLOBAL_UNCERTAINTY_ASSIGNED_CONTEXT ( ( #4124 ) ) GLOBAL_UNIT_ASSIGNED_CONTEXT ( ( #6417, #5359, #108 ) ) REPRESENTATION_CONTEXT ( 'NONE', 'WORKASPACE' ) );
#5295 = FILL_AREA_STYLE_COLOUR ( '', #4678 ) ;
#5296 =( NAMED_UNIT ( * ) SI_UNIT ( $, .STERADIAN. ) SOLID_ANGLE_UNIT ( ) );
#5297 =( GEOMETRIC_REPRESENTATION_CONTEXT ( 3 ) GLOBAL_UNCERTAINTY_ASSIGNED_CONTEXT ( ( #430 ) ) GLOBAL_UNIT_ASSIGNED_CONTEXT ( ( #622, #8341, #5096 ) ) REPRESENTATION_CONTEXT ( 'NONE', 'WORKASPACE' ) );
#5298 = DIRECTION ( 'NONE',  ( 1.000000000000000000, 0.000000000000000000, 0.000000000000000000 ) ) ;
#5299 = DIRECTION ( 'NONE',  ( 1.000000000000000000, 0.000000000000000000, 0.000000000000000000 ) ) ;
#5300 = VECTOR ( 'NONE', #7168, 1000.000000000000114 ) ;
#5301 = STYLED_ITEM ( 'NONE', ( #2963 ), #4904 ) ;
#5302 = EDGE_CURVE ( 'NONE', #3248, #977, #6122, .T. ) ;
#5303 = EDGE_CURVE ( 'NONE', #7540, #1620, #4506, .T. ) ;
#5304 = DIRECTION ( 'NONE',  ( -0.5773502691896257311, -0.5773502691896257311, 0.5773502691896257311 ) ) ;
#5305 = VECTOR ( 'NONE', #2649, 1000.000000000000114 ) ;
#5306 = VERTEX_POINT ( 'NONE', #2517 ) ;
#5307 = CARTESIAN_POINT ( 'NONE',  ( -1.270000000000000018, -16.25600000000000023, 2.540000000000000036 ) ) ;
#5308 = COLOUR_RGB ( '',0.8588235294117646523, 0.7372549019607843590, 0.4941176470588235503 ) ;
#5309 = AXIS2_PLACEMENT_3D ( 'NONE', #8313, #471, #3636 ) ;
#5310 = CARTESIAN_POINT ( 'NONE',  ( -1.016000000000000014, -1.270000000000000018, 2.540000000000000036 ) ) ;
#5311 = COLOUR_RGB ( '',0.1450980392156862586, 0.1411764705882352922, 0.1411764705882352922 ) ;
#5312 = CARTESIAN_POINT ( 'NONE',  ( 0.1600000000000000033, -15.40000000000000036, 8.540000000000000924 ) ) ;
#5313 = ORIENTED_EDGE ( 'NONE', *, *, #4715, .T. ) ;
#5314 = EDGE_LOOP ( 'NONE', ( #2253, #6000, #2173, #803 ) ) ;
#5315 = FACE_OUTER_BOUND ( 'NONE', #6839, .T. ) ;
#5316 = DIRECTION ( 'NONE',  ( 0.000000000000000000, -1.000000000000000000, -2.453897423307444850E-18 ) ) ;
#5317 = DIRECTION ( 'NONE',  ( 0.000000000000000000, 1.000000000000000000, 0.000000000000000000 ) ) ;
#5318 = SURFACE_STYLE_USAGE ( .BOTH. , #5955 ) ;
#5319 = VECTOR ( 'NONE', #8030, 1000.000000000000000 ) ;
#5320 = DIRECTION ( 'NONE',  ( 1.000000000000000000, 0.000000000000000000, -2.453897423307444850E-18 ) ) ;
#5321 = FACE_OUTER_BOUND ( 'NONE', #443, .T. ) ;
#5322 = ADVANCED_FACE ( 'NONE', ( #4551 ), #3798, .T. ) ;
#5323 =( NAMED_UNIT ( * ) PLANE_ANGLE_UNIT ( ) SI_UNIT ( $, .RADIAN. ) );
#5324 = EDGE_LOOP ( 'NONE', ( #8226, #586, #7859, #875 ) ) ;
#5325 = CARTESIAN_POINT ( 'NONE',  ( 0.3200000000000000067, -2.860000000000000320, -3.000000000000000000 ) ) ;
#5326 = CARTESIAN_POINT ( 'NONE',  ( -0.3200000000000000067, -9.839999999999999858, -3.000000000000000000 ) ) ;
#5327 = CARTESIAN_POINT ( 'NONE',  ( 1.270000000000000018, -16.25600000000000023, 2.540000000000000036 ) ) ;
#5328 = UNCERTAINTY_MEASURE_WITH_UNIT (LENGTH_MEASURE( 1.000000000000000082E-05 ), #5570, 'distance_accuracy_value', 'NONE');
#5329 = SURFACE_STYLE_FILL_AREA ( #5968 ) ;
#5330 = PRESENTATION_LAYER_ASSIGNMENT (  '', '', ( #4240 ) ) ;
#5331 = STYLED_ITEM ( 'NONE', ( #4823 ), #8329 ) ;
#5332 = DIRECTION ( 'NONE',  ( 0.000000000000000000, 0.000000000000000000, 1.000000000000000000 ) ) ;
#5333 = VERTEX_POINT ( 'NONE', #5878 ) ;
#5334 = EDGE_CURVE ( 'NONE', #2317, #2908, #518, .T. ) ;
#5335 = LINE ( 'NONE', #4730, #2368 ) ;
#5336 = FILL_AREA_STYLE ('',( #4570 ) ) ;
#5337 = DIRECTION ( 'NONE',  ( 0.000000000000000000, 0.000000000000000000, 1.000000000000000000 ) ) ;
#5338 = COLOUR_RGB ( '',0.8588235294117646523, 0.7372549019607843590, 0.4941176470588235503 ) ;
#5339 = CARTESIAN_POINT ( 'NONE',  ( 0.1600000000000000033, -12.54000000000000092, 8.540000000000000924 ) ) ;
#5340 = CARTESIAN_POINT ( 'NONE',  ( -0.3200000000000000067, -18.10000000000000142, -3.000000000000000000 ) ) ;
#5341 =( NAMED_UNIT ( * ) SI_UNIT ( $, .STERADIAN. ) SOLID_ANGLE_UNIT ( ) );
#5342 =( NAMED_UNIT ( * ) PLANE_ANGLE_UNIT ( ) SI_UNIT ( $, .RADIAN. ) );
#5343 = LINE ( 'NONE', #8111, #3078 ) ;
#5344 = CARTESIAN_POINT ( 'NONE',  ( 0.3200000000000000067, -7.939999999999999503, -3.000000000000000000 ) ) ;
#5345 = EDGE_CURVE ( 'NONE', #1595, #4070, #4379, .T. ) ;
#5346 = SURFACE_STYLE_FILL_AREA ( #6729 ) ;
#5347 = PRESENTATION_STYLE_ASSIGNMENT (( #7241 ) ) ;
#5348 = VECTOR ( 'NONE', #2620, 1000.000000000000000 ) ;
#5349 =( GEOMETRIC_REPRESENTATION_CONTEXT ( 3 ) GLOBAL_UNCERTAINTY_ASSIGNED_CONTEXT ( ( #6378 ) ) GLOBAL_UNIT_ASSIGNED_CONTEXT ( ( #332, #6048, #2241 ) ) REPRESENTATION_CONTEXT ( 'NONE', 'WORKASPACE' ) );
#5350 =( NAMED_UNIT ( * ) SI_UNIT ( $, .STERADIAN. ) SOLID_ANGLE_UNIT ( ) );
#5351 = UNCERTAINTY_MEASURE_WITH_UNIT (LENGTH_MEASURE( 1.000000000000000082E-05 ), #4503, 'distance_accuracy_value', 'NONE');
#5352 = VERTEX_POINT ( 'NONE', #3754 ) ;
#5353 = DIRECTION ( 'NONE',  ( -0.7071067811865474617, 0.7071067811865474617, 0.000000000000000000 ) ) ;
#5354 = ORIENTED_EDGE ( 'NONE', *, *, #611, .F. ) ;
#5355 =( NAMED_UNIT ( * ) SI_UNIT ( $, .STERADIAN. ) SOLID_ANGLE_UNIT ( ) );
#5356 = DIRECTION ( 'NONE',  ( 0.000000000000000000, 0.000000000000000000, 1.000000000000000000 ) ) ;
#5357 = FILL_AREA_STYLE ('',( #5998 ) ) ;
#5358 = LINE ( 'NONE', #5276, #6528 ) ;
#5359 =( NAMED_UNIT ( * ) PLANE_ANGLE_UNIT ( ) SI_UNIT ( $, .RADIAN. ) );
#5360 = VECTOR ( 'NONE', #1117, 1000.000000000000000 ) ;
#5361 = SURFACE_STYLE_FILL_AREA ( #673 ) ;
#5362 = VECTOR ( 'NONE', #7869, 1000.000000000000000 ) ;
#5363 = DIRECTION ( 'NONE',  ( 1.000000000000000000, 0.000000000000000000, 0.000000000000000000 ) ) ;
#5364 = ORIENTED_EDGE ( 'NONE', *, *, #6185, .T. ) ;
#5365 = DIRECTION ( 'NONE',  ( 0.000000000000000000, 0.000000000000000000, 1.000000000000000000 ) ) ;
#5366 = STYLED_ITEM ( 'NONE', ( #4980 ), #647 ) ;
#5367 = ORIENTED_EDGE ( 'NONE', *, *, #5457, .F. ) ;
#5368 = STYLED_ITEM ( 'NONE', ( #2734 ), #5956 ) ;
#5369 = CARTESIAN_POINT ( 'NONE',  ( -0.3200000000000000067, -18.10000000000000142, -3.000000000000000000 ) ) ;
#5370 = EDGE_CURVE ( 'NONE', #6846, #4046, #3206, .T. ) ;
#5371 = VECTOR ( 'NONE', #6034, 1000.000000000000000 ) ;
#5372 = MECHANICAL_DESIGN_GEOMETRIC_PRESENTATION_REPRESENTATION (  '', ( #1532 ), #6618 ) ;
#5373 = EDGE_LOOP ( 'NONE', ( #705, #115, #3130, #8167 ) ) ;
#5374 = DIRECTION ( 'NONE',  ( 1.000000000000000000, 0.000000000000000000, -2.453897423307444850E-18 ) ) ;
#5375 = CARTESIAN_POINT ( 'NONE',  ( -0.3200000000000000067, -4.604999999999999538, 0.000000000000000000 ) ) ;
#5376 = COLOUR_RGB ( '',0.8588235294117646523, 0.7372549019607843590, 0.4941176470588235503 ) ;
#5377 = EDGE_CURVE ( 'NONE', #5571, #3131, #8476, .T. ) ;
#5379 = DIRECTION ( 'NONE',  ( -0.5773502691896257311, 0.5773502691896257311, -0.5773502691896257311 ) ) ;
#5378 = PRESENTATION_LAYER_ASSIGNMENT (  '', '', ( #8152 ) ) ;
#5380 = LINE ( 'NONE', #5977, #494 ) ;
#5381 =( LENGTH_UNIT ( ) NAMED_UNIT ( * ) SI_UNIT ( .MILLI., .METRE. ) );
#5382 = CARTESIAN_POINT ( 'NONE',  ( -0.2400000000000000189, -18.10000000000000142, 8.460000000000000853 ) ) ;
#5383 = DIRECTION ( 'NONE',  ( 0.000000000000000000, -1.000000000000000000, 0.000000000000000000 ) ) ;
#5384 = STYLED_ITEM ( 'NONE', ( #442 ), #5791 ) ;
#5385 = EDGE_LOOP ( 'NONE', ( #6402, #335, #4055, #5046 ) ) ;
#5386 = DIRECTION ( 'NONE',  ( 0.000000000000000000, 0.000000000000000000, 1.000000000000000000 ) ) ;
#5387 = DIRECTION ( 'NONE',  ( 1.000000000000000000, 0.000000000000000000, 0.000000000000000000 ) ) ;
#5388 = CARTESIAN_POINT ( 'NONE',  ( 1.016000000000000014, -16.51000000000000156, 0.000000000000000000 ) ) ;
#5389 = FILL_AREA_STYLE_COLOUR ( '', #5725 ) ;
#5390 =( NAMED_UNIT ( * ) PLANE_ANGLE_UNIT ( ) SI_UNIT ( $, .RADIAN. ) );
#5391 = PLANE ( 'NONE',  #5919 ) ;
#5392 = ORIENTED_EDGE ( 'NONE', *, *, #1311, .T. ) ;
#5393 = SURFACE_SIDE_STYLE ('',( #2754 ) ) ;
#5394 = EDGE_LOOP ( 'NONE', ( #5086, #3152, #4107, #4349 ) ) ;
#5395 = ORIENTED_EDGE ( 'NONE', *, *, #5370, .F. ) ;
#5396 = DIRECTION ( 'NONE',  ( -0.7071067811865474617, -0.7071067811865474617, 0.000000000000000000 ) ) ;
#5397 = SURFACE_STYLE_FILL_AREA ( #5357 ) ;
#5398 = SURFACE_SIDE_STYLE ('',( #7983 ) ) ;
#5399 = CARTESIAN_POINT ( 'NONE',  ( -1.270000000000000018, -11.68399999999999928, 0.000000000000000000 ) ) ;
#5400 = VERTEX_POINT ( 'NONE', #7104 ) ;
#5401 = PRESENTATION_STYLE_ASSIGNMENT (( #6651 ) ) ;
#5402 = ORIENTED_EDGE ( 'NONE', *, *, #588, .T. ) ;
#5403 = EDGE_CURVE ( 'NONE', #6081, #877, #7699, .T. ) ;
#5404 = ORIENTED_EDGE ( 'NONE', *, *, #69, .F. ) ;
#5405 = SURFACE_STYLE_USAGE ( .BOTH. , #7332 ) ;
#5406 = COLOUR_RGB ( '',0.8588235294117646523, 0.7372549019607843590, 0.4941176470588235503 ) ;
#5407 = PRESENTATION_STYLE_ASSIGNMENT (( #2732 ) ) ;
#5408 = FILL_AREA_STYLE_COLOUR ( '', #5039 ) ;
#5409 = EDGE_CURVE ( 'NONE', #733, #7403, #7816, .T. ) ;
#5410 = UNCERTAINTY_MEASURE_WITH_UNIT (LENGTH_MEASURE( 1.000000000000000082E-05 ), #7672, 'distance_accuracy_value', 'NONE');
#5411 = CARTESIAN_POINT ( 'NONE',  ( 1.270000000000000018, -1.016000000000000014, 0.000000000000000000 ) ) ;
#5412 = ORIENTED_EDGE ( 'NONE', *, *, #193, .F. ) ;
#5413 = COLOUR_RGB ( '',0.8588235294117646523, 0.7372549019607843590, 0.4941176470588235503 ) ;
#5414 = ADVANCED_FACE ( 'NONE', ( #1155 ), #4292, .F. ) ;
#5415 =( NAMED_UNIT ( * ) SI_UNIT ( $, .STERADIAN. ) SOLID_ANGLE_UNIT ( ) );
#5416 = CARTESIAN_POINT ( 'NONE',  ( -0.3200000000000000067, -7.299999999999999822, 8.380000000000000782 ) ) ;
#5417 = SURFACE_STYLE_FILL_AREA ( #1599 ) ;
#5418 =( LENGTH_UNIT ( ) NAMED_UNIT ( * ) SI_UNIT ( .MILLI., .METRE. ) );
#5419 =( LENGTH_UNIT ( ) NAMED_UNIT ( * ) SI_UNIT ( .MILLI., .METRE. ) );
#5420 = VECTOR ( 'NONE', #8518, 1000.000000000000000 ) ;
#5421 = SURFACE_STYLE_USAGE ( .BOTH. , #6155 ) ;
#5422 = PLANE ( 'NONE',  #3426 ) ;
#5423 = ORIENTED_EDGE ( 'NONE', *, *, #968, .T. ) ;
#5424 = ORIENTED_EDGE ( 'NONE', *, *, #5568, .T. ) ;
#5425 = CARTESIAN_POINT ( 'NONE',  ( 0.3200000000000000067, -18.10000000000000142, -3.000000000000000000 ) ) ;
#5426 = CARTESIAN_POINT ( 'NONE',  ( -1.016000000000000014, 1.270000000000000018, 0.000000000000000000 ) ) ;
#5427 = AXIS2_PLACEMENT_3D ( 'NONE', #102, #742, #7367 ) ;
#5428 = SURFACE_SIDE_STYLE ('',( #2708 ) ) ;
#5429 = VECTOR ( 'NONE', #6878, 1000.000000000000000 ) ;
#5430 = CARTESIAN_POINT ( 'NONE',  ( -0.3200000000000000067, -12.85999999999999943, -3.000000000000000000 ) ) ;
#5431 = VECTOR ( 'NONE', #5229, 1000.000000000000000 ) ;
#5432 = PLANE ( 'NONE',  #3403 ) ;
#5433 = VECTOR ( 'NONE', #322, 1000.000000000000114 ) ;
#5434 = CARTESIAN_POINT ( 'NONE',  ( -0.3200000000000000067, -12.93999999999999950, -2.919999999999999929 ) ) ;
#5436 = PRESENTATION_LAYER_ASSIGNMENT (  '', '', ( #229 ) ) ;
#5435 = UNCERTAINTY_MEASURE_WITH_UNIT (LENGTH_MEASURE( 1.000000000000000082E-05 ), #3434, 'distance_accuracy_value', 'NONE');
#5437 = CARTESIAN_POINT ( 'NONE',  ( -0.2400000000000000189, -10.48000000000000043, 8.460000000000000853 ) ) ;
#5438 = VERTEX_POINT ( 'NONE', #6226 ) ;
#5439 = EDGE_LOOP ( 'NONE', ( #7011, #8123, #4814, #3940 ) ) ;
#5440 = PRESENTATION_LAYER_ASSIGNMENT (  '', '', ( #4756 ) ) ;
#5441 = ORIENTED_EDGE ( 'NONE', *, *, #7701, .F. ) ;
#5442 = EDGE_CURVE ( 'NONE', #6320, #3269, #4163, .T. ) ;
#5443 = CARTESIAN_POINT ( 'NONE',  ( -0.3200000000000000067, -0.3200000000000000067, 8.380000000000000782 ) ) ;
#5444 =( LENGTH_UNIT ( ) NAMED_UNIT ( * ) SI_UNIT ( .MILLI., .METRE. ) );
#5445 = CARTESIAN_POINT ( 'NONE',  ( -1.270000000000000018, -6.603999999999999204, 2.540000000000000036 ) ) ;
#5446 = AXIS2_PLACEMENT_3D ( 'NONE', #6097, #4859, #4043 ) ;
#5447 = CARTESIAN_POINT ( 'NONE',  ( -0.3200000000000000067, -2.380000000000000338, 8.540000000000000924 ) ) ;
#5448 = DIRECTION ( 'NONE',  ( 0.000000000000000000, 1.000000000000000000, 0.000000000000000000 ) ) ;
#5449 = ORIENTED_EDGE ( 'NONE', *, *, #1613, .F. ) ;
#5450 = CONTEXT_DEPENDENT_SHAPE_REPRESENTATION ( #6730, #2190 ) ;
#5451 = VERTEX_POINT ( 'NONE', #2377 ) ;
#5452 = MECHANICAL_DESIGN_GEOMETRIC_PRESENTATION_REPRESENTATION (  '', ( #5867 ), #6560 ) ;
#5453 = FILL_AREA_STYLE ('',( #6095 ) ) ;
#5454 = LINE ( 'NONE', #2145, #5851 ) ;
#5455 = EDGE_CURVE ( 'NONE', #2677, #2637, #1056, .T. ) ;
#5456 =( GEOMETRIC_REPRESENTATION_CONTEXT ( 3 ) GLOBAL_UNCERTAINTY_ASSIGNED_CONTEXT ( ( #7583 ) ) GLOBAL_UNIT_ASSIGNED_CONTEXT ( ( #7741, #1276, #8520 ) ) REPRESENTATION_CONTEXT ( 'NONE', 'WORKASPACE' ) );
#5457 = EDGE_CURVE ( 'NONE', #8387, #4938, #7546, .T. ) ;
#5458 = ORIENTED_EDGE ( 'NONE', *, *, #596, .F. ) ;
#5459 = PLANE ( 'NONE',  #4277 ) ;
#5460 = PLANE ( 'NONE',  #6308 ) ;
#5461 = EDGE_LOOP ( 'NONE', ( #7990, #55, #1481, #1099 ) ) ;
#5462 = DIRECTION ( 'NONE',  ( 1.735167508356890344E-18, 0.7071067811865475727, 0.7071067811865475727 ) ) ;
#5463 = AXIS2_PLACEMENT_3D ( 'NONE', #842, #2852, #5320 ) ;
#5464 = CARTESIAN_POINT ( 'NONE',  ( 0.2400000000000000189, -2.860000000000000320, 8.460000000000000853 ) ) ;
#5465 = SURFACE_STYLE_FILL_AREA ( #2066 ) ;
#5466 =( NAMED_UNIT ( * ) SI_UNIT ( $, .STERADIAN. ) SOLID_ANGLE_UNIT ( ) );
#5467 = CARTESIAN_POINT ( 'NONE',  ( 0.1600000000000000033, -15.55999999999999872, -3.000000000000000000 ) ) ;
#5468 = FILL_AREA_STYLE ('',( #7960 ) ) ;
#5469 = SURFACE_STYLE_FILL_AREA ( #6596 ) ;
#5470 =( GEOMETRIC_REPRESENTATION_CONTEXT ( 3 ) GLOBAL_UNCERTAINTY_ASSIGNED_CONTEXT ( ( #1652 ) ) GLOBAL_UNIT_ASSIGNED_CONTEXT ( ( #1557, #4054, #6859 ) ) REPRESENTATION_CONTEXT ( 'NONE', 'WORKASPACE' ) );
#5471 = FACE_OUTER_BOUND ( 'NONE', #4438, .T. ) ;
#5472 = VERTEX_POINT ( 'NONE', #1702 ) ;
#5473 = ORIENTED_EDGE ( 'NONE', *, *, #8055, .F. ) ;
#5474 = CARTESIAN_POINT ( 'NONE',  ( -0.1600000000000000033, -7.459999999999999964, -3.000000000000000000 ) ) ;
#5475 = MECHANICAL_DESIGN_GEOMETRIC_PRESENTATION_REPRESENTATION (  '', ( #3165 ), #537 ) ;
#5476 = VECTOR ( 'NONE', #7139, 1000.000000000000000 ) ;
#5477 = CARTESIAN_POINT ( 'NONE',  ( -1.016000000000000014, -3.810000000000000053, 0.000000000000000000 ) ) ;
#5478 = CARTESIAN_POINT ( 'NONE',  ( -0.3200000000000000067, -13.01999999999999957, -3.000000000000000000 ) ) ;
#5479 = EDGE_CURVE ( 'NONE', #1687, #3395, #4245, .T. ) ;
#5480 = LINE ( 'NONE', #2277, #5371 ) ;
#5481 = VERTEX_POINT ( 'NONE', #6179 ) ;
#5482 = FACE_OUTER_BOUND ( 'NONE', #3893, .T. ) ;
#5483 = ORIENTED_EDGE ( 'NONE', *, *, #7025, .T. ) ;
#5484 = VERTEX_POINT ( 'NONE', #5582 ) ;
#5485 = PRESENTATION_STYLE_ASSIGNMENT (( #7542 ) ) ;
#5486 = DIRECTION ( 'NONE',  ( 0.000000000000000000, 0.000000000000000000, -1.000000000000000000 ) ) ;
#5487 = EDGE_CURVE ( 'NONE', #4169, #2736, #1667, .T. ) ;
#5488 = CARTESIAN_POINT ( 'NONE',  ( -0.3200000000000000067, -14.91999999999999993, 2.540000000000000036 ) ) ;
#5489 = PRESENTATION_LAYER_ASSIGNMENT (  '', '', ( #2054 ) ) ;
#5490 = FILL_AREA_STYLE_COLOUR ( '', #1296 ) ;
#5491 =( NAMED_UNIT ( * ) SI_UNIT ( $, .STERADIAN. ) SOLID_ANGLE_UNIT ( ) );
#5492 = DIRECTION ( 'NONE',  ( -0.7071067811865475727, -1.735167508356888803E-18, -0.7071067811865475727 ) ) ;
#5493 = SURFACE_STYLE_USAGE ( .BOTH. , #884 ) ;
#5494 = ORIENTED_EDGE ( 'NONE', *, *, #6840, .F. ) ;
#5495 =( NAMED_UNIT ( * ) PLANE_ANGLE_UNIT ( ) SI_UNIT ( $, .RADIAN. ) );
#5496 = EDGE_LOOP ( 'NONE', ( #3629, #6112, #1803, #811 ) ) ;
#5497 = STYLED_ITEM ( 'NONE', ( #5794 ), #2964 ) ;
#5498 = EDGE_LOOP ( 'NONE', ( #2869, #5985, #5367, #2795 ) ) ;
#5499 = PRESENTATION_STYLE_ASSIGNMENT (( #6143 ) ) ;
#5500 = CARTESIAN_POINT ( 'NONE',  ( 1.016000000000000014, -19.05000000000000071, 0.000000000000000000 ) ) ;
#5501 = VECTOR ( 'NONE', #4837, 1000.000000000000000 ) ;
#5502 = UNCERTAINTY_MEASURE_WITH_UNIT (LENGTH_MEASURE( 1.000000000000000082E-05 ), #594, 'distance_accuracy_value', 'NONE');
#5503 = ORIENTED_EDGE ( 'NONE', *, *, #7421, .F. ) ;
#5504 = DIRECTION ( 'NONE',  ( 0.7071067811865475727, 1.735167508356890344E-18, -0.7071067811865475727 ) ) ;
#5505 = ORIENTED_EDGE ( 'NONE', *, *, #6616, .F. ) ;
#5506 = DIRECTION ( 'NONE',  ( 0.000000000000000000, 0.000000000000000000, 1.000000000000000000 ) ) ;
#5507 = DIRECTION ( 'NONE',  ( 0.7071067811865475727, -1.735167508356890344E-18, 0.7071067811865475727 ) ) ;
#5508 = CARTESIAN_POINT ( 'NONE',  ( -0.3200000000000000067, -7.379999999999999893, 8.460000000000000853 ) ) ;
#5509 = DIRECTION ( 'NONE',  ( 1.000000000000000000, 0.000000000000000000, 0.000000000000000000 ) ) ;
#5510 = LINE ( 'NONE', #6106, #3346 ) ;
#5511 = PRESENTATION_STYLE_ASSIGNMENT (( #3513 ) ) ;
#5512 = ORIENTED_EDGE ( 'NONE', *, *, #343, .F. ) ;
#5513 = ORIENTED_EDGE ( 'NONE', *, *, #508, .F. ) ;
#5514 = STYLED_ITEM ( 'NONE', ( #3016 ), #1976 ) ;
#5515 = DIRECTION ( 'NONE',  ( 0.5773502691896257311, 0.5773502691896257311, -0.5773502691896257311 ) ) ;
#5516 =( GEOMETRIC_REPRESENTATION_CONTEXT ( 3 ) GLOBAL_UNCERTAINTY_ASSIGNED_CONTEXT ( ( #2605 ) ) GLOBAL_UNIT_ASSIGNED_CONTEXT ( ( #1635, #6979, #5762 ) ) REPRESENTATION_CONTEXT ( 'NONE', 'WORKASPACE' ) );
#5517 = FACE_OUTER_BOUND ( 'NONE', #5385, .T. ) ;
#5518 = DIRECTION ( 'NONE',  ( 0.7071067811865475727, -0.7071067811865475727, 0.000000000000000000 ) ) ;
#5519 = PRESENTATION_STYLE_ASSIGNMENT (( #139 ) ) ;
#5520 = PRESENTATION_STYLE_ASSIGNMENT (( #2936 ) ) ;
#5521 = EDGE_CURVE ( 'NONE', #4082, #8309, #4333, .T. ) ;
#5522 = VECTOR ( 'NONE', #929, 1000.000000000000000 ) ;
#5523 = UNCERTAINTY_MEASURE_WITH_UNIT (LENGTH_MEASURE( 1.000000000000000082E-05 ), #7547, 'distance_accuracy_value', 'NONE');
#5524 = FACE_OUTER_BOUND ( 'NONE', #4416, .T. ) ;
#5525 = ORIENTED_EDGE ( 'NONE', *, *, #7090, .F. ) ;
#5526 = EDGE_LOOP ( 'NONE', ( #2968, #5527, #2339, #6652 ) ) ;
#5527 = ORIENTED_EDGE ( 'NONE', *, *, #2394, .T. ) ;
#5528 = DIRECTION ( 'NONE',  ( 1.000000000000000000, 0.000000000000000000, 0.000000000000000000 ) ) ;
#5529 = SURFACE_STYLE_FILL_AREA ( #8301 ) ;
#5530 = EDGE_CURVE ( 'NONE', #1537, #4958, #1625, .T. ) ;
#5531 = VECTOR ( 'NONE', #84, 1000.000000000000114 ) ;
#5532 = DIRECTION ( 'NONE',  ( 0.000000000000000000, 0.000000000000000000, 1.000000000000000000 ) ) ;
#5533 = DIRECTION ( 'NONE',  ( 1.000000000000000000, 0.000000000000000000, 0.000000000000000000 ) ) ;
#5534 = DIRECTION ( 'NONE',  ( 1.000000000000000000, 0.000000000000000000, 0.000000000000000000 ) ) ;
#5535 = ORIENTED_EDGE ( 'NONE', *, *, #8397, .T. ) ;
#5536 = LINE ( 'NONE', #8263, #6259 ) ;
#5537 = ORIENTED_EDGE ( 'NONE', *, *, #7714, .F. ) ;
#5538 = ORIENTED_EDGE ( 'NONE', *, *, #4109, .F. ) ;
#5539 = DIRECTION ( 'NONE',  ( 0.5773502691896257311, -0.5773502691896257311, 0.5773502691896257311 ) ) ;
#5540 =( NAMED_UNIT ( * ) PLANE_ANGLE_UNIT ( ) SI_UNIT ( $, .RADIAN. ) );
#5541 = CARTESIAN_POINT ( 'NONE',  ( -0.3200000000000000067, -0.3200000000000000067, -3.000000000000000000 ) ) ;
#5542 = DIRECTION ( 'NONE',  ( 1.000000000000000000, 0.000000000000000000, 0.000000000000000000 ) ) ;
#5543 = EDGE_CURVE ( 'NONE', #22, #8007, #251, .T. ) ;
#5544 = ORIENTED_EDGE ( 'NONE', *, *, #1820, .F. ) ;
#5545 = CARTESIAN_POINT ( 'NONE',  ( -0.3200000000000000067, -10.00000000000000000, -3.000000000000000000 ) ) ;
#5546 =( NAMED_UNIT ( * ) PLANE_ANGLE_UNIT ( ) SI_UNIT ( $, .RADIAN. ) );
#5547 = STYLED_ITEM ( 'NONE', ( #5170 ), #2388 ) ;
#5548 = ORIENTED_EDGE ( 'NONE', *, *, #3568, .T. ) ;
#5549 = CARTESIAN_POINT ( 'NONE',  ( -1.270000000000000018, -1.016000000000000014, 2.540000000000000036 ) ) ;
#5550 = ADVANCED_FACE ( 'NONE', ( #3587 ), #8131, .F. ) ;
#5551 = PRODUCT_DEFINITION_SHAPE ( 'NONE', 'NONE',  #8532 ) ;
#5552 = LINE ( 'NONE', #6204, #5974 ) ;
#5553 = AXIS2_PLACEMENT_3D ( 'NONE', #7648, #5067, #3794 ) ;
#5554 = CARTESIAN_POINT ( 'NONE',  ( -0.1600000000000000033, -10.00000000000000000, 8.540000000000000924 ) ) ;
#5555 = MECHANICAL_DESIGN_GEOMETRIC_PRESENTATION_REPRESENTATION (  '', ( #3370 ), #6257 ) ;
#5556 = DIRECTION ( 'NONE',  ( 1.000000000000000000, 0.000000000000000000, 0.000000000000000000 ) ) ;
#5557 = ORIENTED_EDGE ( 'NONE', *, *, #4011, .T. ) ;
#5558 = VERTEX_POINT ( 'NONE', #3668 ) ;
#5559 =( NAMED_UNIT ( * ) PLANE_ANGLE_UNIT ( ) SI_UNIT ( $, .RADIAN. ) );
#5560 = CARTESIAN_POINT ( 'NONE',  ( 0.3200000000000000067, -15.55999999999999872, 8.380000000000000782 ) ) ;
#5561 = LINE ( 'NONE', #7579, #2053 ) ;
#5562 = SURFACE_SIDE_STYLE ('',( #2449 ) ) ;
#5563 = PRESENTATION_LAYER_ASSIGNMENT (  '', '', ( #7084 ) ) ;
#5564 = COLOUR_RGB ( '',0.1450980392156862586, 0.1411764705882352922, 0.1411764705882352922 ) ;
#5565 = CARTESIAN_POINT ( 'NONE',  ( 1.016000000000000014, -1.270000000000000018, 2.540000000000000036 ) ) ;
#5566 = EDGE_CURVE ( 'NONE', #253, #7767, #4849, .T. ) ;
#5567 = FACE_OUTER_BOUND ( 'NONE', #1841, .T. ) ;
#5568 = EDGE_CURVE ( 'NONE', #4089, #3606, #43, .T. ) ;
#5569 = AXIS2_PLACEMENT_3D ( 'NONE', #8179, #2293, #1628 ) ;
#5570 =( LENGTH_UNIT ( ) NAMED_UNIT ( * ) SI_UNIT ( .MILLI., .METRE. ) );
#5571 = VERTEX_POINT ( 'NONE', #5863 ) ;
#5572 =( NAMED_UNIT ( * ) PLANE_ANGLE_UNIT ( ) SI_UNIT ( $, .RADIAN. ) );
#5573 = VERTEX_POINT ( 'NONE', #8305 ) ;
#5574 = VERTEX_POINT ( 'NONE', #7268 ) ;
#5575 = SURFACE_STYLE_FILL_AREA ( #6174 ) ;
#5576 = STYLED_ITEM ( 'NONE', ( #7589 ), #3161 ) ;
#5577 = PRESENTATION_LAYER_ASSIGNMENT (  '', '', ( #361 ) ) ;
#5578 = DIRECTION ( 'NONE',  ( 1.000000000000000000, 0.000000000000000000, 0.000000000000000000 ) ) ;
#5579 = SURFACE_SIDE_STYLE ('',( #8130 ) ) ;
#5580 = COLOUR_RGB ( '',0.1450980392156862586, 0.1411764705882352922, 0.1411764705882352922 ) ;
#5581 = MECHANICAL_DESIGN_GEOMETRIC_PRESENTATION_REPRESENTATION (  '', ( #3685 ), #4350 ) ;
#5582 = CARTESIAN_POINT ( 'NONE',  ( 0.3200000000000000067, -7.299999999999999822, 8.380000000000000782 ) ) ;
#5583 = LINE ( 'NONE', #252, #2031 ) ;
#5584 = PLANE ( 'NONE',  #3452 ) ;
#5585 = ORIENTED_EDGE ( 'NONE', *, *, #7108, .F. ) ;
#5586 = FILL_AREA_STYLE ('',( #7596 ) ) ;
#5587 = ORIENTED_EDGE ( 'NONE', *, *, #453, .T. ) ;
#5588 = LINE ( 'NONE', #4342, #7184 ) ;
#5589 = MECHANICAL_DESIGN_GEOMETRIC_PRESENTATION_REPRESENTATION (  '', ( #5174 ), #763 ) ;
#5590 = CARTESIAN_POINT ( 'NONE',  ( -0.3200000000000000067, -4.760000000000000675, 0.000000000000000000 ) ) ;
#5591 = STYLED_ITEM ( 'NONE', ( #3756 ), #5159 ) ;
#5592 = CARTESIAN_POINT ( 'NONE',  ( -1.270000000000000018, 1.016000000000000014, 0.000000000000000000 ) ) ;
#5593 = CARTESIAN_POINT ( 'NONE',  ( 0.3200000000000000067, -7.939999999999999503, 8.380000000000000782 ) ) ;
#5594 = ADVANCED_FACE ( 'NONE', ( #8497 ), #6, .T. ) ;
#5595 = COLOUR_RGB ( '',0.8588235294117646523, 0.7372549019607843590, 0.4941176470588235503 ) ;
#5596 = UNCERTAINTY_MEASURE_WITH_UNIT (LENGTH_MEASURE( 1.000000000000000082E-05 ), #2561, 'distance_accuracy_value', 'NONE');
#5597 = VERTEX_POINT ( 'NONE', #6514 ) ;
#5598 = DIRECTION ( 'NONE',  ( 1.000000000000000000, 0.000000000000000000, 0.000000000000000000 ) ) ;
#5599 =( NAMED_UNIT ( * ) PLANE_ANGLE_UNIT ( ) SI_UNIT ( $, .RADIAN. ) );
#5600 = VERTEX_POINT ( 'NONE', #5704 ) ;
#5601 = DIRECTION ( 'NONE',  ( -1.000000000000000000, 0.000000000000000000, 0.000000000000000000 ) ) ;
#5602 = SURFACE_SIDE_STYLE ('',( #6294 ) ) ;
#5603 = SURFACE_STYLE_USAGE ( .BOTH. , #5041 ) ;
#5604 = EDGE_CURVE ( 'NONE', #8481, #3041, #3105, .T. ) ;
#5605 = DIRECTION ( 'NONE',  ( 0.000000000000000000, 1.000000000000000000, 0.000000000000000000 ) ) ;
#5606 =( LENGTH_UNIT ( ) NAMED_UNIT ( * ) SI_UNIT ( .MILLI., .METRE. ) );
#5607 = PRESENTATION_LAYER_ASSIGNMENT (  '', '', ( #2880 ) ) ;
#5608 =( NAMED_UNIT ( * ) PLANE_ANGLE_UNIT ( ) SI_UNIT ( $, .RADIAN. ) );
#5609 = ORIENTED_EDGE ( 'NONE', *, *, #5623, .T. ) ;
#5610 = ORIENTED_EDGE ( 'NONE', *, *, #89, .F. ) ;
#5611 = CARTESIAN_POINT ( 'NONE',  ( 0.3200000000000000067, 0.3200000000000000067, -3.000000000000000000 ) ) ;
#5612 =( NAMED_UNIT ( * ) SI_UNIT ( $, .STERADIAN. ) SOLID_ANGLE_UNIT ( ) );
#5613 = FILL_AREA_STYLE_COLOUR ( '', #2868 ) ;
#5614 =( GEOMETRIC_REPRESENTATION_CONTEXT ( 3 ) GLOBAL_UNCERTAINTY_ASSIGNED_CONTEXT ( ( #5523 ) ) GLOBAL_UNIT_ASSIGNED_CONTEXT ( ( #7547, #4975, #295 ) ) REPRESENTATION_CONTEXT ( 'NONE', 'WORKASPACE' ) );
#5615 = PLANE ( 'NONE',  #1041 ) ;
#5616 = UNCERTAINTY_MEASURE_WITH_UNIT (LENGTH_MEASURE( 1.000000000000000082E-05 ), #2033, 'distance_accuracy_value', 'NONE');
#5617 = FILL_AREA_STYLE_COLOUR ( '', #7286 ) ;
#5618 = SURFACE_STYLE_USAGE ( .BOTH. , #4801 ) ;
#5619 = EDGE_LOOP ( 'NONE', ( #4241, #856, #2865, #5525 ) ) ;
#5620 = MECHANICAL_DESIGN_GEOMETRIC_PRESENTATION_REPRESENTATION (  '', ( #2746 ), #3578 ) ;
#5621 = AXIS2_PLACEMENT_3D ( 'NONE', #3998, #1891, #30 ) ;
#5622 = ORIENTED_EDGE ( 'NONE', *, *, #5705, .T. ) ;
#5623 = EDGE_CURVE ( 'NONE', #790, #1903, #3745, .T. ) ;
#5624 = DIRECTION ( 'NONE',  ( 0.000000000000000000, 0.000000000000000000, 1.000000000000000000 ) ) ;
#5625 = AXIS2_PLACEMENT_3D ( 'NONE', #3914, #558, #2556 ) ;
#5626 = DIRECTION ( 'NONE',  ( -0.7071067811865475727, 0.000000000000000000, 0.7071067811865475727 ) ) ;
#5627 = ORIENTED_EDGE ( 'NONE', *, *, #1274, .F. ) ;
#5628 = ORIENTED_EDGE ( 'NONE', *, *, #8234, .F. ) ;
#5629 =( LENGTH_UNIT ( ) NAMED_UNIT ( * ) SI_UNIT ( .MILLI., .METRE. ) );
#5630 =( GEOMETRIC_REPRESENTATION_CONTEXT ( 3 ) GLOBAL_UNCERTAINTY_ASSIGNED_CONTEXT ( ( #5693 ) ) GLOBAL_UNIT_ASSIGNED_CONTEXT ( ( #3143, #3861, #5743 ) ) REPRESENTATION_CONTEXT ( 'NONE', 'WORKASPACE' ) );
#5631 = CARTESIAN_POINT ( 'NONE',  ( -1.270000000000000018, 1.016000000000000014, 0.000000000000000000 ) ) ;
#5632 = CARTESIAN_POINT ( 'NONE',  ( -0.3200000000000000067, -0.3200000000000000067, 8.380000000000000782 ) ) ;
#5633 = DIRECTION ( 'NONE',  ( 0.5773502691896257311, -0.5773502691896257311, 0.5773502691896257311 ) ) ;
#5634 = COLOUR_RGB ( '',0.8588235294117646523, 0.7372549019607843590, 0.4941176470588235503 ) ;
#5635 = AXIS2_PLACEMENT_3D ( 'NONE', #6363, #1704, #3833 ) ;
#5636 = VERTEX_POINT ( 'NONE', #1333 ) ;
#5637 = CARTESIAN_POINT ( 'NONE',  ( 0.05333333333332999915, -5.026666666667000349, -3.106666666666999976 ) ) ;
#5638 = ORIENTED_EDGE ( 'NONE', *, *, #3800, .F. ) ;
#5639 = PLANE ( 'NONE',  #109 ) ;
#5640 = CARTESIAN_POINT ( 'NONE',  ( 0.1600000000000000033, -5.240000000000000213, -3.000000000000000000 ) ) ;
#5641 = ADVANCED_FACE ( 'NONE', ( #3264 ), #5258, .F. ) ;
#5642 = DIRECTION ( 'NONE',  ( 0.7071067811865475727, 0.7071067811865475727, 0.000000000000000000 ) ) ;
#5643 = CARTESIAN_POINT ( 'NONE',  ( -1.270000000000000018, -1.524000000000000021, 0.000000000000000000 ) ) ;
#5644 = PLANE ( 'NONE',  #8217 ) ;
#5645 = LINE ( 'NONE', #7665, #7938 ) ;
#5646 = ORIENTED_EDGE ( 'NONE', *, *, #5662, .F. ) ;
#5647 = ORIENTED_EDGE ( 'NONE', *, *, #7832, .F. ) ;
#5648 = EDGE_CURVE ( 'NONE', #2351, #464, #731, .T. ) ;
#5649 =( GEOMETRIC_REPRESENTATION_CONTEXT ( 3 ) GLOBAL_UNCERTAINTY_ASSIGNED_CONTEXT ( ( #3976 ) ) GLOBAL_UNIT_ASSIGNED_CONTEXT ( ( #1925, #4547, #7174 ) ) REPRESENTATION_CONTEXT ( 'NONE', 'WORKASPACE' ) );
#5650 = CARTESIAN_POINT ( 'NONE',  ( 0.3200000000000000067, -7.939999999999999503, 8.380000000000000782 ) ) ;
#5651 = FILL_AREA_STYLE_COLOUR ( '', #7410 ) ;
#5652 = COLOUR_RGB ( '',0.8588235294117646523, 0.7372549019607843590, 0.4941176470588235503 ) ;
#5654 = LINE ( 'NONE', #4278, #4763 ) ;
#5653 =( GEOMETRIC_REPRESENTATION_CONTEXT ( 3 ) GLOBAL_UNCERTAINTY_ASSIGNED_CONTEXT ( ( #4382 ) ) GLOBAL_UNIT_ASSIGNED_CONTEXT ( ( #6380, #1730, #7028 ) ) REPRESENTATION_CONTEXT ( 'NONE', 'WORKASPACE' ) );
#5655 = SURFACE_SIDE_STYLE ('',( #3614 ) ) ;
#5656 = EDGE_CURVE ( 'NONE', #7848, #1785, #2072, .T. ) ;
#5657 = PLANE ( 'NONE',  #2447 ) ;
#5658 = ORIENTED_EDGE ( 'NONE', *, *, #4011, .F. ) ;
#5659 = DIRECTION ( 'NONE',  ( 0.000000000000000000, 0.000000000000000000, 1.000000000000000000 ) ) ;
#5660 = FILL_AREA_STYLE_COLOUR ( '', #4389 ) ;
#5661 = AXIS2_PLACEMENT_3D ( 'NONE', #4314, #4273, #6252 ) ;
#5662 = EDGE_CURVE ( 'NONE', #299, #1584, #6674, .T. ) ;
#5663 = VECTOR ( 'NONE', #1512, 1000.000000000000114 ) ;
#5664 = SURFACE_STYLE_USAGE ( .BOTH. , #8349 ) ;
#5665 = SURFACE_STYLE_FILL_AREA ( #2374 ) ;
#5666 = CARTESIAN_POINT ( 'NONE',  ( -0.2666666666669999519, -7.886666666666999781, -2.893333333333000024 ) ) ;
#5667 = PRESENTATION_STYLE_ASSIGNMENT (( #2904 ) ) ;
#5668 = FACE_OUTER_BOUND ( 'NONE', #5809, .T. ) ;
#5669 = ORIENTED_EDGE ( 'NONE', *, *, #3133, .F. ) ;
#5670 = ORIENTED_EDGE ( 'NONE', *, *, #5442, .F. ) ;
#5671 = CARTESIAN_POINT ( 'NONE',  ( -1.270000000000000018, -1.524000000000000021, 0.000000000000000000 ) ) ;
#5672 = PRESENTATION_LAYER_ASSIGNMENT (  '', '', ( #4572 ) ) ;
#5673 = CARTESIAN_POINT ( 'NONE',  ( 0.3200000000000000067, -18.10000000000000142, 8.380000000000000782 ) ) ;
#5674 = STYLED_ITEM ( 'NONE', ( #6335 ), #1134 ) ;
#5675 = ADVANCED_FACE ( 'NONE', ( #6109 ), #7307, .T. ) ;
#5676 = VECTOR ( 'NONE', #6232, 1000.000000000000000 ) ;
#5677 = LINE ( 'NONE', #5036, #4793 ) ;
#5678 = EDGE_LOOP ( 'NONE', ( #7366, #975, #4313, #602 ) ) ;
#5679 = FILL_AREA_STYLE_COLOUR ( '', #6856 ) ;
#5680 = SURFACE_STYLE_FILL_AREA ( #4307 ) ;
#5681 = LINE ( 'NONE', #5643, #2844 ) ;
#5682 = ADVANCED_FACE ( 'NONE', ( #2210 ), #908, .F. ) ;
#5683 = ORIENTED_EDGE ( 'NONE', *, *, #2252, .T. ) ;
#5684 = EDGE_LOOP ( 'NONE', ( #2496, #2046, #4910, #6276 ) ) ;
#5685 = PLANE ( 'NONE',  #3362 ) ;
#5686 = CARTESIAN_POINT ( 'NONE',  ( 1.270000000000000018, -11.17600000000000016, 0.000000000000000000 ) ) ;
#5687 = LINE ( 'NONE', #6511, #3736 ) ;
#5688 = DIRECTION ( 'NONE',  ( 1.000000000000000000, 0.000000000000000000, 0.000000000000000000 ) ) ;
#5689 = MECHANICAL_DESIGN_GEOMETRIC_PRESENTATION_REPRESENTATION (  '', ( #1978 ), #6642 ) ;
#5690 = DIRECTION ( 'NONE',  ( 1.000000000000000000, 0.000000000000000000, 0.000000000000000000 ) ) ;
#5691 = CARTESIAN_POINT ( 'NONE',  ( 0.2400000000000000189, -5.400000000000000355, -2.919999999999999929 ) ) ;
#5692 = STYLED_ITEM ( 'NONE', ( #4024 ), #3965 ) ;
#5693 = UNCERTAINTY_MEASURE_WITH_UNIT (LENGTH_MEASURE( 1.000000000000000082E-05 ), #3143, 'distance_accuracy_value', 'NONE');
#5694 = PLANE ( 'NONE',  #4141 ) ;
#5695 = STYLED_ITEM ( 'NONE', ( #5401 ), #6285 ) ;
#5696 = ORIENTED_EDGE ( 'NONE', *, *, #6426, .T. ) ;
#5697 = DIRECTION ( 'NONE',  ( 0.000000000000000000, -1.000000000000000000, -2.453897423307444850E-18 ) ) ;
#5698 = DIRECTION ( 'NONE',  ( 1.000000000000000000, 0.000000000000000000, 0.000000000000000000 ) ) ;
#5699 = MECHANICAL_DESIGN_GEOMETRIC_PRESENTATION_REPRESENTATION (  '', ( #2126 ), #7759 ) ;
#5700 = CARTESIAN_POINT ( 'NONE',  ( -0.3200000000000000067, -13.01999999999999957, -3.000000000000000000 ) ) ;
#5701 = LINE ( 'NONE', #3233, #7219 ) ;
#5702 = PRESENTATION_LAYER_ASSIGNMENT (  '', '', ( #890 ) ) ;
#5703 = MECHANICAL_DESIGN_GEOMETRIC_PRESENTATION_REPRESENTATION (  '', ( #354 ), #64 ) ;
#5704 = CARTESIAN_POINT ( 'NONE',  ( -0.3200000000000000067, -2.860000000000000320, 0.000000000000000000 ) ) ;
#5705 = EDGE_CURVE ( 'NONE', #3164, #2693, #7352, .T. ) ;
#5706 = CARTESIAN_POINT ( 'NONE',  ( 1.016000000000000014, -8.890000000000000568, 0.000000000000000000 ) ) ;
#5707 = ORIENTED_EDGE ( 'NONE', *, *, #7264, .T. ) ;
#5708 = MECHANICAL_DESIGN_GEOMETRIC_PRESENTATION_REPRESENTATION (  '', ( #2578 ), #1725 ) ;
#5709 = ORIENTED_EDGE ( 'NONE', *, *, #8295, .F. ) ;
#5710 = CONTEXT_DEPENDENT_SHAPE_REPRESENTATION ( #7603, #5551 ) ;
#5711 = PLANE ( 'NONE',  #5553 ) ;
#5712 =( GEOMETRIC_REPRESENTATION_CONTEXT ( 3 ) GLOBAL_UNCERTAINTY_ASSIGNED_CONTEXT ( ( #2541 ) ) GLOBAL_UNIT_ASSIGNED_CONTEXT ( ( #6211, #8207, #2320 ) ) REPRESENTATION_CONTEXT ( 'NONE', 'WORKASPACE' ) );
#5713 = CARTESIAN_POINT ( 'NONE',  ( -0.3200000000000000067, -12.85999999999999943, 8.540000000000000924 ) ) ;
#5714 =( GEOMETRIC_REPRESENTATION_CONTEXT ( 3 ) GLOBAL_UNCERTAINTY_ASSIGNED_CONTEXT ( ( #2426 ) ) GLOBAL_UNIT_ASSIGNED_CONTEXT ( ( #2542, #3859, #2074 ) ) REPRESENTATION_CONTEXT ( 'NONE', 'WORKASPACE' ) );
#5715 = SURFACE_STYLE_USAGE ( .BOTH. , #7697 ) ;
#5716 = SURFACE_SIDE_STYLE ('',( #4464 ) ) ;
#5717 = MECHANICAL_DESIGN_GEOMETRIC_PRESENTATION_REPRESENTATION (  '', ( #900 ), #3263 ) ;
#5718 = PRESENTATION_LAYER_ASSIGNMENT (  '', '', ( #901 ) ) ;
#5719 = FILL_AREA_STYLE_COLOUR ( '', #7779 ) ;
#5721 = AXIS2_PLACEMENT_3D ( 'NONE', #5884, #604, #7863 ) ;
#5720 = PRESENTATION_STYLE_ASSIGNMENT (( #3116 ) ) ;
#5722 = DIRECTION ( 'NONE',  ( 0.7071067811865474617, -0.7071067811865474617, 0.000000000000000000 ) ) ;
#5723 = ORIENTED_EDGE ( 'NONE', *, *, #3430, .T. ) ;
#5724 = SURFACE_STYLE_USAGE ( .BOTH. , #3119 ) ;
#5725 = COLOUR_RGB ( '',0.8588235294117646523, 0.7372549019607843590, 0.4941176470588235503 ) ;
#5726 = EDGE_CURVE ( 'NONE', #2797, #4800, #4871, .T. ) ;
#5727 = DIRECTION ( 'NONE',  ( 0.7071067811865475727, -0.7071067811865475727, 0.000000000000000000 ) ) ;
#5728 =( NAMED_UNIT ( * ) PLANE_ANGLE_UNIT ( ) SI_UNIT ( $, .RADIAN. ) );
#5729 = STYLED_ITEM ( 'NONE', ( #4361 ), #4830 ) ;
#5730 = PRESENTATION_STYLE_ASSIGNMENT (( #3128 ) ) ;
#5731 = FILL_AREA_STYLE_COLOUR ( '', #3970 ) ;
#5732 = ORIENTED_EDGE ( 'NONE', *, *, #912, .T. ) ;
#5733 = ORIENTED_EDGE ( 'NONE', *, *, #8359, .F. ) ;
#5734 = CARTESIAN_POINT ( 'NONE',  ( 1.270000000000000018, -14.22400000000000020, 0.000000000000000000 ) ) ;
#5735 =( NAMED_UNIT ( * ) PLANE_ANGLE_UNIT ( ) SI_UNIT ( $, .RADIAN. ) );
#5736 = STYLED_ITEM ( 'NONE', ( #3138 ), #4854 ) ;
#5737 = FILL_AREA_STYLE_COLOUR ( '', #4907 ) ;
#5738 =( GEOMETRIC_REPRESENTATION_CONTEXT ( 3 ) GLOBAL_UNCERTAINTY_ASSIGNED_CONTEXT ( ( #2891 ) ) GLOBAL_UNIT_ASSIGNED_CONTEXT ( ( #4781, #859, #5466 ) ) REPRESENTATION_CONTEXT ( 'NONE', 'WORKASPACE' ) );
#5739 = DIRECTION ( 'NONE',  ( -1.000000000000000000, 0.000000000000000000, 0.000000000000000000 ) ) ;
#5740 = SURFACE_STYLE_FILL_AREA ( #4448 ) ;
#5741 = VERTEX_POINT ( 'NONE', #4225 ) ;
#5742 = CARTESIAN_POINT ( 'NONE',  ( 0.2400000000000000189, -10.48000000000000043, 8.460000000000000853 ) ) ;
#5743 =( NAMED_UNIT ( * ) SI_UNIT ( $, .STERADIAN. ) SOLID_ANGLE_UNIT ( ) );
#5744 = AXIS2_PLACEMENT_3D ( 'NONE', #6273, #5492, #5626 ) ;
#5745 = CARTESIAN_POINT ( 'NONE',  ( 1.016000000000000014, -8.890000000000000568, 2.540000000000000036 ) ) ;
#5746 = LINE ( 'NONE', #8389, #6291 ) ;
#5747 = LINE ( 'NONE', #5014, #8186 ) ;
#5748 = COLOUR_RGB ( '',0.1450980392156862586, 0.1411764705882352922, 0.1411764705882352922 ) ;
#5749 =( GEOMETRIC_REPRESENTATION_CONTEXT ( 3 ) GLOBAL_UNCERTAINTY_ASSIGNED_CONTEXT ( ( #1136 ) ) GLOBAL_UNIT_ASSIGNED_CONTEXT ( ( #4995, #8286, #7616 ) ) REPRESENTATION_CONTEXT ( 'NONE', 'WORKASPACE' ) );
#5750 = LINE ( 'NONE', #4698, #1207 ) ;
#5751 =( NAMED_UNIT ( * ) SI_UNIT ( $, .STERADIAN. ) SOLID_ANGLE_UNIT ( ) );
#5752 = VERTEX_POINT ( 'NONE', #6858 ) ;
#5753 = SURFACE_STYLE_USAGE ( .BOTH. , #8509 ) ;
#5754 = EDGE_LOOP ( 'NONE', ( #1140, #5262, #4175, #7454 ) ) ;
#5755 =( LENGTH_UNIT ( ) NAMED_UNIT ( * ) SI_UNIT ( .MILLI., .METRE. ) );
#5756 = ADVANCED_FACE ( 'NONE', ( #7963 ), #4697, .T. ) ;
#5757 = FACE_OUTER_BOUND ( 'NONE', #4259, .T. ) ;
#5758 =( GEOMETRIC_REPRESENTATION_CONTEXT ( 3 ) GLOBAL_UNCERTAINTY_ASSIGNED_CONTEXT ( ( #5351 ) ) GLOBAL_UNIT_ASSIGNED_CONTEXT ( ( #4503, #5834, #5196 ) ) REPRESENTATION_CONTEXT ( 'NONE', 'WORKASPACE' ) );
#5759 = PRESENTATION_LAYER_ASSIGNMENT (  '', '', ( #8244 ) ) ;
#5760 = PRESENTATION_STYLE_ASSIGNMENT (( #3158 ) ) ;
#5761 = SURFACE_SIDE_STYLE ('',( #8434 ) ) ;
#5762 =( NAMED_UNIT ( * ) SI_UNIT ( $, .STERADIAN. ) SOLID_ANGLE_UNIT ( ) );
#5763 = UNCERTAINTY_MEASURE_WITH_UNIT (LENGTH_MEASURE( 1.000000000000000082E-05 ), #1239, 'distance_accuracy_value', 'NONE');
#5764 =( NAMED_UNIT ( * ) SI_UNIT ( $, .STERADIAN. ) SOLID_ANGLE_UNIT ( ) );
#5765 = VECTOR ( 'NONE', #4759, 1000.000000000000000 ) ;
#5766 =( NAMED_UNIT ( * ) SI_UNIT ( $, .STERADIAN. ) SOLID_ANGLE_UNIT ( ) );
#5767 = ORIENTED_EDGE ( 'NONE', *, *, #1213, .F. ) ;
#5768 =( NAMED_UNIT ( * ) PLANE_ANGLE_UNIT ( ) SI_UNIT ( $, .RADIAN. ) );
#5769 = SURFACE_STYLE_FILL_AREA ( #8442 ) ;
#5770 =( GEOMETRIC_REPRESENTATION_CONTEXT ( 3 ) GLOBAL_UNCERTAINTY_ASSIGNED_CONTEXT ( ( #1122 ) ) GLOBAL_UNIT_ASSIGNED_CONTEXT ( ( #499, #7086, #3142 ) ) REPRESENTATION_CONTEXT ( 'NONE', 'WORKASPACE' ) );
#5771 = LINE ( 'NONE', #8322, #4613 ) ;
#5772 = UNCERTAINTY_MEASURE_WITH_UNIT (LENGTH_MEASURE( 1.000000000000000082E-05 ), #3054, 'distance_accuracy_value', 'NONE');
#5773 = SURFACE_SIDE_STYLE ('',( #3129 ) ) ;
#5774 = ORIENTED_EDGE ( 'NONE', *, *, #5025, .T. ) ;
#5775 = ORIENTED_EDGE ( 'NONE', *, *, #4635, .F. ) ;
#5776 = DIRECTION ( 'NONE',  ( 0.000000000000000000, 1.000000000000000000, 0.000000000000000000 ) ) ;
#5777 = VECTOR ( 'NONE', #4731, 1000.000000000000000 ) ;
#5778 = CARTESIAN_POINT ( 'NONE',  ( 0.3200000000000000067, -4.760000000000000675, -2.839999999999999858 ) ) ;
#5779 = SURFACE_SIDE_STYLE ('',( #3 ) ) ;
#5780 = PRESENTATION_LAYER_ASSIGNMENT (  '', '', ( #8407 ) ) ;
#5781 = EDGE_CURVE ( 'NONE', #6101, #6926, #1034, .T. ) ;
#5782 = VECTOR ( 'NONE', #3875, 1000.000000000000000 ) ;
#5783 = LINE ( 'NONE', #3341, #2944 ) ;
#5784 =( NAMED_UNIT ( * ) SI_UNIT ( $, .STERADIAN. ) SOLID_ANGLE_UNIT ( ) );
#5785 = PRESENTATION_LAYER_ASSIGNMENT (  '', '', ( #3204 ) ) ;
#5786 = COLOUR_RGB ( '',0.8588235294117646523, 0.7372549019607843590, 0.4941176470588235503 ) ;
#5787 = ORIENTED_EDGE ( 'NONE', *, *, #2945, .T. ) ;
#5788 = EDGE_CURVE ( 'NONE', #4046, #3680, #3768, .T. ) ;
#5789 = DIRECTION ( 'NONE',  ( 1.000000000000000000, 0.000000000000000000, 0.000000000000000000 ) ) ;
#5790 = SURFACE_SIDE_STYLE ('',( #53 ) ) ;
#5791 = ADVANCED_FACE ( 'NONE', ( #1079 ), #2965, .F. ) ;
#5792 = PRESENTATION_LAYER_ASSIGNMENT (  '', '', ( #981 ) ) ;
#5793 = FILL_AREA_STYLE ('',( #2551 ) ) ;
#5794 = PRESENTATION_STYLE_ASSIGNMENT (( #387 ) ) ;
#5795 = ORIENTED_EDGE ( 'NONE', *, *, #5286, .T. ) ;
#5796 = CARTESIAN_POINT ( 'NONE',  ( 0.3200000000000000067, -18.10000000000000142, -3.000000000000000000 ) ) ;
#5797 = VERTEX_POINT ( 'NONE', #5554 ) ;
#5798 = EDGE_CURVE ( 'NONE', #4089, #8429, #949, .T. ) ;
#5799 = FACE_OUTER_BOUND ( 'NONE', #2915, .T. ) ;
#5800 = DIRECTION ( 'NONE',  ( 0.7071067811865475727, 1.735167508356890344E-18, -0.7071067811865475727 ) ) ;
#5801 = PRESENTATION_LAYER_ASSIGNMENT (  '', '', ( #8142 ) ) ;
#5802 = VECTOR ( 'NONE', #972, 1000.000000000000114 ) ;
#5803 = DIRECTION ( 'NONE',  ( 0.000000000000000000, 1.000000000000000000, 0.000000000000000000 ) ) ;
#5804 = SURFACE_STYLE_FILL_AREA ( #8475 ) ;
#5805 = FILL_AREA_STYLE ('',( #3877 ) ) ;
#5806 = COLOUR_RGB ( '',0.8588235294117646523, 0.7372549019607843590, 0.4941176470588235503 ) ;
#5807 = CARTESIAN_POINT ( 'NONE',  ( -0.2400000000000000189, -7.939999999999999503, 8.460000000000000853 ) ) ;
#5808 =( NAMED_UNIT ( * ) PLANE_ANGLE_UNIT ( ) SI_UNIT ( $, .RADIAN. ) );
#5809 = EDGE_LOOP ( 'NONE', ( #1092, #7321, #4408, #7177 ) ) ;
#5810 = LINE ( 'NONE', #7780, #5231 ) ;
#5811 = PLANE ( 'NONE',  #6412 ) ;
#5812 = AXIS2_PLACEMENT_3D ( 'NONE', #6376, #5642, #1778 ) ;
#5813 = ADVANCED_FACE ( 'NONE', ( #6901 ), #6248, .T. ) ;
#5814 = DIRECTION ( 'NONE',  ( 0.000000000000000000, 1.000000000000000000, 0.000000000000000000 ) ) ;
#5815 = PRESENTATION_STYLE_ASSIGNMENT (( #6419 ) ) ;
#5816 = FILL_AREA_STYLE ('',( #4009 ) ) ;
#5817 = VERTEX_POINT ( 'NONE', #2572 ) ;
#5818 = ORIENTED_EDGE ( 'NONE', *, *, #1852, .T. ) ;
#5819 = CARTESIAN_POINT ( 'NONE',  ( 0.2400000000000000189, -7.939999999999999503, 8.460000000000000853 ) ) ;
#5820 = LINE ( 'NONE', #7830, #4272 ) ;
#5821 = SURFACE_SIDE_STYLE ('',( #3223 ) ) ;
#5822 = ORIENTED_EDGE ( 'NONE', *, *, #1373, .T. ) ;
#5823 =( NAMED_UNIT ( * ) SI_UNIT ( $, .STERADIAN. ) SOLID_ANGLE_UNIT ( ) );
#5824 = FACE_OUTER_BOUND ( 'NONE', #5324, .T. ) ;
#5825 = COLOUR_RGB ( '',0.8588235294117646523, 0.7372549019607843590, 0.4941176470588235503 ) ;
#5826 = EDGE_CURVE ( 'NONE', #5228, #1295, #1323, .T. ) ;
#5827 = ADVANCED_FACE ( 'NONE', ( #5165 ), #3968, .T. ) ;
#5828 = FILL_AREA_STYLE_COLOUR ( '', #8042 ) ;
#5829 =( NAMED_UNIT ( * ) PLANE_ANGLE_UNIT ( ) SI_UNIT ( $, .RADIAN. ) );
#5830 = LINE ( 'NONE', #5991, #7345 ) ;
#5831 = ORIENTED_EDGE ( 'NONE', *, *, #3098, .T. ) ;
#5832 = ORIENTED_EDGE ( 'NONE', *, *, #7897, .F. ) ;
#5833 = VECTOR ( 'NONE', #839, 1000.000000000000000 ) ;
#5834 =( NAMED_UNIT ( * ) PLANE_ANGLE_UNIT ( ) SI_UNIT ( $, .RADIAN. ) );
#5835 = FACE_OUTER_BOUND ( 'NONE', #3443, .T. ) ;
#5836 = CARTESIAN_POINT ( 'NONE',  ( -1.270000000000000018, -6.096000000000000085, 0.000000000000000000 ) ) ;
#5837 = PRESENTATION_LAYER_ASSIGNMENT (  '', '', ( #7757 ) ) ;
#5838 = SURFACE_STYLE_USAGE ( .BOTH. , #6076 ) ;
#5839 = VECTOR ( 'NONE', #4633, 1000.000000000000114 ) ;
#5840 = UNCERTAINTY_MEASURE_WITH_UNIT (LENGTH_MEASURE( 1.000000000000000082E-05 ), #2304, 'distance_accuracy_value', 'NONE');
#5841 = PLANE ( 'NONE',  #1026 ) ;
#5842 = STYLED_ITEM ( 'NONE', ( #1231 ), #6466 ) ;
#5843 = ORIENTED_EDGE ( 'NONE', *, *, #4567, .F. ) ;
#5844 = SURFACE_SIDE_STYLE ('',( #5283 ) ) ;
#5845 = VECTOR ( 'NONE', #6577, 1000.000000000000000 ) ;
#5846 = LINE ( 'NONE', #6416, #5906 ) ;
#5847 = AXIS2_PLACEMENT_3D ( 'NONE', #7276, #4026, #19 ) ;
#5848 = EDGE_CURVE ( 'NONE', #2693, #425, #5927, .T. ) ;
#5849 =( GEOMETRIC_REPRESENTATION_CONTEXT ( 3 ) GLOBAL_UNCERTAINTY_ASSIGNED_CONTEXT ( ( #3722 ) ) GLOBAL_UNIT_ASSIGNED_CONTEXT ( ( #7798, #6515, #5784 ) ) REPRESENTATION_CONTEXT ( 'NONE', 'WORKASPACE' ) );
#5850 = FILL_AREA_STYLE_COLOUR ( '', #2152 ) ;
#5851 = VECTOR ( 'NONE', #4123, 1000.000000000000000 ) ;
#5852 = UNCERTAINTY_MEASURE_WITH_UNIT (LENGTH_MEASURE( 1.000000000000000082E-05 ), #436, 'distance_accuracy_value', 'NONE');
#5853 = VECTOR ( 'NONE', #8494, 1000.000000000000114 ) ;
#5854 = CARTESIAN_POINT ( 'NONE',  ( -0.3200000000000000067, -12.54000000000000092, -3.000000000000000000 ) ) ;
#5855 = ORIENTED_EDGE ( 'NONE', *, *, #2924, .F. ) ;
#5856 = ORIENTED_EDGE ( 'NONE', *, *, #1546, .F. ) ;
#5857 =( NAMED_UNIT ( * ) PLANE_ANGLE_UNIT ( ) SI_UNIT ( $, .RADIAN. ) );
#5858 = CARTESIAN_POINT ( 'NONE',  ( -0.1600000000000000033, -12.85999999999999943, -3.000000000000000000 ) ) ;
#5859 = ADVANCED_FACE ( 'NONE', ( #5888 ), #6505, .F. ) ;
#5860 = MECHANICAL_DESIGN_GEOMETRIC_PRESENTATION_REPRESENTATION (  '', ( #8482 ), #1749 ) ;
#5861 = LINE ( 'NONE', #3299, #5853 ) ;
#5862 = CARTESIAN_POINT ( 'NONE',  ( 0.3200000000000000067, -2.220000000000000195, 0.000000000000000000 ) ) ;
#5863 = CARTESIAN_POINT ( 'NONE',  ( 1.270000000000000018, -16.25600000000000023, 0.000000000000000000 ) ) ;
#5864 = VECTOR ( 'NONE', #8047, 1000.000000000000114 ) ;
#5865 = DIRECTION ( 'NONE',  ( 1.000000000000000000, 0.000000000000000000, 0.000000000000000000 ) ) ;
#5866 = DIRECTION ( 'NONE',  ( 0.000000000000000000, 1.000000000000000000, 0.000000000000000000 ) ) ;
#5867 = STYLED_ITEM ( 'NONE', ( #3437 ), #4670 ) ;
#5868 = ORIENTED_EDGE ( 'NONE', *, *, #4651, .T. ) ;
#5869 = PRESENTATION_STYLE_ASSIGNMENT (( #1342 ) ) ;
#5870 = FILL_AREA_STYLE ('',( #3275 ) ) ;
#5871 = ORIENTED_EDGE ( 'NONE', *, *, #1236, .T. ) ;
#5872 = CARTESIAN_POINT ( 'NONE',  ( -0.3200000000000000067, -7.145000000000000462, 0.000000000000000000 ) ) ;
#5873 = ORIENTED_EDGE ( 'NONE', *, *, #4308, .T. ) ;
#5874 = MECHANICAL_DESIGN_GEOMETRIC_PRESENTATION_REPRESENTATION (  '', ( #3958 ), #782 ) ;
#5875 = DIRECTION ( 'NONE',  ( 0.000000000000000000, 1.000000000000000000, 0.000000000000000000 ) ) ;
#5876 = CARTESIAN_POINT ( 'NONE',  ( -0.1600000000000000033, -7.299999999999999822, 2.540000000000000036 ) ) ;
#5877 = FILL_AREA_STYLE_COLOUR ( '', #5964 ) ;
#5878 = CARTESIAN_POINT ( 'NONE',  ( -1.270000000000000018, -1.016000000000000014, 0.000000000000000000 ) ) ;
#5879 = COLOUR_RGB ( '',0.8588235294117646523, 0.7372549019607843590, 0.4941176470588235503 ) ;
#5880 = PRESENTATION_STYLE_ASSIGNMENT (( #7857 ) ) ;
#5881 = CARTESIAN_POINT ( 'NONE',  ( -0.3200000000000000067, -5.400000000000000355, 2.540000000000000036 ) ) ;
#5882 = VERTEX_POINT ( 'NONE', #3415 ) ;
#5883 = AXIS2_PLACEMENT_3D ( 'NONE', #5325, #6055, #805 ) ;
#5884 = CARTESIAN_POINT ( 'NONE',  ( -0.3200000000000000067, -12.46000000000000085, -2.919999999999999929 ) ) ;
#5885 = EDGE_CURVE ( 'NONE', #3606, #5752, #7260, .T. ) ;
#5886 = SURFACE_STYLE_FILL_AREA ( #4005 ) ;
#5887 = MECHANICAL_DESIGN_GEOMETRIC_PRESENTATION_REPRESENTATION (  '', ( #7946 ), #7399 ) ;
#5888 = FACE_OUTER_BOUND ( 'NONE', #8219, .T. ) ;
#5889 = EDGE_LOOP ( 'NONE', ( #8374, #7617, #7678, #696 ) ) ;
#5890 =( NAMED_UNIT ( * ) PLANE_ANGLE_UNIT ( ) SI_UNIT ( $, .RADIAN. ) );
#5891 = EDGE_CURVE ( 'NONE', #4996, #4812, #1549, .T. ) ;
#5892 = EDGE_CURVE ( 'NONE', #5214, #6607, #170, .T. ) ;
#5893 = CARTESIAN_POINT ( 'NONE',  ( 0.3200000000000000067, -9.839999999999999858, -2.839999999999999858 ) ) ;
#5894 = CARTESIAN_POINT ( 'NONE',  ( -1.016000000000000014, -3.810000000000000053, 2.540000000000000036 ) ) ;
#5895 =( GEOMETRIC_REPRESENTATION_CONTEXT ( 3 ) GLOBAL_UNCERTAINTY_ASSIGNED_CONTEXT ( ( #3574 ) ) GLOBAL_UNIT_ASSIGNED_CONTEXT ( ( #417, #1659, #6961 ) ) REPRESENTATION_CONTEXT ( 'NONE', 'WORKASPACE' ) );
#5896 = MECHANICAL_DESIGN_GEOMETRIC_PRESENTATION_REPRESENTATION (  '', ( #5220 ), #2197 ) ;
#5897 = FACE_OUTER_BOUND ( 'NONE', #1037, .T. ) ;
#5898 = EDGE_CURVE ( 'NONE', #3740, #2677, #77, .T. ) ;
#5899 = STYLED_ITEM ( 'NONE', ( #7716 ), #7649 ) ;
#5900 = VECTOR ( 'NONE', #3024, 1000.000000000000114 ) ;
#5901 = CARTESIAN_POINT ( 'NONE',  ( -0.2666666666669999519, -18.04666666665999841, 8.433333333333001391 ) ) ;
#5902 = VERTEX_POINT ( 'NONE', #8041 ) ;
#5903 = FILL_AREA_STYLE ('',( #1225 ) ) ;
#5904 = FILL_AREA_STYLE_COLOUR ( '', #7886 ) ;
#5905 = EDGE_CURVE ( 'NONE', #7309, #3352, #7951, .T. ) ;
#5906 = VECTOR ( 'NONE', #3763, 1000.000000000000000 ) ;
#5907 = DIRECTION ( 'NONE',  ( 0.000000000000000000, 1.000000000000000000, 0.000000000000000000 ) ) ;
#5908 = ORIENTED_EDGE ( 'NONE', *, *, #7743, .F. ) ;
#5909 = ORIENTED_EDGE ( 'NONE', *, *, #4289, .F. ) ;
#5910 = PRESENTATION_STYLE_ASSIGNMENT (( #669 ) ) ;
#5911 = DIRECTION ( 'NONE',  ( -1.000000000000000000, 0.000000000000000000, 0.000000000000000000 ) ) ;
#5912 = VECTOR ( 'NONE', #302, 1000.000000000000000 ) ;
#5913 = FILL_AREA_STYLE ('',( #5877 ) ) ;
#5914 = LINE ( 'NONE', #27, #4201 ) ;
#5915 = DIRECTION ( 'NONE',  ( -0.000000000000000000, 1.000000000000000000, 0.000000000000000000 ) ) ;
#5916 =( GEOMETRIC_REPRESENTATION_CONTEXT ( 3 ) GLOBAL_UNCERTAINTY_ASSIGNED_CONTEXT ( ( #3811 ) ) GLOBAL_UNIT_ASSIGNED_CONTEXT ( ( #4577, #8498, #8456 ) ) REPRESENTATION_CONTEXT ( 'NONE', 'WORKASPACE' ) );
#5917 = FACE_OUTER_BOUND ( 'NONE', #3118, .T. ) ;
#5918 = FILL_AREA_STYLE_COLOUR ( '', #1346 ) ;
#5919 = AXIS2_PLACEMENT_3D ( 'NONE', #3480, #3438, #3207 ) ;
#5920 = ORIENTED_EDGE ( 'NONE', *, *, #2624, .T. ) ;
#5921 = FACE_OUTER_BOUND ( 'NONE', #1559, .T. ) ;
#5922 =( LENGTH_UNIT ( ) NAMED_UNIT ( * ) SI_UNIT ( .MILLI., .METRE. ) );
#5923 = AXIS2_PLACEMENT_3D ( 'NONE', #132, #6905, #4357 ) ;
#5924 = ADVANCED_FACE ( 'NONE', ( #2817 ), #5459, .F. ) ;
#5925 = DIRECTION ( 'NONE',  ( 1.000000000000000000, 0.000000000000000000, 0.000000000000000000 ) ) ;
#5926 = UNCERTAINTY_MEASURE_WITH_UNIT (LENGTH_MEASURE( 1.000000000000000082E-05 ), #4586, 'distance_accuracy_value', 'NONE');
#5927 = LINE ( 'NONE', #5289, #3744 ) ;
#5928 = SURFACE_STYLE_USAGE ( .BOTH. , #1209 ) ;
#5929 = ORIENTED_EDGE ( 'NONE', *, *, #6454, .T. ) ;
#5930 = LINE ( 'NONE', #4524, #8316 ) ;
#5931 = CARTESIAN_POINT ( 'NONE',  ( 1.270000000000000018, -16.76400000000000290, 0.000000000000000000 ) ) ;
#5932 = DIRECTION ( 'NONE',  ( 2.453897423307444850E-18, 1.000000000000000000, 0.000000000000000000 ) ) ;
#5933 = SURFACE_SIDE_STYLE ('',( #8451 ) ) ;
#5934 =( GEOMETRIC_REPRESENTATION_CONTEXT ( 3 ) GLOBAL_UNCERTAINTY_ASSIGNED_CONTEXT ( ( #1829 ) ) GLOBAL_UNIT_ASSIGNED_CONTEXT ( ( #6864, #955, #92 ) ) REPRESENTATION_CONTEXT ( 'NONE', 'WORKASPACE' ) );
#5935 = DIRECTION ( 'NONE',  ( -1.000000000000000000, 0.000000000000000000, 0.000000000000000000 ) ) ;
#5936 = FILL_AREA_STYLE_COLOUR ( '', #502 ) ;
#5937 = UNCERTAINTY_MEASURE_WITH_UNIT (LENGTH_MEASURE( 1.000000000000000082E-05 ), #2097, 'distance_accuracy_value', 'NONE');
#5938 = CARTESIAN_POINT ( 'NONE',  ( -0.1600000000000000033, 0.1600000000000000033, 8.540000000000000924 ) ) ;
#5939 = SURFACE_STYLE_FILL_AREA ( #3302 ) ;
#5940 = DIRECTION ( 'NONE',  ( 1.000000000000000000, 0.000000000000000000, 0.000000000000000000 ) ) ;
#5941 = EDGE_LOOP ( 'NONE', ( #6755, #4947, #6080, #1548 ) ) ;
#5942 = CARTESIAN_POINT ( 'NONE',  ( -0.3200000000000000067, -15.55999999999999872, -2.839999999999999858 ) ) ;
#5943 = PRESENTATION_STYLE_ASSIGNMENT (( #3232 ) ) ;
#5944 = DIRECTION ( 'NONE',  ( 0.000000000000000000, 0.000000000000000000, 1.000000000000000000 ) ) ;
#5945 = SURFACE_SIDE_STYLE ('',( #3349 ) ) ;
#5946 = EDGE_CURVE ( 'NONE', #3575, #3852, #1501, .T. ) ;
#5947 =( NAMED_UNIT ( * ) SI_UNIT ( $, .STERADIAN. ) SOLID_ANGLE_UNIT ( ) );
#5948 = ORIENTED_EDGE ( 'NONE', *, *, #2301, .T. ) ;
#5949 = DIRECTION ( 'NONE',  ( 0.000000000000000000, 0.000000000000000000, 1.000000000000000000 ) ) ;
#5950 = VERTEX_POINT ( 'NONE', #1408 ) ;
#5951 = APPLICATION_CONTEXT ( 'automotive_design' ) ;
#5952 = LINE ( 'NONE', #6610, #6245 ) ;
#5953 = DIRECTION ( 'NONE',  ( 0.7071067811865475727, 1.735167508356890344E-18, -0.7071067811865475727 ) ) ;
#5954 = CARTESIAN_POINT ( 'NONE',  ( -0.3200000000000000067, -7.939999999999999503, -2.839999999999999858 ) ) ;
#5955 = SURFACE_SIDE_STYLE ('',( #2722 ) ) ;
#5956 = ADVANCED_FACE ( 'NONE', ( #218 ), #2199, .F. ) ;
#5957 = AXIS2_PLACEMENT_3D ( 'NONE', #5189, #1874, #2041 ) ;
#5958 = CARTESIAN_POINT ( 'NONE',  ( 0.05333333333332999915, -7.566666666666999497, 8.646666666667000456 ) ) ;
#5959 = CARTESIAN_POINT ( 'NONE',  ( -1.016000000000000014, -11.42999999999999972, 0.000000000000000000 ) ) ;
#5960 = VERTEX_POINT ( 'NONE', #4911 ) ;
#5961 = FILL_AREA_STYLE ('',( #2813 ) ) ;
#5962 = COLOUR_RGB ( '',0.1450980392156862586, 0.1411764705882352922, 0.1411764705882352922 ) ;
#5963 = CARTESIAN_POINT ( 'NONE',  ( -0.3200000000000000067, -12.38000000000000078, -3.000000000000000000 ) ) ;
#5964 = COLOUR_RGB ( '',0.1450980392156862586, 0.1411764705882352922, 0.1411764705882352922 ) ;
#5965 = SURFACE_SIDE_STYLE ('',( #3364 ) ) ;
#5966 = PRESENTATION_LAYER_ASSIGNMENT (  '', '', ( #1999 ) ) ;
#5967 = DIRECTION ( 'NONE',  ( 0.7071067811865474617, 0.7071067811865474617, 0.000000000000000000 ) ) ;
#5968 = FILL_AREA_STYLE ('',( #4822 ) ) ;
#5969 = AXIS2_PLACEMENT_3D ( 'NONE', #838, #6085, #6132 ) ;
#5970 = FILL_AREA_STYLE_COLOUR ( '', #7803 ) ;
#5971 = ORIENTED_EDGE ( 'NONE', *, *, #4704, .T. ) ;
#5972 = ADVANCED_FACE ( 'NONE', ( #6196 ), #2998, .T. ) ;
#5973 = FACE_OUTER_BOUND ( 'NONE', #6292, .T. ) ;
#5974 = VECTOR ( 'NONE', #8284, 1000.000000000000000 ) ;
#5975 = CARTESIAN_POINT ( 'NONE',  ( -0.1600000000000000033, -10.31999999999999851, -3.000000000000000000 ) ) ;
#5976 = PLANE ( 'NONE',  #860 ) ;
#5977 = CARTESIAN_POINT ( 'NONE',  ( -0.3200000000000000067, -4.604999999999999538, 2.540000000000000036 ) ) ;
#5978 =( LENGTH_UNIT ( ) NAMED_UNIT ( * ) SI_UNIT ( .MILLI., .METRE. ) );
#5979 = AXIS2_PLACEMENT_3D ( 'NONE', #5700, #7725, #3784 ) ;
#5980 = VECTOR ( 'NONE', #7745, 1000.000000000000000 ) ;
#5981 = SURFACE_STYLE_FILL_AREA ( #3378 ) ;
#5982 = CARTESIAN_POINT ( 'NONE',  ( 0.3200000000000000067, -5.400000000000000355, -3.000000000000000000 ) ) ;
#5983 = DIRECTION ( 'NONE',  ( 1.000000000000000000, 0.000000000000000000, 0.000000000000000000 ) ) ;
#5984 = FACE_OUTER_BOUND ( 'NONE', #4978, .T. ) ;
#5985 = ORIENTED_EDGE ( 'NONE', *, *, #4640, .T. ) ;
#5986 = CARTESIAN_POINT ( 'NONE',  ( -0.3200000000000000067, -2.299999999999999822, -2.919999999999999929 ) ) ;
#5987 = AXIS2_PLACEMENT_3D ( 'NONE', #4882, #6999, #5002 ) ;
#5988 = AXIS2_PLACEMENT_3D ( 'NONE', #4601, #7865, #680 ) ;
#5989 = LINE ( 'NONE', #96, #85 ) ;
#5990 =( GEOMETRIC_REPRESENTATION_CONTEXT ( 3 ) GLOBAL_UNCERTAINTY_ASSIGNED_CONTEXT ( ( #342 ) ) GLOBAL_UNIT_ASSIGNED_CONTEXT ( ( #7457, #192, #4149 ) ) REPRESENTATION_CONTEXT ( 'NONE', 'WORKASPACE' ) );
#5991 = CARTESIAN_POINT ( 'NONE',  ( 1.270000000000000018, -6.096000000000000085, 0.000000000000000000 ) ) ;
#5992 = VERTEX_POINT ( 'NONE', #3759 ) ;
#5993 = LINE ( 'NONE', #4710, #490 ) ;
#5994 = ORIENTED_EDGE ( 'NONE', *, *, #6324, .T. ) ;
#5995 = DIRECTION ( 'NONE',  ( 0.000000000000000000, 1.000000000000000000, 0.000000000000000000 ) ) ;
#5996 = SURFACE_STYLE_USAGE ( .BOTH. , #6694 ) ;
#5997 = EDGE_CURVE ( 'NONE', #2952, #790, #1024, .T. ) ;
#5998 = FILL_AREA_STYLE_COLOUR ( '', #5564 ) ;
#5999 = PRESENTATION_STYLE_ASSIGNMENT (( #6739 ) ) ;
#6000 = ORIENTED_EDGE ( 'NONE', *, *, #7002, .F. ) ;
#6001 = LINE ( 'NONE', #2806, #7795 ) ;
#6002 = SURFACE_STYLE_USAGE ( .BOTH. , #2183 ) ;
#6003 = EDGE_CURVE ( 'NONE', #7462, #1631, #398, .T. ) ;
#6004 = DIRECTION ( 'NONE',  ( 1.000000000000000000, 0.000000000000000000, 0.000000000000000000 ) ) ;
#6005 = ORIENTED_EDGE ( 'NONE', *, *, #878, .F. ) ;
#6006 = DIRECTION ( 'NONE',  ( 0.000000000000000000, 0.000000000000000000, 1.000000000000000000 ) ) ;
#6007 = EDGE_LOOP ( 'NONE', ( #4914, #333, #7507, #7272 ) ) ;
#6008 = DIRECTION ( 'NONE',  ( 0.000000000000000000, 1.000000000000000000, 0.000000000000000000 ) ) ;
#6009 = VECTOR ( 'NONE', #8392, 1000.000000000000114 ) ;
#6010 = AXIS2_PLACEMENT_3D ( 'NONE', #8146, #5504, #7997 ) ;
#6011 =( NAMED_UNIT ( * ) PLANE_ANGLE_UNIT ( ) SI_UNIT ( $, .RADIAN. ) );
#6012 = SURFACE_SIDE_STYLE ('',( #4819 ) ) ;
#6013 = STYLED_ITEM ( 'NONE', ( #7435 ), #6986 ) ;
#6014 = AXIS2_PLACEMENT_3D ( 'NONE', #5280, #756, #2857 ) ;
#6015 = CARTESIAN_POINT ( 'NONE',  ( 1.016000000000000014, -8.890000000000000568, 0.000000000000000000 ) ) ;
#6016 = ORIENTED_EDGE ( 'NONE', *, *, #4529, .T. ) ;
#6017 = PRESENTATION_STYLE_ASSIGNMENT (( #6061 ) ) ;
#6018 =( LENGTH_UNIT ( ) NAMED_UNIT ( * ) SI_UNIT ( .MILLI., .METRE. ) );
#6019 =( LENGTH_UNIT ( ) NAMED_UNIT ( * ) SI_UNIT ( .MILLI., .METRE. ) );
#6020 = AXIS2_PLACEMENT_3D ( 'NONE', #6929, #300, #6188 ) ;
#6021 = FILL_AREA_STYLE_COLOUR ( '', #7493 ) ;
#6022 = PRESENTATION_STYLE_ASSIGNMENT (( #6554 ) ) ;
#6023 =( LENGTH_UNIT ( ) NAMED_UNIT ( * ) SI_UNIT ( .MILLI., .METRE. ) );
#6024 = ORIENTED_EDGE ( 'NONE', *, *, #4025, .F. ) ;
#6025 = DIRECTION ( 'NONE',  ( 0.000000000000000000, 0.000000000000000000, -1.000000000000000000 ) ) ;
#6026 = CARTESIAN_POINT ( 'NONE',  ( 1.270000000000000018, -11.17600000000000016, 0.000000000000000000 ) ) ;
#6027 = LINE ( 'NONE', #134, #3350 ) ;
#6028 = SURFACE_SIDE_STYLE ('',( #3436 ) ) ;
#6029 =( NAMED_UNIT ( * ) SI_UNIT ( $, .STERADIAN. ) SOLID_ANGLE_UNIT ( ) );
#6030 = STYLED_ITEM ( 'NONE', ( #6681 ), #7533 ) ;
#6031 = EDGE_CURVE ( 'NONE', #7975, #6904, #4218, .T. ) ;
#6032 =( NAMED_UNIT ( * ) PLANE_ANGLE_UNIT ( ) SI_UNIT ( $, .RADIAN. ) );
#6033 = UNCERTAINTY_MEASURE_WITH_UNIT (LENGTH_MEASURE( 1.000000000000000082E-05 ), #1379, 'distance_accuracy_value', 'NONE');
#6034 = DIRECTION ( 'NONE',  ( 0.000000000000000000, -1.000000000000000000, 0.000000000000000000 ) ) ;
#6035 = ORIENTED_EDGE ( 'NONE', *, *, #968, .F. ) ;
#6036 = ORIENTED_EDGE ( 'NONE', *, *, #6176, .F. ) ;
#6037 = ORIENTED_EDGE ( 'NONE', *, *, #6790, .T. ) ;
#6038 =( NAMED_UNIT ( * ) SI_UNIT ( $, .STERADIAN. ) SOLID_ANGLE_UNIT ( ) );
#6039 =( GEOMETRIC_REPRESENTATION_CONTEXT ( 3 ) GLOBAL_UNCERTAINTY_ASSIGNED_CONTEXT ( ( #4152 ) ) GLOBAL_UNIT_ASSIGNED_CONTEXT ( ( #176, #1413, #7831 ) ) REPRESENTATION_CONTEXT ( 'NONE', 'WORKASPACE' ) );
#6040 = EDGE_CURVE ( 'NONE', #2812, #4369, #345, .T. ) ;
#6041 = EDGE_CURVE ( 'NONE', #643, #1797, #7656, .T. ) ;
#6042 = LINE ( 'NONE', #927, #8465 ) ;
#6043 = DIRECTION ( 'NONE',  ( 0.000000000000000000, 0.000000000000000000, 1.000000000000000000 ) ) ;
#6044 =( GEOMETRIC_REPRESENTATION_CONTEXT ( 3 ) GLOBAL_UNCERTAINTY_ASSIGNED_CONTEXT ( ( #7234 ) ) GLOBAL_UNIT_ASSIGNED_CONTEXT ( ( #1412, #769, #125 ) ) REPRESENTATION_CONTEXT ( 'NONE', 'WORKASPACE' ) );
#6045 = EDGE_CURVE ( 'NONE', #5558, #707, #2958, .T. ) ;
#6046 = CARTESIAN_POINT ( 'NONE',  ( -0.3200000000000000067, -2.220000000000000195, -3.000000000000000000 ) ) ;
#6047 = FACE_BOUND ( 'NONE', #5192, .T. ) ;
#6048 =( NAMED_UNIT ( * ) PLANE_ANGLE_UNIT ( ) SI_UNIT ( $, .RADIAN. ) );
#6049 = ORIENTED_EDGE ( 'NONE', *, *, #628, .T. ) ;
#6050 =( NAMED_UNIT ( * ) PLANE_ANGLE_UNIT ( ) SI_UNIT ( $, .RADIAN. ) );
#6051 = ORIENTED_EDGE ( 'NONE', *, *, #4747, .T. ) ;
#6052 = APPLICATION_PROTOCOL_DEFINITION ( 'draft international standard', 'automotive_design', 1998, #4530 ) ;
#6053 = MECHANICAL_DESIGN_GEOMETRIC_PRESENTATION_REPRESENTATION (  '', ( #5366 ), #2372 ) ;
#6054 = ORIENTED_EDGE ( 'NONE', *, *, #7193, .F. ) ;
#6055 = DIRECTION ( 'NONE',  ( 1.000000000000000000, 0.000000000000000000, 0.000000000000000000 ) ) ;
#6056 = PRESENTATION_LAYER_ASSIGNMENT (  '', '', ( #4962 ) ) ;
#6057 = COLOUR_RGB ( '',0.8588235294117646523, 0.7372549019607843590, 0.4941176470588235503 ) ;
#6058 = LINE ( 'NONE', #165, #862 ) ;
#6059 = FILL_AREA_STYLE ('',( #71 ) ) ;
#6060 = ORIENTED_EDGE ( 'NONE', *, *, #5334, .T. ) ;
#6061 = SURFACE_STYLE_USAGE ( .BOTH. , #3369 ) ;
#6062 = VECTOR ( 'NONE', #2833, 1000.000000000000000 ) ;
#6063 =( GEOMETRIC_REPRESENTATION_CONTEXT ( 3 ) GLOBAL_UNCERTAINTY_ASSIGNED_CONTEXT ( ( #2251 ) ) GLOBAL_UNIT_ASSIGNED_CONTEXT ( ( #8081, #6785, #6137 ) ) REPRESENTATION_CONTEXT ( 'NONE', 'WORKASPACE' ) );
#6064 =( NAMED_UNIT ( * ) SI_UNIT ( $, .STERADIAN. ) SOLID_ANGLE_UNIT ( ) );
#6065 =( NAMED_UNIT ( * ) SI_UNIT ( $, .STERADIAN. ) SOLID_ANGLE_UNIT ( ) );
#6066 = ADVANCED_FACE ( 'NONE', ( #6847 ), #1718, .F. ) ;
#6067 = DIRECTION ( 'NONE',  ( -0.7071067811865474617, 0.7071067811865474617, 0.000000000000000000 ) ) ;
#6068 =( NAMED_UNIT ( * ) PLANE_ANGLE_UNIT ( ) SI_UNIT ( $, .RADIAN. ) );
#6069 = ORIENTED_EDGE ( 'NONE', *, *, #6795, .F. ) ;
#6070 = VERTEX_POINT ( 'NONE', #3322 ) ;
#6071 =( NAMED_UNIT ( * ) SI_UNIT ( $, .STERADIAN. ) SOLID_ANGLE_UNIT ( ) );
#6072 = DIRECTION ( 'NONE',  ( 0.000000000000000000, 0.000000000000000000, 1.000000000000000000 ) ) ;
#6073 = DIRECTION ( 'NONE',  ( 0.000000000000000000, 1.000000000000000000, 0.000000000000000000 ) ) ;
#6074 =( NAMED_UNIT ( * ) PLANE_ANGLE_UNIT ( ) SI_UNIT ( $, .RADIAN. ) );
#6075 = COLOUR_RGB ( '',0.8588235294117646523, 0.7372549019607843590, 0.4941176470588235503 ) ;
#6076 = SURFACE_SIDE_STYLE ('',( #4750 ) ) ;
#6077 = PLANE ( 'NONE',  #3075 ) ;
#6078 = ORIENTED_EDGE ( 'NONE', *, *, #8472, .T. ) ;
#6079 = DIRECTION ( 'NONE',  ( -0.7071067811865474617, -0.7071067811865474617, 0.000000000000000000 ) ) ;
#6080 = ORIENTED_EDGE ( 'NONE', *, *, #6747, .F. ) ;
#6081 = VERTEX_POINT ( 'NONE', #3162 ) ;
#6082 = EDGE_CURVE ( 'NONE', #207, #3790, #7817, .T. ) ;
#6083 = DIRECTION ( 'NONE',  ( 0.000000000000000000, 0.000000000000000000, 1.000000000000000000 ) ) ;
#6084 = EDGE_CURVE ( 'NONE', #1584, #3276, #1890, .T. ) ;
#6085 = DIRECTION ( 'NONE',  ( -0.7071067811865475727, -0.7071067811865475727, 0.000000000000000000 ) ) ;
#6086 =( LENGTH_UNIT ( ) NAMED_UNIT ( * ) SI_UNIT ( .MILLI., .METRE. ) );
#6087 = CARTESIAN_POINT ( 'NONE',  ( 0.3200000000000000067, 0.3200000000000000067, 8.380000000000000782 ) ) ;
#6088 = FILL_AREA_STYLE ('',( #6743 ) ) ;
#6089 =( NAMED_UNIT ( * ) PLANE_ANGLE_UNIT ( ) SI_UNIT ( $, .RADIAN. ) );
#6090 = ORIENTED_EDGE ( 'NONE', *, *, #4517, .T. ) ;
#6091 = DIRECTION ( 'NONE',  ( 0.000000000000000000, 1.000000000000000000, 0.000000000000000000 ) ) ;
#6092 = VERTEX_POINT ( 'NONE', #3247 ) ;
#6093 = EDGE_LOOP ( 'NONE', ( #8160, #3255, #289, #4097 ) ) ;
#6094 = MECHANICAL_DESIGN_GEOMETRIC_PRESENTATION_REPRESENTATION (  '', ( #7469 ), #3653 ) ;
#6095 = FILL_AREA_STYLE_COLOUR ( '', #6286 ) ;
#6096 = PRESENTATION_STYLE_ASSIGNMENT (( #4085 ) ) ;
#6097 = CARTESIAN_POINT ( 'NONE',  ( -0.3200000000000000067, -0.3200000000000000067, -3.000000000000000000 ) ) ;
#6098 = UNCERTAINTY_MEASURE_WITH_UNIT (LENGTH_MEASURE( 1.000000000000000082E-05 ), #5381, 'distance_accuracy_value', 'NONE');
#6099 = EDGE_LOOP ( 'NONE', ( #5658, #7496, #847, #716 ) ) ;
#6100 = DIRECTION ( 'NONE',  ( 0.000000000000000000, 1.000000000000000000, 0.000000000000000000 ) ) ;
#6101 = VERTEX_POINT ( 'NONE', #8402 ) ;
#6102 = FILL_AREA_STYLE ('',( #3418 ) ) ;
#6103 =( NAMED_UNIT ( * ) PLANE_ANGLE_UNIT ( ) SI_UNIT ( $, .RADIAN. ) );
#6104 = PRESENTATION_STYLE_ASSIGNMENT (( #8049 ) ) ;
#6105 = ADVANCED_FACE ( 'NONE', ( #4555 ), #5841, .T. ) ;
#6106 = CARTESIAN_POINT ( 'NONE',  ( 0.1600000000000000033, -7.779999999999999361, -3.000000000000000000 ) ) ;
#6107 = VECTOR ( 'NONE', #5363, 1000.000000000000000 ) ;
#6108 = VECTOR ( 'NONE', #5935, 1000.000000000000000 ) ;
#6109 = FACE_OUTER_BOUND ( 'NONE', #8375, .T. ) ;
#6110 = DIRECTION ( 'NONE',  ( 0.000000000000000000, -0.7071067811865475727, 0.7071067811865475727 ) ) ;
#6111 = ORIENTED_EDGE ( 'NONE', *, *, #4030, .F. ) ;
#6112 = ORIENTED_EDGE ( 'NONE', *, *, #7393, .T. ) ;
#6113 = EDGE_CURVE ( 'NONE', #1595, #6364, #4469, .T. ) ;
#6114 = PRESENTATION_STYLE_ASSIGNMENT (( #4700 ) ) ;
#6115 = VECTOR ( 'NONE', #7809, 1000.000000000000000 ) ;
#6116 = DIRECTION ( 'NONE',  ( 0.000000000000000000, 0.000000000000000000, -1.000000000000000000 ) ) ;
#6117 = AXIS2_PLACEMENT_3D ( 'NONE', #3742, #6358, #7092 ) ;
#6118 = COLOUR_RGB ( '',0.8588235294117646523, 0.7372549019607843590, 0.4941176470588235503 ) ;
#6119 = AXIS2_PLACEMENT_3D ( 'NONE', #272, #2926, #1854 ) ;
#6120 = SURFACE_SIDE_STYLE ('',( #5346 ) ) ;
#6121 = MECHANICAL_DESIGN_GEOMETRIC_PRESENTATION_REPRESENTATION (  '', ( #361 ), #5849 ) ;
#6122 = LINE ( 'NONE', #237, #6899 ) ;
#6124 = VECTOR ( 'NONE', #3214, 1000.000000000000000 ) ;
#6123 = UNCERTAINTY_MEASURE_WITH_UNIT (LENGTH_MEASURE( 1.000000000000000082E-05 ), #2091, 'distance_accuracy_value', 'NONE');
#6125 =( NAMED_UNIT ( * ) SI_UNIT ( $, .STERADIAN. ) SOLID_ANGLE_UNIT ( ) );
#6126 = ORIENTED_EDGE ( 'NONE', *, *, #4399, .T. ) ;
#6127 = SURFACE_STYLE_USAGE ( .BOTH. , #7506 ) ;
#6128 = COLOUR_RGB ( '',0.8588235294117646523, 0.7372549019607843590, 0.4941176470588235503 ) ;
#6129 = ORIENTED_EDGE ( 'NONE', *, *, #719, .T. ) ;
#6130 = VECTOR ( 'NONE', #7295, 1000.000000000000000 ) ;
#6131 = ORIENTED_EDGE ( 'NONE', *, *, #5898, .F. ) ;
#6132 = DIRECTION ( 'NONE',  ( -0.7071067811865475727, 0.7071067811865475727, 0.000000000000000000 ) ) ;
#6133 = PLANE ( 'NONE',  #2990 ) ;
#6134 = DIRECTION ( 'NONE',  ( 0.5773502691896257311, 0.5773502691896257311, 0.5773502691896257311 ) ) ;
#6135 = VECTOR ( 'NONE', #5102, 1000.000000000000114 ) ;
#6136 = VECTOR ( 'NONE', #7456, 1000.000000000000000 ) ;
#6137 =( NAMED_UNIT ( * ) SI_UNIT ( $, .STERADIAN. ) SOLID_ANGLE_UNIT ( ) );
#6138 = CARTESIAN_POINT ( 'NONE',  ( 0.3200000000000000067, -17.46000000000000085, 0.000000000000000000 ) ) ;
#6139 = EDGE_LOOP ( 'NONE', ( #2113, #163, #3175, #8099 ) ) ;
#6140 = ORIENTED_EDGE ( 'NONE', *, *, #3028, .T. ) ;
#6141 = ORIENTED_EDGE ( 'NONE', *, *, #684, .T. ) ;
#6142 = VECTOR ( 'NONE', #4839, 1000.000000000000000 ) ;
#6143 = SURFACE_STYLE_USAGE ( .BOTH. , #3548 ) ;
#6144 = DIRECTION ( 'NONE',  ( 1.000000000000000000, 0.000000000000000000, 0.000000000000000000 ) ) ;
#6145 = PLANE ( 'NONE',  #5446 ) ;
#6146 = VERTEX_POINT ( 'NONE', #3880 ) ;
#6147 = FILL_AREA_STYLE ('',( #7443 ) ) ;
#6148 = ORIENTED_EDGE ( 'NONE', *, *, #6156, .T. ) ;
#6149 = SURFACE_STYLE_FILL_AREA ( #6801 ) ;
#6150 = MECHANICAL_DESIGN_GEOMETRIC_PRESENTATION_REPRESENTATION (  '', ( #4507 ), #6437 ) ;
#6151 = DIRECTION ( 'NONE',  ( 0.000000000000000000, 0.000000000000000000, 1.000000000000000000 ) ) ;
#6152 = DIRECTION ( 'NONE',  ( 0.000000000000000000, 1.000000000000000000, 0.000000000000000000 ) ) ;
#6153 = ADVANCED_FACE ( 'NONE', ( #6456 ), #520, .F. ) ;
#6154 = AXIS2_PLACEMENT_3D ( 'NONE', #889, #2729, #7991 ) ;
#6155 = SURFACE_SIDE_STYLE ('',( #5981 ) ) ;
#6156 = EDGE_CURVE ( 'NONE', #3248, #266, #6701, .T. ) ;
#6157 = EDGE_CURVE ( 'NONE', #6421, #1903, #4118, .T. ) ;
#6158 = PRESENTATION_STYLE_ASSIGNMENT (( #3564 ) ) ;
#6159 = ORIENTED_EDGE ( 'NONE', *, *, #5788, .T. ) ;
#6160 = ORIENTED_EDGE ( 'NONE', *, *, #1497, .T. ) ;
#6161 = DIRECTION ( 'NONE',  ( 0.000000000000000000, 1.000000000000000000, 0.000000000000000000 ) ) ;
#6162 = CARTESIAN_POINT ( 'NONE',  ( -0.3200000000000000067, -13.01999999999999957, 8.380000000000000782 ) ) ;
#6163 = AXIS2_PLACEMENT_3D ( 'NONE', #7371, #5953, #5316 ) ;
#6164 = STYLED_ITEM ( 'NONE', ( #2811 ), #6290 ) ;
#6165 =( LENGTH_UNIT ( ) NAMED_UNIT ( * ) SI_UNIT ( .MILLI., .METRE. ) );
#6166 = EDGE_CURVE ( 'NONE', #3740, #3748, #6745, .T. ) ;
#6167 = SURFACE_SIDE_STYLE ('',( #6820 ) ) ;
#6168 = PRESENTATION_LAYER_ASSIGNMENT (  '', '', ( #7946 ) ) ;
#6169 = SURFACE_SIDE_STYLE ('',( #3617 ) ) ;
#6170 = ORIENTED_EDGE ( 'NONE', *, *, #7510, .F. ) ;
#6171 = LINE ( 'NONE', #6217, #7348 ) ;
#6172 = ORIENTED_EDGE ( 'NONE', *, *, #1320, .F. ) ;
#6173 = EDGE_LOOP ( 'NONE', ( #6721, #6882, #651, #8326 ) ) ;
#6174 = FILL_AREA_STYLE ('',( #4889 ) ) ;
#6175 =( GEOMETRIC_REPRESENTATION_CONTEXT ( 3 ) GLOBAL_UNCERTAINTY_ASSIGNED_CONTEXT ( ( #4063 ) ) GLOBAL_UNIT_ASSIGNED_CONTEXT ( ( #1912, #546, #8422 ) ) REPRESENTATION_CONTEXT ( 'NONE', 'WORKASPACE' ) );
#6176 = EDGE_CURVE ( 'NONE', #5817, #296, #112, .T. ) ;
#6177 =( NAMED_UNIT ( * ) SI_UNIT ( $, .STERADIAN. ) SOLID_ANGLE_UNIT ( ) );
#6178 = LINE ( 'NONE', #8173, #4047 ) ;
#6179 = CARTESIAN_POINT ( 'NONE',  ( 1.016000000000000014, 1.270000000000000018, 0.000000000000000000 ) ) ;
#6180 = FILL_AREA_STYLE ('',( #6924 ) ) ;
#6181 = SURFACE_SIDE_STYLE ('',( #7471 ) ) ;
#6182 = ORIENTED_EDGE ( 'NONE', *, *, #6962, .F. ) ;
#6183 = COLOUR_RGB ( '',0.1450980392156862586, 0.1411764705882352922, 0.1411764705882352922 ) ;
#6184 = EDGE_LOOP ( 'NONE', ( #6445, #7226, #8500, #2831 ) ) ;
#6185 = EDGE_CURVE ( 'NONE', #5992, #5600, #6617, .T. ) ;
#6186 = VECTOR ( 'NONE', #510, 1000.000000000000000 ) ;
#6187 = ORIENTED_EDGE ( 'NONE', *, *, #3525, .F. ) ;
#6188 = DIRECTION ( 'NONE',  ( 0.000000000000000000, 0.000000000000000000, 1.000000000000000000 ) ) ;
#6189 = FACE_OUTER_BOUND ( 'NONE', #7667, .T. ) ;
#6190 = CARTESIAN_POINT ( 'NONE',  ( 1.270000000000000018, -18.79599999999999937, 2.540000000000000036 ) ) ;
#6191 = VECTOR ( 'NONE', #2658, 1000.000000000000114 ) ;
#6192 = DIRECTION ( 'NONE',  ( 0.000000000000000000, 1.000000000000000000, 0.000000000000000000 ) ) ;
#6193 = VECTOR ( 'NONE', #4879, 1000.000000000000000 ) ;
#6194 = UNCERTAINTY_MEASURE_WITH_UNIT (LENGTH_MEASURE( 1.000000000000000082E-05 ), #4939, 'distance_accuracy_value', 'NONE');
#6195 = ORIENTED_EDGE ( 'NONE', *, *, #1472, .F. ) ;
#6196 = FACE_OUTER_BOUND ( 'NONE', #2586, .T. ) ;
#6197 = AXIS2_PLACEMENT_3D ( 'NONE', #7263, #82, #1553 ) ;
#6198 = ORIENTED_EDGE ( 'NONE', *, *, #1383, .F. ) ;
#6199 = EDGE_CURVE ( 'NONE', #2326, #160, #2092, .T. ) ;
#6200 = CARTESIAN_POINT ( 'NONE',  ( 0.1600000000000000033, -17.94000000000000128, 8.540000000000000924 ) ) ;
#6201 = CARTESIAN_POINT ( 'NONE',  ( -1.016000000000000014, -16.51000000000000156, 0.000000000000000000 ) ) ;
#6202 = EDGE_CURVE ( 'NONE', #8085, #3517, #159, .T. ) ;
#6204 = CARTESIAN_POINT ( 'NONE',  ( -0.1600000000000000033, -17.46000000000000085, 2.540000000000000036 ) ) ;
#6203 = COLOUR_RGB ( '',0.8588235294117646523, 0.7372549019607843590, 0.4941176470588235503 ) ;
#6205 = DIRECTION ( 'NONE',  ( -1.000000000000000000, 2.453897423307444850E-18, 0.000000000000000000 ) ) ;
#6206 = CARTESIAN_POINT ( 'NONE',  ( -0.2400000000000000189, -7.939999999999999503, -2.919999999999999929 ) ) ;
#6207 = VERTEX_POINT ( 'NONE', #3492 ) ;
#6208 = ORIENTED_EDGE ( 'NONE', *, *, #3281, .F. ) ;
#6209 = VECTOR ( 'NONE', #5006, 1000.000000000000114 ) ;
#6210 = LINE ( 'NONE', #8206, #5246 ) ;
#6211 =( LENGTH_UNIT ( ) NAMED_UNIT ( * ) SI_UNIT ( .MILLI., .METRE. ) );
#6212 = SURFACE_STYLE_USAGE ( .BOTH. , #6865 ) ;
#6213 = FILL_AREA_STYLE ('',( #5737 ) ) ;
#6214 = DIRECTION ( 'NONE',  ( -0.000000000000000000, 1.000000000000000000, 0.000000000000000000 ) ) ;
#6215 = AXIS2_PLACEMENT_3D ( 'NONE', #5382, #6811, #8156 ) ;
#6216 = VERTEX_POINT ( 'NONE', #5959 ) ;
#6217 = CARTESIAN_POINT ( 'NONE',  ( 0.3200000000000000067, -15.55999999999999872, -3.000000000000000000 ) ) ;
#6218 = ORIENTED_EDGE ( 'NONE', *, *, #3664, .F. ) ;
#6219 = ORIENTED_EDGE ( 'NONE', *, *, #4042, .T. ) ;
#6220 =( LENGTH_UNIT ( ) NAMED_UNIT ( * ) SI_UNIT ( .MILLI., .METRE. ) );
#6221 = FILL_AREA_STYLE ('',( #746 ) ) ;
#6222 = AXIS2_PLACEMENT_3D ( 'NONE', #3297, #1948, #4571 ) ;
#6223 = EDGE_CURVE ( 'NONE', #1537, #1721, #802, .T. ) ;
#6224 = SURFACE_SIDE_STYLE ('',( #1007 ) ) ;
#6225 = LINE ( 'NONE', #1054, #7763 ) ;
#6226 = CARTESIAN_POINT ( 'NONE',  ( -0.1600000000000000033, 0.1600000000000000033, -3.000000000000000000 ) ) ;
#6227 =( NAMED_UNIT ( * ) PLANE_ANGLE_UNIT ( ) SI_UNIT ( $, .RADIAN. ) );
#6228 = SURFACE_SIDE_STYLE ('',( #6700 ) ) ;
#6229 = ORIENTED_EDGE ( 'NONE', *, *, #6156, .F. ) ;
#6230 = ORIENTED_EDGE ( 'NONE', *, *, #7142, .T. ) ;
#6231 = FACE_OUTER_BOUND ( 'NONE', #6749, .T. ) ;
#6232 = DIRECTION ( 'NONE',  ( 0.000000000000000000, 0.000000000000000000, 1.000000000000000000 ) ) ;
#6233 = DIRECTION ( 'NONE',  ( 0.000000000000000000, 0.000000000000000000, 1.000000000000000000 ) ) ;
#6234 = EDGE_CURVE ( 'NONE', #8216, #2162, #4718, .T. ) ;
#6235 = LINE ( 'NONE', #395, #79 ) ;
#6236 = VERTEX_POINT ( 'NONE', #3997 ) ;
#6237 =( LENGTH_UNIT ( ) NAMED_UNIT ( * ) SI_UNIT ( .MILLI., .METRE. ) );
#6238 = ORIENTED_EDGE ( 'NONE', *, *, #1219, .T. ) ;
#6239 =( NAMED_UNIT ( * ) SI_UNIT ( $, .STERADIAN. ) SOLID_ANGLE_UNIT ( ) );
#6240 = VECTOR ( 'NONE', #2788, 1000.000000000000000 ) ;
#6241 = CARTESIAN_POINT ( 'NONE',  ( -0.3200000000000000067, -18.10000000000000142, -3.000000000000000000 ) ) ;
#6242 = FILL_AREA_STYLE_COLOUR ( '', #1400 ) ;
#6243 = PRODUCT_DEFINITION_SHAPE ( 'NONE', 'NONE',  #8531 ) ;
#6244 = LINE ( 'NONE', #4309, #627 ) ;
#6245 = VECTOR ( 'NONE', #1304, 1000.000000000000114 ) ;
#6246 = PLANE ( 'NONE',  #6119 ) ;
#6247 = EDGE_CURVE ( 'NONE', #266, #755, #4034, .T. ) ;
#6248 = PLANE ( 'NONE',  #5237 ) ;
#6249 = DIRECTION ( 'NONE',  ( 0.000000000000000000, 0.000000000000000000, 1.000000000000000000 ) ) ;
#6250 = ORIENTED_EDGE ( 'NONE', *, *, #1910, .T. ) ;
#6251 = ORIENTED_EDGE ( 'NONE', *, *, #912, .F. ) ;
#6252 = DIRECTION ( 'NONE',  ( 2.453897423307444850E-18, 1.000000000000000000, 0.000000000000000000 ) ) ;
#6253 = DIRECTION ( 'NONE',  ( 1.000000000000000000, 0.000000000000000000, 0.000000000000000000 ) ) ;
#6254 = CARTESIAN_POINT ( 'NONE',  ( 1.270000000000000018, -9.144000000000000128, 0.000000000000000000 ) ) ;
#6255 = CARTESIAN_POINT ( 'NONE',  ( 0.3200000000000000067, -9.684999999999998721, 2.540000000000000036 ) ) ;
#6256 = MECHANICAL_DESIGN_GEOMETRIC_PRESENTATION_REPRESENTATION (  '', ( #5146 ), #7202 ) ;
#6257 =( GEOMETRIC_REPRESENTATION_CONTEXT ( 3 ) GLOBAL_UNCERTAINTY_ASSIGNED_CONTEXT ( ( #4477 ) ) GLOBAL_UNIT_ASSIGNED_CONTEXT ( ( #3273, #2632, #4582 ) ) REPRESENTATION_CONTEXT ( 'NONE', 'WORKASPACE' ) );
#6258 =( GEOMETRIC_REPRESENTATION_CONTEXT ( 3 ) GLOBAL_UNCERTAINTY_ASSIGNED_CONTEXT ( ( #606 ) ) GLOBAL_UNIT_ASSIGNED_CONTEXT ( ( #7570, #2353, #8242 ) ) REPRESENTATION_CONTEXT ( 'NONE', 'WORKASPACE' ) );
#6259 = VECTOR ( 'NONE', #2907, 1000.000000000000114 ) ;
#6260 =( NAMED_UNIT ( * ) SI_UNIT ( $, .STERADIAN. ) SOLID_ANGLE_UNIT ( ) );
#6261 =( NAMED_UNIT ( * ) SI_UNIT ( $, .STERADIAN. ) SOLID_ANGLE_UNIT ( ) );
#6262 = ORIENTED_EDGE ( 'NONE', *, *, #5543, .T. ) ;
#6263 = COLOUR_RGB ( '',0.8588235294117646523, 0.7372549019607843590, 0.4941176470588235503 ) ;
#6264 = ORIENTED_EDGE ( 'NONE', *, *, #6805, .F. ) ;
#6265 = SURFACE_STYLE_FILL_AREA ( #1832 ) ;
#6266 = PRESENTATION_STYLE_ASSIGNMENT (( #325 ) ) ;
#6267 = VECTOR ( 'NONE', #6480, 1000.000000000000114 ) ;
#6268 = STYLED_ITEM ( 'NONE', ( #1337 ), #6821 ) ;
#6269 = AXIS2_PLACEMENT_3D ( 'NONE', #4559, #8525, #7066 ) ;
#6270 = PRESENTATION_LAYER_ASSIGNMENT (  '', '', ( #6414 ) ) ;
#6271 = MECHANICAL_DESIGN_GEOMETRIC_PRESENTATION_REPRESENTATION (  '', ( #762 ), #2591 ) ;
#6272 = CARTESIAN_POINT ( 'NONE',  ( -0.3200000000000000067, -10.48000000000000043, 8.380000000000000782 ) ) ;
#6273 = CARTESIAN_POINT ( 'NONE',  ( -0.2400000000000000189, -15.55999999999999872, -2.919999999999999929 ) ) ;
#6274 = ORIENTED_EDGE ( 'NONE', *, *, #5885, .F. ) ;
#6275 = PRESENTATION_STYLE_ASSIGNMENT (( #976 ) ) ;
#6276 = ORIENTED_EDGE ( 'NONE', *, *, #548, .T. ) ;
#6277 = EDGE_CURVE ( 'NONE', #5600, #4933, #7379, .T. ) ;
#6278 = EDGE_CURVE ( 'NONE', #3606, #7540, #8084, .T. ) ;
#6279 = CARTESIAN_POINT ( 'NONE',  ( 1.270000000000000018, -18.79599999999999937, 2.540000000000000036 ) ) ;
#6280 = CARTESIAN_POINT ( 'NONE',  ( -0.3200000000000000067, -15.55999999999999872, -3.000000000000000000 ) ) ;
#6281 =( NAMED_UNIT ( * ) PLANE_ANGLE_UNIT ( ) SI_UNIT ( $, .RADIAN. ) );
#6282 = COLOUR_RGB ( '',0.1450980392156862586, 0.1411764705882352922, 0.1411764705882352922 ) ;
#6283 = DIRECTION ( 'NONE',  ( 1.000000000000000000, 0.000000000000000000, 0.000000000000000000 ) ) ;
#6284 = DIRECTION ( 'NONE',  ( 0.000000000000000000, 0.000000000000000000, 1.000000000000000000 ) ) ;
#6285 = ADVANCED_FACE ( 'NONE', ( #5917 ), #1492, .F. ) ;
#6286 = COLOUR_RGB ( '',0.8588235294117646523, 0.7372549019607843590, 0.4941176470588235503 ) ;
#6287 = UNCERTAINTY_MEASURE_WITH_UNIT (LENGTH_MEASURE( 1.000000000000000082E-05 ), #98, 'distance_accuracy_value', 'NONE');
#6288 = EDGE_LOOP ( 'NONE', ( #6993, #3883, #4128, #8253 ) ) ;
#6289 = DIRECTION ( 'NONE',  ( 1.000000000000000000, 0.000000000000000000, 0.000000000000000000 ) ) ;
#6290 = ADVANCED_BREP_SHAPE_REPRESENTATION ( '', ( #3284, #264 ), #5456 ) ;
#6291 = VECTOR ( 'NONE', #8425, 1000.000000000000000 ) ;
#6292 = EDGE_LOOP ( 'NONE', ( #1449, #1761, #2957, #1668 ) ) ;
#6293 = DIRECTION ( 'NONE',  ( 0.7071067811865474617, -0.7071067811865474617, 0.000000000000000000 ) ) ;
#6294 = SURFACE_STYLE_FILL_AREA ( #8149 ) ;
#6295 = DIRECTION ( 'NONE',  ( -0.7071067811865474617, 0.7071067811865474617, 0.000000000000000000 ) ) ;
#6296 = PRESENTATION_STYLE_ASSIGNMENT (( #7027 ) ) ;
#6297 = CARTESIAN_POINT ( 'NONE',  ( -1.270000000000000018, -1.016000000000000014, 0.000000000000000000 ) ) ;
#6298 = ORIENTED_EDGE ( 'NONE', *, *, #6247, .F. ) ;
#6299 = ORIENTED_EDGE ( 'NONE', *, *, #6040, .F. ) ;
#6300 = DIRECTION ( 'NONE',  ( 0.000000000000000000, 0.000000000000000000, 1.000000000000000000 ) ) ;
#6301 = LINE ( 'NONE', #3696, #8298 ) ;
#6302 = FILL_AREA_STYLE ('',( #5613 ) ) ;
#6303 = MECHANICAL_DESIGN_GEOMETRIC_PRESENTATION_REPRESENTATION (  '', ( #1633 ), #5749 ) ;
#6304 =( LENGTH_UNIT ( ) NAMED_UNIT ( * ) SI_UNIT ( .MILLI., .METRE. ) );
#6305 = SURFACE_STYLE_USAGE ( .BOTH. , #1137 ) ;
#6306 = CARTESIAN_POINT ( 'NONE',  ( -1.016000000000000014, -16.51000000000000156, 2.540000000000000036 ) ) ;
#6307 = AXIS2_PLACEMENT_3D ( 'NONE', #1977, #4596, #5115 ) ;
#6308 = AXIS2_PLACEMENT_3D ( 'NONE', #6983, #3725, #1069 ) ;
#6309 = EDGE_LOOP ( 'NONE', ( #4886, #4661, #3851, #5610 ) ) ;
#6310 = PLANE ( 'NONE',  #3986 ) ;
#6311 = FACE_OUTER_BOUND ( 'NONE', #6173, .T. ) ;
#6312 = ADVANCED_FACE ( 'NONE', ( #5321 ), #4900, .F. ) ;
#6313 = CARTESIAN_POINT ( 'NONE',  ( -0.3200000000000000067, -14.91999999999999993, -2.839999999999999858 ) ) ;
#6314 = CARTESIAN_POINT ( 'NONE',  ( 1.270000000000000018, -3.556000000000000050, 0.000000000000000000 ) ) ;
#6315 = LINE ( 'NONE', #4291, #1708 ) ;
#6316 = SURFACE_STYLE_USAGE ( .BOTH. , #3068 ) ;
#6317 = FILL_AREA_STYLE ('',( #6835 ) ) ;
#6318 = FILL_AREA_STYLE_COLOUR ( '', #7825 ) ;
#6319 = VERTEX_POINT ( 'NONE', #6971 ) ;
#6320 = VERTEX_POINT ( 'NONE', #254 ) ;
#6321 = PLANE ( 'NONE',  #1018 ) ;
#6322 = DIRECTION ( 'NONE',  ( 0.000000000000000000, 0.000000000000000000, 1.000000000000000000 ) ) ;
#6323 = PRESENTATION_LAYER_ASSIGNMENT (  '', '', ( #3855 ) ) ;
#6324 = EDGE_CURVE ( 'NONE', #8070, #8387, #8134, .T. ) ;
#6325 = STYLED_ITEM ( 'NONE', ( #4157 ), #2757 ) ;
#6326 = DIRECTION ( 'NONE',  ( 0.000000000000000000, 1.000000000000000000, 0.000000000000000000 ) ) ;
#6327 = CARTESIAN_POINT ( 'NONE',  ( -1.270000000000000018, -3.556000000000000050, 0.000000000000000000 ) ) ;
#6328 = EDGE_CURVE ( 'NONE', #3417, #2974, #1706, .T. ) ;
#6329 = PRESENTATION_LAYER_ASSIGNMENT (  '', '', ( #6030 ) ) ;
#6330 = VECTOR ( 'NONE', #553, 1000.000000000000114 ) ;
#6331 = DIRECTION ( 'NONE',  ( 0.000000000000000000, 1.000000000000000000, 0.000000000000000000 ) ) ;
#6332 = ORIENTED_EDGE ( 'NONE', *, *, #5566, .F. ) ;
#6333 = SURFACE_STYLE_USAGE ( .BOTH. , #1116 ) ;
#6334 = PRESENTATION_STYLE_ASSIGNMENT (( #3687 ) ) ;
#6335 = PRESENTATION_STYLE_ASSIGNMENT (( #403 ) ) ;
#6336 = CARTESIAN_POINT ( 'NONE',  ( -1.270000000000000018, 1.016000000000000014, 2.540000000000000036 ) ) ;
#6337 = SURFACE_SIDE_STYLE ('',( #3732 ) ) ;
#6338 = PRESENTATION_LAYER_ASSIGNMENT (  '', '', ( #4127 ) ) ;
#6339 = DIRECTION ( 'NONE',  ( -1.735167508356890344E-18, 0.7071067811865475727, -0.7071067811865475727 ) ) ;
#6340 =( NAMED_UNIT ( * ) SI_UNIT ( $, .STERADIAN. ) SOLID_ANGLE_UNIT ( ) );
#6341 = ORIENTED_EDGE ( 'NONE', *, *, #2016, .F. ) ;
#6342 = ORIENTED_EDGE ( 'NONE', *, *, #6805, .T. ) ;
#6343 = LINE ( 'NONE', #8289, #2271 ) ;
#6344 = PLANE ( 'NONE',  #1240 ) ;
#6345 = AXIS2_PLACEMENT_3D ( 'NONE', #4780, #858, #5932 ) ;
#6347 = PRESENTATION_STYLE_ASSIGNMENT (( #317 ) ) ;
#6346 = PRESENTATION_LAYER_ASSIGNMENT (  '', '', ( #572 ) ) ;
#6348 = EDGE_CURVE ( 'NONE', #3141, #4802, #6927, .T. ) ;
#6349 = STYLED_ITEM ( 'NONE', ( #2670 ), #2068 ) ;
#6350 = AXIS2_PLACEMENT_3D ( 'NONE', #8224, #2982, #8258 ) ;
#6351 = FILL_AREA_STYLE ('',( #5183 ) ) ;
#6352 = ORIENTED_EDGE ( 'NONE', *, *, #5892, .F. ) ;
#6353 = PRESENTATION_STYLE_ASSIGNMENT (( #7006 ) ) ;
#6354 = CARTESIAN_POINT ( 'NONE',  ( -0.1600000000000000033, -15.08000000000000007, -3.000000000000000000 ) ) ;
#6355 = PRESENTATION_LAYER_ASSIGNMENT (  '', '', ( #4970 ) ) ;
#6356 = COLOUR_RGB ( '',0.1450980392156862586, 0.1411764705882352922, 0.1411764705882352922 ) ;
#6357 = PRESENTATION_STYLE_ASSIGNMENT (( #7143 ) ) ;
#6358 = DIRECTION ( 'NONE',  ( -0.7071067811865475727, 1.735167508356890344E-18, 0.7071067811865475727 ) ) ;
#6359 =( NAMED_UNIT ( * ) SI_UNIT ( $, .STERADIAN. ) SOLID_ANGLE_UNIT ( ) );
#6360 = FILL_AREA_STYLE_COLOUR ( '', #6356 ) ;
#6361 = EDGE_CURVE ( 'NONE', #7910, #3589, #5536, .T. ) ;
#6362 = DIRECTION ( 'NONE',  ( 0.000000000000000000, 1.000000000000000000, 0.000000000000000000 ) ) ;
#6363 = CARTESIAN_POINT ( 'NONE',  ( 1.016000000000000014, -16.51000000000000156, 0.000000000000000000 ) ) ;
#6364 = VERTEX_POINT ( 'NONE', #3671 ) ;
#6365 = SURFACE_STYLE_FILL_AREA ( #8430 ) ;
#6366 = ORIENTED_EDGE ( 'NONE', *, *, #4966, .T. ) ;
#6367 = SURFACE_STYLE_USAGE ( .BOTH. , #5197 ) ;
#6368 =( NAMED_UNIT ( * ) PLANE_ANGLE_UNIT ( ) SI_UNIT ( $, .RADIAN. ) );
#6369 = CARTESIAN_POINT ( 'NONE',  ( -1.016000000000000014, 1.270000000000000018, 0.000000000000000000 ) ) ;
#6370 = PLANE ( 'NONE',  #5309 ) ;
#6371 = UNCERTAINTY_MEASURE_WITH_UNIT (LENGTH_MEASURE( 1.000000000000000082E-05 ), #5444, 'distance_accuracy_value', 'NONE');
#6372 = CARTESIAN_POINT ( 'NONE',  ( -0.3200000000000000067, -15.08000000000000007, 8.540000000000000924 ) ) ;
#6373 = LINE ( 'NONE', #3081, #407 ) ;
#6374 = VERTEX_POINT ( 'NONE', #2380 ) ;
#6375 = LINE ( 'NONE', #4387, #5360 ) ;
#6376 = CARTESIAN_POINT ( 'NONE',  ( -1.270000000000000018, -13.71600000000000108, 0.000000000000000000 ) ) ;
#6377 = DIRECTION ( 'NONE',  ( -0.5773502691896257311, -0.5773502691896257311, -0.5773502691896257311 ) ) ;
#6378 = UNCERTAINTY_MEASURE_WITH_UNIT (LENGTH_MEASURE( 1.000000000000000082E-05 ), #332, 'distance_accuracy_value', 'NONE');
#6379 = VECTOR ( 'NONE', #4606, 1000.000000000000000 ) ;
#6380 =( LENGTH_UNIT ( ) NAMED_UNIT ( * ) SI_UNIT ( .MILLI., .METRE. ) );
#6381 = ORIENTED_EDGE ( 'NONE', *, *, #8086, .T. ) ;
#6382 = ORIENTED_EDGE ( 'NONE', *, *, #4482, .F. ) ;
#6383 = PRESENTATION_STYLE_ASSIGNMENT (( #7032 ) ) ;
#6384 = ADVANCED_FACE ( 'NONE', ( #297 ), #2950, .F. ) ;
#6385 = DIRECTION ( 'NONE',  ( 0.000000000000000000, 1.000000000000000000, 0.000000000000000000 ) ) ;
#6386 = LINE ( 'NONE', #1738, #5348 ) ;
#6387 =( LENGTH_UNIT ( ) NAMED_UNIT ( * ) SI_UNIT ( .MILLI., .METRE. ) );
#6388 = MECHANICAL_DESIGN_GEOMETRIC_PRESENTATION_REPRESENTATION (  '', ( #2563 ), #5137 ) ;
#6389 = CARTESIAN_POINT ( 'NONE',  ( 1.270000000000000018, -6.603999999999999204, 0.000000000000000000 ) ) ;
#6390 = EDGE_CURVE ( 'NONE', #5797, #296, #4247, .T. ) ;
#6391 = UNCERTAINTY_MEASURE_WITH_UNIT (LENGTH_MEASURE( 1.000000000000000082E-05 ), #3163, 'distance_accuracy_value', 'NONE');
#6392 =( NAMED_UNIT ( * ) PLANE_ANGLE_UNIT ( ) SI_UNIT ( $, .RADIAN. ) );
#6393 = DIRECTION ( 'NONE',  ( 0.5773502691896257311, 0.5773502691896257311, 0.5773502691896257311 ) ) ;
#6394 = ORIENTED_EDGE ( 'NONE', *, *, #4983, .T. ) ;
#6395 = DIRECTION ( 'NONE',  ( 1.000000000000000000, 0.000000000000000000, 0.000000000000000000 ) ) ;
#6396 = DIRECTION ( 'NONE',  ( 0.7071067811865474617, -0.7071067811865474617, 0.000000000000000000 ) ) ;
#6397 = CARTESIAN_POINT ( 'NONE',  ( -0.3200000000000000067, -9.839999999999999858, 8.380000000000000782 ) ) ;
#6398 = LINE ( 'NONE', #2334, #8025 ) ;
#6399 = PRESENTATION_LAYER_ASSIGNMENT (  '', '', ( #3674 ) ) ;
#6400 = LINE ( 'NONE', #7308, #3023 ) ;
#6401 = CARTESIAN_POINT ( 'NONE',  ( -1.016000000000000014, 1.270000000000000018, 2.540000000000000036 ) ) ;
#6402 = ORIENTED_EDGE ( 'NONE', *, *, #6873, .T. ) ;
#6403 = DIRECTION ( 'NONE',  ( 0.7071067811865475727, -1.735167508356890344E-18, 0.7071067811865475727 ) ) ;
#6404 = COLOUR_RGB ( '',0.8588235294117646523, 0.7372549019607843590, 0.4941176470588235503 ) ;
#6405 = VERTEX_POINT ( 'NONE', #7133 ) ;
#6406 = FACE_OUTER_BOUND ( 'NONE', #7197, .T. ) ;
#6407 = AXIS2_PLACEMENT_3D ( 'NONE', #6645, #6570, #8071 ) ;
#6408 = SURFACE_STYLE_FILL_AREA ( #6492 ) ;
#6409 =( NAMED_UNIT ( * ) PLANE_ANGLE_UNIT ( ) SI_UNIT ( $, .RADIAN. ) );
#6410 = MECHANICAL_DESIGN_GEOMETRIC_PRESENTATION_REPRESENTATION (  '', ( #5576 ), #2716 ) ;
#6411 = AXIS2_PLACEMENT_3D ( 'NONE', #6765, #7451, #6205 ) ;
#6412 = AXIS2_PLACEMENT_3D ( 'NONE', #2058, #4040, #1496 ) ;
#6413 = ORIENTED_EDGE ( 'NONE', *, *, #8222, .T. ) ;
#6414 = STYLED_ITEM ( 'NONE', ( #1043 ), #3339 ) ;
#6415 = VECTOR ( 'NONE', #7949, 1000.000000000000000 ) ;
#6416 = CARTESIAN_POINT ( 'NONE',  ( -0.3200000000000000067, -2.860000000000000320, 8.380000000000000782 ) ) ;
#6417 =( LENGTH_UNIT ( ) NAMED_UNIT ( * ) SI_UNIT ( .MILLI., .METRE. ) );
#6418 = VECTOR ( 'NONE', #3524, 1000.000000000000000 ) ;
#6419 = SURFACE_STYLE_USAGE ( .BOTH. , #7784 ) ;
#6420 = FACE_OUTER_BOUND ( 'NONE', #1695, .T. ) ;
#6421 = VERTEX_POINT ( 'NONE', #3911 ) ;
#6422 = ORIENTED_EDGE ( 'NONE', *, *, #1626, .F. ) ;
#6423 =( NAMED_UNIT ( * ) SI_UNIT ( $, .STERADIAN. ) SOLID_ANGLE_UNIT ( ) );
#6424 = EDGE_CURVE ( 'NONE', #2974, #7484, #6522, .T. ) ;
#6425 = CARTESIAN_POINT ( 'NONE',  ( -0.1600000000000000033, -17.94000000000000128, -3.000000000000000000 ) ) ;
#6426 = EDGE_CURVE ( 'NONE', #3680, #1696, #2554, .T. ) ;
#6427 = DIRECTION ( 'NONE',  ( 0.7071067811865475727, -1.735167508356890344E-18, 0.7071067811865475727 ) ) ;
#6428 =( NAMED_UNIT ( * ) SI_UNIT ( $, .STERADIAN. ) SOLID_ANGLE_UNIT ( ) );
#6429 = CARTESIAN_POINT ( 'NONE',  ( 0.3200000000000000067, -9.839999999999999858, 0.000000000000000000 ) ) ;
#6430 = MECHANICAL_DESIGN_GEOMETRIC_PRESENTATION_REPRESENTATION (  '', ( #3837 ), #1769 ) ;
#6431 = EDGE_CURVE ( 'NONE', #4070, #1569, #1840, .T. ) ;
#6432 = CARTESIAN_POINT ( 'NONE',  ( -0.1600000000000000033, -9.839999999999999858, 2.540000000000000036 ) ) ;
#6433 = SURFACE_STYLE_USAGE ( .BOTH. , #1181 ) ;
#6434 = ORIENTED_EDGE ( 'NONE', *, *, #5946, .T. ) ;
#6435 = SURFACE_STYLE_FILL_AREA ( #4363 ) ;
#6436 = CARTESIAN_POINT ( 'NONE',  ( -1.270000000000000018, -6.603999999999999204, 0.000000000000000000 ) ) ;
#6437 =( GEOMETRIC_REPRESENTATION_CONTEXT ( 3 ) GLOBAL_UNCERTAINTY_ASSIGNED_CONTEXT ( ( #4406 ) ) GLOBAL_UNIT_ASSIGNED_CONTEXT ( ( #7470, #1578, #8427 ) ) REPRESENTATION_CONTEXT ( 'NONE', 'WORKASPACE' ) );
#6438 = DIRECTION ( 'NONE',  ( -0.7071067811865474617, 0.7071067811865474617, 0.000000000000000000 ) ) ;
#6439 = SURFACE_SIDE_STYLE ('',( #4453 ) ) ;
#6440 = DIRECTION ( 'NONE',  ( -1.000000000000000000, 0.000000000000000000, 0.000000000000000000 ) ) ;
#6441 = STYLED_ITEM ( 'NONE', ( #3762 ), #6911 ) ;
#6442 = PRESENTATION_LAYER_ASSIGNMENT (  '', '', ( #5331 ) ) ;
#6443 = DIRECTION ( 'NONE',  ( 0.000000000000000000, 1.000000000000000000, 0.000000000000000000 ) ) ;
#6444 = DIRECTION ( 'NONE',  ( 1.000000000000000000, 0.000000000000000000, 0.000000000000000000 ) ) ;
#6445 = ORIENTED_EDGE ( 'NONE', *, *, #2301, .F. ) ;
#6446 = DIRECTION ( 'NONE',  ( 1.000000000000000000, 0.000000000000000000, 0.000000000000000000 ) ) ;
#6447 = VERTEX_POINT ( 'NONE', #4417 ) ;
#6448 = DIRECTION ( 'NONE',  ( 0.000000000000000000, 1.000000000000000000, 0.000000000000000000 ) ) ;
#6449 = ADVANCED_FACE ( 'NONE', ( #2507 ), #1193, .T. ) ;
#6450 = DIRECTION ( 'NONE',  ( 0.000000000000000000, 0.000000000000000000, 1.000000000000000000 ) ) ;
#6451 = PRESENTATION_LAYER_ASSIGNMENT (  '', '', ( #1345 ) ) ;
#6452 = SURFACE_STYLE_USAGE ( .BOTH. , #3159 ) ;
#6453 = PRESENTATION_STYLE_ASSIGNMENT (( #2080 ) ) ;
#6454 = EDGE_CURVE ( 'NONE', #733, #2484, #2596, .T. ) ;
#6455 = UNCERTAINTY_MEASURE_WITH_UNIT (LENGTH_MEASURE( 1.000000000000000082E-05 ), #3501, 'distance_accuracy_value', 'NONE');
#6456 = FACE_OUTER_BOUND ( 'NONE', #3894, .T. ) ;
#6457 = VECTOR ( 'NONE', #6562, 1000.000000000000114 ) ;
#6458 = ORIENTED_EDGE ( 'NONE', *, *, #5726, .F. ) ;
#6459 =( NAMED_UNIT ( * ) SI_UNIT ( $, .STERADIAN. ) SOLID_ANGLE_UNIT ( ) );
#6460 = CARTESIAN_POINT ( 'NONE',  ( 0.3200000000000000067, -5.875000000000000000, 0.000000000000000000 ) ) ;
#6461 = STYLED_ITEM ( 'NONE', ( #3628 ), #2803 ) ;
#6462 = SURFACE_SIDE_STYLE ('',( #5886 ) ) ;
#6463 = UNCERTAINTY_MEASURE_WITH_UNIT (LENGTH_MEASURE( 1.000000000000000082E-05 ), #7970, 'distance_accuracy_value', 'NONE');
#6464 = EDGE_LOOP ( 'NONE', ( #3409, #7030, #3843, #3100 ) ) ;
#6465 = EDGE_LOOP ( 'NONE', ( #8168, #7453, #199, #6860 ) ) ;
#6466 = ADVANCED_FACE ( 'NONE', ( #7731 ), #1919, .T. ) ;
#6467 = VECTOR ( 'NONE', #7230, 1000.000000000000000 ) ;
#6468 = ADVANCED_FACE ( 'NONE', ( #1804 ), #8394, .F. ) ;
#6469 = LINE ( 'NONE', #3972, #3200 ) ;
#6470 = FILL_AREA_STYLE ('',( #3854 ) ) ;
#6471 = CARTESIAN_POINT ( 'NONE',  ( -1.016000000000000014, -1.270000000000000018, 0.000000000000000000 ) ) ;
#6472 = VECTOR ( 'NONE', #524, 1000.000000000000000 ) ;
#6473 =( GEOMETRIC_REPRESENTATION_CONTEXT ( 3 ) GLOBAL_UNCERTAINTY_ASSIGNED_CONTEXT ( ( #693 ) ) GLOBAL_UNIT_ASSIGNED_CONTEXT ( ( #6547, #686, #1214 ) ) REPRESENTATION_CONTEXT ( 'NONE', 'WORKASPACE' ) );
#6474 = UNCERTAINTY_MEASURE_WITH_UNIT (LENGTH_MEASURE( 1.000000000000000082E-05 ), #4951, 'distance_accuracy_value', 'NONE');
#6475 = DIRECTION ( 'NONE',  ( 0.7071067811865474617, -0.7071067811865474617, 0.000000000000000000 ) ) ;
#6476 = MECHANICAL_DESIGN_GEOMETRIC_PRESENTATION_REPRESENTATION (  '', ( #572 ), #4683 ) ;
#6477 = ORIENTED_EDGE ( 'NONE', *, *, #829, .T. ) ;
#6478 =( NAMED_UNIT ( * ) PLANE_ANGLE_UNIT ( ) SI_UNIT ( $, .RADIAN. ) );
#6479 = DIRECTION ( 'NONE',  ( 0.000000000000000000, 0.000000000000000000, 1.000000000000000000 ) ) ;
#6480 = DIRECTION ( 'NONE',  ( -0.7071067811865474617, 0.7071067811865474617, 0.000000000000000000 ) ) ;
#6481 = LINE ( 'NONE', #1873, #3262 ) ;
#6482 = CARTESIAN_POINT ( 'NONE',  ( 1.270000000000000018, 1.016000000000000014, 0.000000000000000000 ) ) ;
#6483 = MECHANICAL_DESIGN_GEOMETRIC_PRESENTATION_REPRESENTATION (  '', ( #4422 ), #986 ) ;
#6484 = LINE ( 'NONE', #6606, #5300 ) ;
#6485 = ORIENTED_EDGE ( 'NONE', *, *, #2725, .F. ) ;
#6486 = ORIENTED_EDGE ( 'NONE', *, *, #89, .T. ) ;
#6487 =( NAMED_UNIT ( * ) PLANE_ANGLE_UNIT ( ) SI_UNIT ( $, .RADIAN. ) );
#6488 = SURFACE_STYLE_FILL_AREA ( #4420 ) ;
#6489 = STYLED_ITEM ( 'NONE', ( #1734 ), #2273 ) ;
#6490 = EDGE_CURVE ( 'NONE', #3852, #8216, #3396, .T. ) ;
#6491 = COLOUR_RGB ( '',0.8588235294117646523, 0.7372549019607843590, 0.4941176470588235503 ) ;
#6492 = FILL_AREA_STYLE ('',( #8473 ) ) ;
#6493 = CARTESIAN_POINT ( 'NONE',  ( 1.016000000000000014, -6.349999999999999645, 2.540000000000000036 ) ) ;
#6494 =( NAMED_UNIT ( * ) PLANE_ANGLE_UNIT ( ) SI_UNIT ( $, .RADIAN. ) );
#6495 = SURFACE_STYLE_FILL_AREA ( #5805 ) ;
#6496 = MECHANICAL_DESIGN_GEOMETRIC_PRESENTATION_REPRESENTATION (  '', ( #5384 ), #5653 ) ;
#6497 = EDGE_CURVE ( 'NONE', #4271, #4209, #833, .T. ) ;
#6498 = DIRECTION ( 'NONE',  ( 0.000000000000000000, 1.000000000000000000, 0.000000000000000000 ) ) ;
#6499 = ORIENTED_EDGE ( 'NONE', *, *, #3764, .F. ) ;
#6500 = CARTESIAN_POINT ( 'NONE',  ( 0.3200000000000000067, -0.3200000000000000067, 2.540000000000000036 ) ) ;
#6501 =( NAMED_UNIT ( * ) SI_UNIT ( $, .STERADIAN. ) SOLID_ANGLE_UNIT ( ) );
#6502 = DIRECTION ( 'NONE',  ( 0.5773502691896257311, -0.5773502691896257311, 0.5773502691896257311 ) ) ;
#6503 = MECHANICAL_DESIGN_GEOMETRIC_PRESENTATION_REPRESENTATION (  '', ( #5674 ), #7588 ) ;
#6504 = CARTESIAN_POINT ( 'NONE',  ( -0.3200000000000000067, -5.400000000000000355, 8.380000000000000782 ) ) ;
#6505 = PLANE ( 'NONE',  #3067 ) ;
#6506 =( NAMED_UNIT ( * ) PLANE_ANGLE_UNIT ( ) SI_UNIT ( $, .RADIAN. ) );
#6507 = ORIENTED_EDGE ( 'NONE', *, *, #7289, .T. ) ;
#6508 = ORIENTED_EDGE ( 'NONE', *, *, #114, .F. ) ;
#6509 = FILL_AREA_STYLE_COLOUR ( '', #4864 ) ;
#6510 = LINE ( 'NONE', #3334, #5093 ) ;
#6511 = CARTESIAN_POINT ( 'NONE',  ( -0.1600000000000000033, -14.91999999999999993, 2.540000000000000036 ) ) ;
#6512 = DIRECTION ( 'NONE',  ( -1.000000000000000000, 0.000000000000000000, 2.453897423307444850E-18 ) ) ;
#6513 = EDGE_CURVE ( 'NONE', #6216, #3815, #5993, .T. ) ;
#6514 = CARTESIAN_POINT ( 'NONE',  ( -0.3200000000000000067, -7.299999999999999822, 0.000000000000000000 ) ) ;
#6515 =( NAMED_UNIT ( * ) PLANE_ANGLE_UNIT ( ) SI_UNIT ( $, .RADIAN. ) );
#6516 = STYLED_ITEM ( 'NONE', ( #7100 ), #2546 ) ;
#6517 = EDGE_LOOP ( 'NONE', ( #2886, #7134, #2083, #979 ) ) ;
#6518 = STYLED_ITEM ( 'NONE', ( #4205 ), #3772 ) ;
#6519 = CARTESIAN_POINT ( 'NONE',  ( -0.3200000000000000067, -4.839999999999999858, 8.460000000000000853 ) ) ;
#6520 = DIRECTION ( 'NONE',  ( -1.000000000000000000, 0.000000000000000000, 0.000000000000000000 ) ) ;
#6521 = ORIENTED_EDGE ( 'NONE', *, *, #1497, .F. ) ;
#6522 = LINE ( 'NONE', #5065, #6115 ) ;
#6523 = ORIENTED_EDGE ( 'NONE', *, *, #1914, .T. ) ;
#6524 =( NAMED_UNIT ( * ) PLANE_ANGLE_UNIT ( ) SI_UNIT ( $, .RADIAN. ) );
#6525 = PRODUCT ( 'Pins', 'Pins', '', ( #4855 ) ) ;
#6526 = FACE_BOUND ( 'NONE', #7922, .T. ) ;
#6527 = FILL_AREA_STYLE_COLOUR ( '', #578 ) ;
#6528 = VECTOR ( 'NONE', #2804, 1000.000000000000000 ) ;
#6529 = DIRECTION ( 'NONE',  ( -0.5773502691896257311, 0.5773502691896257311, 0.5773502691896257311 ) ) ;
#6530 = VECTOR ( 'NONE', #6578, 1000.000000000000000 ) ;
#6531 = EDGE_CURVE ( 'NONE', #3417, #1654, #667, .T. ) ;
#6532 = FILL_AREA_STYLE_COLOUR ( '', #4190 ) ;
#6533 = CARTESIAN_POINT ( 'NONE',  ( 0.000000000000000000, 0.000000000000000000, 0.000000000000000000 ) ) ;
#6534 = ORIENTED_EDGE ( 'NONE', *, *, #5303, .T. ) ;
#6535 = CARTESIAN_POINT ( 'NONE',  ( -0.3200000000000000067, -5.400000000000000355, -3.000000000000000000 ) ) ;
#6536 = VECTOR ( 'NONE', #1915, 1000.000000000000000 ) ;
#6537 = AXIS2_PLACEMENT_3D ( 'NONE', #2332, #1662, #2499 ) ;
#6538 = SURFACE_SIDE_STYLE ('',( #5117 ) ) ;
#6539 = EDGE_CURVE ( 'NONE', #8238, #1941, #21, .T. ) ;
#6540 = COLOUR_RGB ( '',0.1450980392156862586, 0.1411764705882352922, 0.1411764705882352922 ) ;
#6541 = LINE ( 'NONE', #648, #7508 ) ;
#6542 = PRESENTATION_LAYER_ASSIGNMENT (  '', '', ( #638 ) ) ;
#6543 = UNCERTAINTY_MEASURE_WITH_UNIT (LENGTH_MEASURE( 1.000000000000000082E-05 ), #545, 'distance_accuracy_value', 'NONE');
#6544 = COLOUR_RGB ( '',0.8588235294117646523, 0.7372549019607843590, 0.4941176470588235503 ) ;
#6545 = LINE ( 'NONE', #7785, #4508 ) ;
#6546 = ORIENTED_EDGE ( 'NONE', *, *, #6513, .T. ) ;
#6547 =( LENGTH_UNIT ( ) NAMED_UNIT ( * ) SI_UNIT ( .MILLI., .METRE. ) );
#6548 = CARTESIAN_POINT ( 'NONE',  ( -1.016000000000000014, -6.349999999999999645, 2.540000000000000036 ) ) ;
#6549 =( NAMED_UNIT ( * ) PLANE_ANGLE_UNIT ( ) SI_UNIT ( $, .RADIAN. ) );
#6550 = ADVANCED_FACE ( 'NONE', ( #8019 ), #2796, .T. ) ;
#6551 = PRESENTATION_LAYER_ASSIGNMENT (  '', '', ( #3274 ) ) ;
#6552 =( GEOMETRIC_REPRESENTATION_CONTEXT ( 3 ) GLOBAL_UNCERTAINTY_ASSIGNED_CONTEXT ( ( #5 ) ) GLOBAL_UNIT_ASSIGNED_CONTEXT ( ( #8117, #3475, #2645 ) ) REPRESENTATION_CONTEXT ( 'NONE', 'WORKASPACE' ) );
#6553 = LINE ( 'NONE', #656, #6682 ) ;
#6554 = SURFACE_STYLE_USAGE ( .BOTH. , #618 ) ;
#6555 = UNCERTAINTY_MEASURE_WITH_UNIT (LENGTH_MEASURE( 1.000000000000000082E-05 ), #7386, 'distance_accuracy_value', 'NONE');
#6556 =( NAMED_UNIT ( * ) PLANE_ANGLE_UNIT ( ) SI_UNIT ( $, .RADIAN. ) );
#6557 = EDGE_CURVE ( 'NONE', #5882, #4940, #7204, .T. ) ;
#6558 = LINE ( 'NONE', #6814, #7852 ) ;
#6559 =( LENGTH_UNIT ( ) NAMED_UNIT ( * ) SI_UNIT ( .MILLI., .METRE. ) );
#6560 =( GEOMETRIC_REPRESENTATION_CONTEXT ( 3 ) GLOBAL_UNCERTAINTY_ASSIGNED_CONTEXT ( ( #7560 ) ) GLOBAL_UNIT_ASSIGNED_CONTEXT ( ( #3272, #7361, #3389 ) ) REPRESENTATION_CONTEXT ( 'NONE', 'WORKASPACE' ) );
#6561 = ORIENTED_EDGE ( 'NONE', *, *, #6795, .T. ) ;
#6562 = DIRECTION ( 'NONE',  ( 0.7071067811865474617, 0.7071067811865474617, 0.000000000000000000 ) ) ;
#6563 =( GEOMETRIC_REPRESENTATION_CONTEXT ( 3 ) GLOBAL_UNCERTAINTY_ASSIGNED_CONTEXT ( ( #371 ) ) GLOBAL_UNIT_ASSIGNED_CONTEXT ( ( #1541, #4680, #1583 ) ) REPRESENTATION_CONTEXT ( 'NONE', 'WORKASPACE' ) );
#6564 = COLOUR_RGB ( '',0.8588235294117646523, 0.7372549019607843590, 0.4941176470588235503 ) ;
#6565 = FACE_OUTER_BOUND ( 'NONE', #4355, .T. ) ;
#6566 = LINE ( 'NONE', #4060, #384 ) ;
#6567 = DIRECTION ( 'NONE',  ( 0.000000000000000000, 0.000000000000000000, 1.000000000000000000 ) ) ;
#6568 = DIRECTION ( 'NONE',  ( 0.000000000000000000, 1.000000000000000000, 0.000000000000000000 ) ) ;
#6569 = ORIENTED_EDGE ( 'NONE', *, *, #6223, .T. ) ;
#6570 = DIRECTION ( 'NONE',  ( -0.7071067811865475727, -1.735167508356888803E-18, -0.7071067811865475727 ) ) ;
#6571 = ORIENTED_EDGE ( 'NONE', *, *, #4133, .T. ) ;
#6572 = COLOUR_RGB ( '',0.8588235294117646523, 0.7372549019607843590, 0.4941176470588235503 ) ;
#6573 = DIRECTION ( 'NONE',  ( 0.000000000000000000, -1.000000000000000000, 0.000000000000000000 ) ) ;
#6574 = LINE ( 'NONE', #5876, #7685 ) ;
#6575 = EDGE_CURVE ( 'NONE', #7452, #1459, #3989, .T. ) ;
#6576 = PLANE ( 'NONE',  #5148 ) ;
#6577 = DIRECTION ( 'NONE',  ( 0.000000000000000000, 0.000000000000000000, 1.000000000000000000 ) ) ;
#6578 = DIRECTION ( 'NONE',  ( 0.000000000000000000, 0.000000000000000000, 1.000000000000000000 ) ) ;
#6579 = VECTOR ( 'NONE', #5383, 1000.000000000000000 ) ;
#6580 = PRESENTATION_LAYER_ASSIGNMENT (  '', '', ( #1775 ) ) ;
#6581 = CARTESIAN_POINT ( 'NONE',  ( -0.2666666666669999519, -12.96666666666000189, -2.893333333333000024 ) ) ;
#6582 = EDGE_CURVE ( 'NONE', #2445, #160, #6171, .T. ) ;
#6583 = SURFACE_SIDE_STYLE ('',( #1201 ) ) ;
#6584 = EDGE_LOOP ( 'NONE', ( #7532, #6523, #4901, #6768 ) ) ;
#6585 = MECHANICAL_DESIGN_GEOMETRIC_PRESENTATION_REPRESENTATION (  '', ( #4240 ), #8507 ) ;
#6586 = PRESENTATION_STYLE_ASSIGNMENT (( #3454 ) ) ;
#6587 =( NAMED_UNIT ( * ) PLANE_ANGLE_UNIT ( ) SI_UNIT ( $, .RADIAN. ) );
#6588 = CARTESIAN_POINT ( 'NONE',  ( -1.016000000000000014, -6.349999999999999645, 0.000000000000000000 ) ) ;
#6589 = DIRECTION ( 'NONE',  ( -1.735167508356890344E-18, -0.7071067811865475727, 0.7071067811865475727 ) ) ;
#6590 = ORIENTED_EDGE ( 'NONE', *, *, #3863, .F. ) ;
#6591 = DIRECTION ( 'NONE',  ( 0.000000000000000000, 1.000000000000000000, 0.000000000000000000 ) ) ;
#6592 = COLOUR_RGB ( '',0.1450980392156862586, 0.1411764705882352922, 0.1411764705882352922 ) ;
#6593 = EDGE_CURVE ( 'NONE', #145, #2351, #241, .T. ) ;
#6594 = DIRECTION ( 'NONE',  ( 0.000000000000000000, 0.000000000000000000, -1.000000000000000000 ) ) ;
#6595 = MECHANICAL_DESIGN_GEOMETRIC_PRESENTATION_REPRESENTATION (  '', ( #2054 ), #7146 ) ;
#6596 = FILL_AREA_STYLE ('',( #5936 ) ) ;
#6597 = PRESENTATION_LAYER_ASSIGNMENT (  '', '', ( #1234 ) ) ;
#6598 = LINE ( 'NONE', #1335, #6009 ) ;
#6599 = MECHANICAL_DESIGN_GEOMETRIC_PRESENTATION_REPRESENTATION (  '', ( #5497 ), #8468 ) ;
#6600 = DIRECTION ( 'NONE',  ( 0.000000000000000000, 1.000000000000000000, 0.000000000000000000 ) ) ;
#6601 = ORIENTED_EDGE ( 'NONE', *, *, #2416, .F. ) ;
#6602 = PRESENTATION_STYLE_ASSIGNMENT (( #7878 ) ) ;
#6603 = EDGE_CURVE ( 'NONE', #1645, #5472, #4842, .T. ) ;
#6604 = FILL_AREA_STYLE ('',( #17 ) ) ;
#6605 = AXIS2_PLACEMENT_3D ( 'NONE', #1479, #2225, #4065 ) ;
#6606 = CARTESIAN_POINT ( 'NONE',  ( 0.1600000000000000033, -12.85999999999999943, -3.000000000000000000 ) ) ;
#6607 = VERTEX_POINT ( 'NONE', #1655 ) ;
#6608 = CARTESIAN_POINT ( 'NONE',  ( -0.3200000000000000067, -15.55999999999999872, -3.000000000000000000 ) ) ;
#6609 = ORIENTED_EDGE ( 'NONE', *, *, #5025, .F. ) ;
#6610 = CARTESIAN_POINT ( 'NONE',  ( 0.1600000000000000033, -0.1600000000000000033, -3.000000000000000000 ) ) ;
#6611 = CARTESIAN_POINT ( 'NONE',  ( 1.270000000000000018, -1.524000000000000021, 2.540000000000000036 ) ) ;
#6612 =( GEOMETRIC_REPRESENTATION_CONTEXT ( 3 ) GLOBAL_UNCERTAINTY_ASSIGNED_CONTEXT ( ( #3878 ) ) GLOBAL_UNIT_ASSIGNED_CONTEXT ( ( #896, #2916, #809 ) ) REPRESENTATION_CONTEXT ( 'NONE', 'WORKASPACE' ) );
#6613 = DIRECTION ( 'NONE',  ( -0.000000000000000000, 1.000000000000000000, 0.000000000000000000 ) ) ;
#6614 = PLANE ( 'NONE',  #3387 ) ;
#6615 = FILL_AREA_STYLE_COLOUR ( '', #8336 ) ;
#6616 = EDGE_CURVE ( 'NONE', #1361, #231, #2975, .T. ) ;
#6617 = LINE ( 'NONE', #2138, #739 ) ;
#6618 =( GEOMETRIC_REPRESENTATION_CONTEXT ( 3 ) GLOBAL_UNCERTAINTY_ASSIGNED_CONTEXT ( ( #6287 ) ) GLOBAL_UNIT_ASSIGNED_CONTEXT ( ( #98, #6032, #4708 ) ) REPRESENTATION_CONTEXT ( 'NONE', 'WORKASPACE' ) );
#6619 = ORIENTED_EDGE ( 'NONE', *, *, #5798, .T. ) ;
#6620 = FACE_OUTER_BOUND ( 'NONE', #5889, .T. ) ;
#6621 = LINE ( 'NONE', #5963, #2680 ) ;
#6622 =( NAMED_UNIT ( * ) PLANE_ANGLE_UNIT ( ) SI_UNIT ( $, .RADIAN. ) );
#6623 = CARTESIAN_POINT ( 'NONE',  ( -0.3200000000000000067, -18.10000000000000142, -3.000000000000000000 ) ) ;
#6624 = PRESENTATION_STYLE_ASSIGNMENT (( #5928 ) ) ;
#6625 = EDGE_LOOP ( 'NONE', ( #1194, #7867, #4248, #7354 ) ) ;
#6626 = SURFACE_SIDE_STYLE ('',( #1370 ) ) ;
#6627 = SURFACE_STYLE_USAGE ( .BOTH. , #2871 ) ;
#6628 = LINE ( 'NONE', #653, #4536 ) ;
#6629 =( GEOMETRIC_REPRESENTATION_CONTEXT ( 3 ) GLOBAL_UNCERTAINTY_ASSIGNED_CONTEXT ( ( #1909 ) ) GLOBAL_UNIT_ASSIGNED_CONTEXT ( ( #5418, #2107, #4015 ) ) REPRESENTATION_CONTEXT ( 'NONE', 'WORKASPACE' ) );
#6630 = CARTESIAN_POINT ( 'NONE',  ( -0.3200000000000000067, -5.400000000000000355, -3.000000000000000000 ) ) ;
#6631 = FACE_OUTER_BOUND ( 'NONE', #484, .T. ) ;
#6632 =( NAMED_UNIT ( * ) SI_UNIT ( $, .STERADIAN. ) SOLID_ANGLE_UNIT ( ) );
#6633 = DIRECTION ( 'NONE',  ( 0.5773502691896257311, -0.5773502691896257311, 0.5773502691896257311 ) ) ;
#6634 = FILL_AREA_STYLE_COLOUR ( '', #6997 ) ;
#6635 = CARTESIAN_POINT ( 'NONE',  ( -0.3200000000000000067, -12.38000000000000078, 2.540000000000000036 ) ) ;
#6636 = ORIENTED_EDGE ( 'NONE', *, *, #5409, .F. ) ;
#6637 = PLANE ( 'NONE',  #3992 ) ;
#6638 = FACE_OUTER_BOUND ( 'NONE', #5138, .T. ) ;
#6639 = ADVANCED_FACE ( 'NONE', ( #5482 ), #8297, .F. ) ;
#6640 = SURFACE_STYLE_USAGE ( .BOTH. , #661 ) ;
#6641 = PRESENTATION_STYLE_ASSIGNMENT (( #1344 ) ) ;
#6642 =( GEOMETRIC_REPRESENTATION_CONTEXT ( 3 ) GLOBAL_UNCERTAINTY_ASSIGNED_CONTEXT ( ( #4726 ) ) GLOBAL_UNIT_ASSIGNED_CONTEXT ( ( #812, #4778, #4091 ) ) REPRESENTATION_CONTEXT ( 'NONE', 'WORKASPACE' ) );
#6643 = DIRECTION ( 'NONE',  ( 0.000000000000000000, 1.000000000000000000, 0.000000000000000000 ) ) ;
#6644 = ORIENTED_EDGE ( 'NONE', *, *, #7796, .F. ) ;
#6645 = CARTESIAN_POINT ( 'NONE',  ( -0.2400000000000000189, -18.10000000000000142, -2.919999999999999929 ) ) ;
#6646 = ORIENTED_EDGE ( 'NONE', *, *, #5302, .T. ) ;
#6647 = PLANE ( 'NONE',  #3181 ) ;
#6648 =( NAMED_UNIT ( * ) PLANE_ANGLE_UNIT ( ) SI_UNIT ( $, .RADIAN. ) );
#6649 = FACE_OUTER_BOUND ( 'NONE', #323, .T. ) ;
#6650 =( LENGTH_UNIT ( ) NAMED_UNIT ( * ) SI_UNIT ( .MILLI., .METRE. ) );
#6651 = SURFACE_STYLE_USAGE ( .BOTH. , #2186 ) ;
#6652 = ORIENTED_EDGE ( 'NONE', *, *, #7856, .F. ) ;
#6653 = ORIENTED_EDGE ( 'NONE', *, *, #3945, .F. ) ;
#6654 = LINE ( 'NONE', #257, #1340 ) ;
#6655 = PRESENTATION_LAYER_ASSIGNMENT (  '', '', ( #5695 ) ) ;
#6656 = DIRECTION ( 'NONE',  ( -0.5773502691896257311, 0.5773502691896257311, -0.5773502691896257311 ) ) ;
#6657 = PRESENTATION_LAYER_ASSIGNMENT (  '', '', ( #1856 ) ) ;
#6658 = DIRECTION ( 'NONE',  ( 0.000000000000000000, 0.000000000000000000, 1.000000000000000000 ) ) ;
#6659 = AXIS2_PLACEMENT_3D ( 'NONE', #479, #3168, #7984 ) ;
#6660 =( GEOMETRIC_REPRESENTATION_CONTEXT ( 3 ) GLOBAL_UNCERTAINTY_ASSIGNED_CONTEXT ( ( #2347 ) ) GLOBAL_UNIT_ASSIGNED_CONTEXT ( ( #3951, #2676, #4625 ) ) REPRESENTATION_CONTEXT ( 'NONE', 'WORKASPACE' ) );
#6661 =( NAMED_UNIT ( * ) SI_UNIT ( $, .STERADIAN. ) SOLID_ANGLE_UNIT ( ) );
#6662 =( GEOMETRIC_REPRESENTATION_CONTEXT ( 3 ) GLOBAL_UNCERTAINTY_ASSIGNED_CONTEXT ( ( #1200 ) ) GLOBAL_UNIT_ASSIGNED_CONTEXT ( ( #672, #4676, #2050 ) ) REPRESENTATION_CONTEXT ( 'NONE', 'WORKASPACE' ) );
#6663 = SURFACE_STYLE_USAGE ( .BOTH. , #4776 ) ;
#6664 = ORIENTED_EDGE ( 'NONE', *, *, #3347, .F. ) ;
#6665 = VECTOR ( 'NONE', #5907, 1000.000000000000000 ) ;
#6666 = LINE ( 'NONE', #7302, #3872 ) ;
#6667 = PLANE ( 'NONE',  #4261 ) ;
#6668 = PRESENTATION_STYLE_ASSIGNMENT (( #4732 ) ) ;
#6669 = ADVANCED_FACE ( 'NONE', ( #3576 ), #373, .F. ) ;
#6670 = VECTOR ( 'NONE', #6393, 1000.000000000000114 ) ;
#6671 =( GEOMETRIC_REPRESENTATION_CONTEXT ( 3 ) GLOBAL_UNCERTAINTY_ASSIGNED_CONTEXT ( ( #6474 ) ) GLOBAL_UNIT_ASSIGNED_CONTEXT ( ( #4951, #1030, #676 ) ) REPRESENTATION_CONTEXT ( 'NONE', 'WORKASPACE' ) );
#6672 = FACE_OUTER_BOUND ( 'NONE', #4237, .T. ) ;
#6673 = MECHANICAL_DESIGN_GEOMETRIC_PRESENTATION_REPRESENTATION (  '', ( #6414 ), #3001 ) ;
#6674 = LINE ( 'NONE', #2741, #5663 ) ;
#6675 = EDGE_CURVE ( 'NONE', #1686, #2728, #3704, .T. ) ;
#6676 = ORIENTED_EDGE ( 'NONE', *, *, #1540, .F. ) ;
#6677 = FACE_OUTER_BOUND ( 'NONE', #5619, .T. ) ;
#6678 = DIRECTION ( 'NONE',  ( 0.000000000000000000, 0.000000000000000000, 1.000000000000000000 ) ) ;
#6679 = ADVANCED_FACE ( 'NONE', ( #3058 ), #5657, .T. ) ;
#6680 = ORIENTED_EDGE ( 'NONE', *, *, #3030, .T. ) ;
#6681 = PRESENTATION_STYLE_ASSIGNMENT (( #2164 ) ) ;
#6682 = VECTOR ( 'NONE', #6716, 1000.000000000000114 ) ;
#6683 = VECTOR ( 'NONE', #5967, 1000.000000000000114 ) ;
#6684 = ADVANCED_FACE ( 'NONE', ( #8457 ), #7123, .T. ) ;
#6685 =( NAMED_UNIT ( * ) PLANE_ANGLE_UNIT ( ) SI_UNIT ( $, .RADIAN. ) );
#6686 = SURFACE_STYLE_FILL_AREA ( #2119 ) ;
#6687 = COLOUR_RGB ( '',0.8588235294117646523, 0.7372549019607843590, 0.4941176470588235503 ) ;
#6688 = DIRECTION ( 'NONE',  ( -1.000000000000000000, 0.000000000000000000, 0.000000000000000000 ) ) ;
#6689 = ORIENTED_EDGE ( 'NONE', *, *, #4675, .F. ) ;
#6690 = SURFACE_SIDE_STYLE ('',( #789 ) ) ;
#6691 = ORIENTED_EDGE ( 'NONE', *, *, #1540, .T. ) ;
#6692 = VERTEX_POINT ( 'NONE', #3267 ) ;
#6693 = PLANE ( 'NONE',  #3365 ) ;
#6694 = SURFACE_SIDE_STYLE ('',( #105 ) ) ;
#6695 = LINE ( 'NONE', #2845, #8333 ) ;
#6696 = CARTESIAN_POINT ( 'NONE',  ( 1.016000000000000014, 1.270000000000000018, 2.540000000000000036 ) ) ;
#6697 = SURFACE_SIDE_STYLE ('',( #970 ) ) ;
#6698 =( LENGTH_UNIT ( ) NAMED_UNIT ( * ) SI_UNIT ( .MILLI., .METRE. ) );
#6699 = FACE_BOUND ( 'NONE', #390, .T. ) ;
#6700 = SURFACE_STYLE_FILL_AREA ( #2291 ) ;
#6701 = LINE ( 'NONE', #3408, #7623 ) ;
#6702 = VERTEX_POINT ( 'NONE', #2407 ) ;
#6703 = SHAPE_REPRESENTATION_RELATIONSHIP ( 'NONE' , 'NONE' ,  #4017, #6290 ) ;
#6704 = ORIENTED_EDGE ( 'NONE', *, *, #8337, .T. ) ;
#6705 = CARTESIAN_POINT ( 'NONE',  ( -0.3200000000000000067, -0.3200000000000000067, -3.000000000000000000 ) ) ;
#6706 = VECTOR ( 'NONE', #7686, 1000.000000000000000 ) ;
#6707 = SURFACE_SIDE_STYLE ('',( #3499 ) ) ;
#6708 = UNCERTAINTY_MEASURE_WITH_UNIT (LENGTH_MEASURE( 1.000000000000000082E-05 ), #1516, 'distance_accuracy_value', 'NONE');
#6709 = PRESENTATION_STYLE_ASSIGNMENT (( #2150 ) ) ;
#6710 =( GEOMETRIC_REPRESENTATION_CONTEXT ( 3 ) GLOBAL_UNCERTAINTY_ASSIGNED_CONTEXT ( ( #8015 ) ) GLOBAL_UNIT_ASSIGNED_CONTEXT ( ( #2765, #5323, #2910 ) ) REPRESENTATION_CONTEXT ( 'NONE', 'WORKASPACE' ) );
#6711 = CARTESIAN_POINT ( 'NONE',  ( -0.3200000000000000067, -5.400000000000000355, -3.000000000000000000 ) ) ;
#6712 = ORIENTED_EDGE ( 'NONE', *, *, #4030, .T. ) ;
#6713 = CARTESIAN_POINT ( 'NONE',  ( -0.3200000000000000067, -10.48000000000000043, -2.839999999999999858 ) ) ;
#6714 = CARTESIAN_POINT ( 'NONE',  ( -0.3200000000000000067, -14.91999999999999993, 8.380000000000000782 ) ) ;
#6715 = PRESENTATION_LAYER_ASSIGNMENT (  '', '', ( #8105 ) ) ;
#6716 = DIRECTION ( 'NONE',  ( -0.7071067811865474617, 0.7071067811865474617, 0.000000000000000000 ) ) ;
#6717 = SURFACE_STYLE_USAGE ( .BOTH. , #1556 ) ;
#6718 = EDGE_CURVE ( 'NONE', #5882, #3256, #7628, .T. ) ;
#6719 = FILL_AREA_STYLE_COLOUR ( '', #6491 ) ;
#6720 = ADVANCED_FACE ( 'NONE', ( #497 ), #8385, .F. ) ;
#6721 = ORIENTED_EDGE ( 'NONE', *, *, #1033, .F. ) ;
#6722 = EDGE_LOOP ( 'NONE', ( #288, #4803, #634, #7574 ) ) ;
#6723 =( NAMED_UNIT ( * ) PLANE_ANGLE_UNIT ( ) SI_UNIT ( $, .RADIAN. ) );
#6724 = MECHANICAL_DESIGN_GEOMETRIC_PRESENTATION_REPRESENTATION (  '', ( #119 ), #4251 ) ;
#6725 =( GEOMETRIC_REPRESENTATION_CONTEXT ( 3 ) GLOBAL_UNCERTAINTY_ASSIGNED_CONTEXT ( ( #4562 ) ) GLOBAL_UNIT_ASSIGNED_CONTEXT ( ( #6220, #1622, #4286 ) ) REPRESENTATION_CONTEXT ( 'NONE', 'WORKASPACE' ) );
#6726 = DIRECTION ( 'NONE',  ( -0.7071067811865474617, -0.7071067811865474617, 0.000000000000000000 ) ) ;
#6727 = DIRECTION ( 'NONE',  ( 0.000000000000000000, 0.000000000000000000, 1.000000000000000000 ) ) ;
#6728 = LINE ( 'NONE', #827, #4622 ) ;
#6729 = FILL_AREA_STYLE ('',( #4147 ) ) ;
#6730 =( REPRESENTATION_RELATIONSHIP ('NONE','NONE', #8383, #4017 ) REPRESENTATION_RELATIONSHIP_WITH_TRANSFORMATION ( #8034 )SHAPE_REPRESENTATION_RELATIONSHIP( ) );
#6731 = CARTESIAN_POINT ( 'NONE',  ( -0.3200000000000000067, -18.10000000000000142, -3.000000000000000000 ) ) ;
#6732 =( GEOMETRIC_REPRESENTATION_CONTEXT ( 3 ) GLOBAL_UNCERTAINTY_ASSIGNED_CONTEXT ( ( #452 ) ) GLOBAL_UNIT_ASSIGNED_CONTEXT ( ( #3982, #4101, #93 ) ) REPRESENTATION_CONTEXT ( 'NONE', 'WORKASPACE' ) );
#6733 = SURFACE_STYLE_FILL_AREA ( #141 ) ;
#6734 = UNCERTAINTY_MEASURE_WITH_UNIT (LENGTH_MEASURE( 1.000000000000000082E-05 ), #522, 'distance_accuracy_value', 'NONE');
#6735 = ORIENTED_EDGE ( 'NONE', *, *, #6616, .T. ) ;
#6736 = SURFACE_STYLE_USAGE ( .BOTH. , #5393 ) ;
#6737 = VERTEX_POINT ( 'NONE', #3938 ) ;
#6738 = ORIENTED_EDGE ( 'NONE', *, *, #6199, .T. ) ;
#6739 = SURFACE_STYLE_USAGE ( .BOTH. , #4761 ) ;
#6740 =( LENGTH_UNIT ( ) NAMED_UNIT ( * ) SI_UNIT ( .MILLI., .METRE. ) );
#6741 = PRESENTATION_LAYER_ASSIGNMENT (  '', '', ( #7554 ) ) ;
#6742 = FACE_OUTER_BOUND ( 'NONE', #5124, .T. ) ;
#6743 = FILL_AREA_STYLE_COLOUR ( '', #4365 ) ;
#6744 = ORIENTED_EDGE ( 'NONE', *, *, #4410, .F. ) ;
#6745 = LINE ( 'NONE', #7328, #3797 ) ;
#6746 = VERTEX_POINT ( 'NONE', #4617 ) ;
#6747 = EDGE_CURVE ( 'NONE', #464, #1493, #2743, .T. ) ;
#6748 = CARTESIAN_POINT ( 'NONE',  ( 0.000000000000000000, 0.000000000000000000, 0.000000000000000000 ) ) ;
#6749 = EDGE_LOOP ( 'NONE', ( #2303, #5587, #6382, #3990 ) ) ;
#6750 = DIRECTION ( 'NONE',  ( 0.000000000000000000, 0.000000000000000000, 1.000000000000000000 ) ) ;
#6751 = CARTESIAN_POINT ( 'NONE',  ( -0.3200000000000000067, -10.48000000000000043, -3.000000000000000000 ) ) ;
#6752 = VECTOR ( 'NONE', #6600, 1000.000000000000000 ) ;
#6753 = FILL_AREA_STYLE ('',( #4773 ) ) ;
#6754 = EDGE_CURVE ( 'NONE', #3417, #5233, #2115, .T. ) ;
#6755 = ORIENTED_EDGE ( 'NONE', *, *, #69, .T. ) ;
#6756 = DIRECTION ( 'NONE',  ( -0.7071067811865474617, 0.7071067811865474617, 0.000000000000000000 ) ) ;
#6757 =( NAMED_UNIT ( * ) PLANE_ANGLE_UNIT ( ) SI_UNIT ( $, .RADIAN. ) );
#6758 = ORIENTED_EDGE ( 'NONE', *, *, #4592, .F. ) ;
#6759 = PLANE ( 'NONE',  #4081 ) ;
#6760 = FACE_OUTER_BOUND ( 'NONE', #7732, .T. ) ;
#6761 = FACE_OUTER_BOUND ( 'NONE', #397, .T. ) ;
#6762 = VECTOR ( 'NONE', #5515, 1000.000000000000114 ) ;
#6763 =( NAMED_UNIT ( * ) PLANE_ANGLE_UNIT ( ) SI_UNIT ( $, .RADIAN. ) );
#6764 = LINE ( 'NONE', #2158, #7778 ) ;
#6765 = CARTESIAN_POINT ( 'NONE',  ( -0.3200000000000000067, -9.919999999999999929, -2.919999999999999929 ) ) ;
#6766 = CARTESIAN_POINT ( 'NONE',  ( -1.270000000000000018, -8.635999999999999233, 2.540000000000000036 ) ) ;
#6767 = SURFACE_SIDE_STYLE ('',( #4226 ) ) ;
#6768 = ORIENTED_EDGE ( 'NONE', *, *, #2635, .F. ) ;
#6769 = ORIENTED_EDGE ( 'NONE', *, *, #588, .F. ) ;
#6770 = CARTESIAN_POINT ( 'NONE',  ( -0.3200000000000000067, -2.860000000000000320, 8.380000000000000782 ) ) ;
#6771 = DIRECTION ( 'NONE',  ( -0.7071067811865474617, 0.7071067811865474617, 0.000000000000000000 ) ) ;
#6772 = FILL_AREA_STYLE_COLOUR ( '', #2153 ) ;
#6773 = DIRECTION ( 'NONE',  ( 1.735167508356890344E-18, 0.7071067811865475727, 0.7071067811865475727 ) ) ;
#6774 = VECTOR ( 'NONE', #946, 1000.000000000000000 ) ;
#6775 = LINE ( 'NONE', #4798, #1947 ) ;
#6776 = SURFACE_STYLE_FILL_AREA ( #1618 ) ;
#6777 = ORIENTED_EDGE ( 'NONE', *, *, #7566, .F. ) ;
#6778 = FILL_AREA_STYLE_COLOUR ( '', #6540 ) ;
#6779 = ORIENTED_EDGE ( 'NONE', *, *, #6277, .T. ) ;
#6780 = ORIENTED_EDGE ( 'NONE', *, *, #7372, .F. ) ;
#6781 = FILL_AREA_STYLE ('',( #1530 ) ) ;
#6782 = CARTESIAN_POINT ( 'NONE',  ( -1.385736902219999845E-17, -8.890000000000000568, 0.000000000000000000 ) ) ;
#6783 = CARTESIAN_POINT ( 'NONE',  ( -0.3200000000000000067, -17.53999999999999915, 8.460000000000000853 ) ) ;
#6784 = COLOUR_RGB ( '',0.8588235294117646523, 0.7372549019607843590, 0.4941176470588235503 ) ;
#6785 =( NAMED_UNIT ( * ) PLANE_ANGLE_UNIT ( ) SI_UNIT ( $, .RADIAN. ) );
#6786 = FILL_AREA_STYLE ('',( #4717 ) ) ;
#6787 = FILL_AREA_STYLE_COLOUR ( '', #4813 ) ;
#6788 = VERTEX_POINT ( 'NONE', #133 ) ;
#6789 = ORIENTED_EDGE ( 'NONE', *, *, #4528, .T. ) ;
#6790 = EDGE_CURVE ( 'NONE', #7931, #4958, #47, .T. ) ;
#6791 = ORIENTED_EDGE ( 'NONE', *, *, #2394, .F. ) ;
#6792 = MECHANICAL_DESIGN_GEOMETRIC_PRESENTATION_REPRESENTATION (  '', ( #5275 ), #3787 ) ;
#6793 = LINE ( 'NONE', #893, #7639 ) ;
#6794 = COLOUR_RGB ( '',0.8588235294117646523, 0.7372549019607843590, 0.4941176470588235503 ) ;
#6795 = EDGE_CURVE ( 'NONE', #145, #2465, #7271, .T. ) ;
#6796 = UNCERTAINTY_MEASURE_WITH_UNIT (LENGTH_MEASURE( 1.000000000000000082E-05 ), #6086, 'distance_accuracy_value', 'NONE');
#6797 = ORIENTED_EDGE ( 'NONE', *, *, #4125, .T. ) ;
#6798 = CARTESIAN_POINT ( 'NONE',  ( -0.3200000000000000067, -7.779999999999999361, -3.000000000000000000 ) ) ;
#6799 = AXIS2_PLACEMENT_3D ( 'NONE', #7019, #6895, #5598 ) ;
#6800 = VERTEX_POINT ( 'NONE', #7966 ) ;
#6801 = FILL_AREA_STYLE ('',( #2103 ) ) ;
#6802 = VECTOR ( 'NONE', #7737, 1000.000000000000000 ) ;
#6803 = DIRECTION ( 'NONE',  ( 0.000000000000000000, -1.000000000000000000, -2.453897423307444850E-18 ) ) ;
#6804 = SURFACE_SIDE_STYLE ('',( #2920 ) ) ;
#6805 = EDGE_CURVE ( 'NONE', #4154, #3517, #7195, .T. ) ;
#6806 = SURFACE_STYLE_FILL_AREA ( #8005 ) ;
#6807 = DIRECTION ( 'NONE',  ( 0.000000000000000000, 0.000000000000000000, 1.000000000000000000 ) ) ;
#6808 =( GEOMETRIC_REPRESENTATION_CONTEXT ( 3 ) GLOBAL_UNCERTAINTY_ASSIGNED_CONTEXT ( ( #6194 ) ) GLOBAL_UNIT_ASSIGNED_CONTEXT ( ( #4939, #6838, #3026 ) ) REPRESENTATION_CONTEXT ( 'NONE', 'WORKASPACE' ) );
#6809 = SURFACE_SIDE_STYLE ('',( #5469 ) ) ;
#6810 = VECTOR ( 'NONE', #6043, 1000.000000000000000 ) ;
#6811 = DIRECTION ( 'NONE',  ( 0.7071067811865475727, 1.735167508356890344E-18, -0.7071067811865475727 ) ) ;
#6812 = VERTEX_POINT ( 'NONE', #1955 ) ;
#6813 = VERTEX_POINT ( 'NONE', #7310 ) ;
#6814 = CARTESIAN_POINT ( 'NONE',  ( 0.3200000000000000067, -9.839999999999999858, -3.000000000000000000 ) ) ;
#6815 = VECTOR ( 'NONE', #4099, 1000.000000000000000 ) ;
#6816 = ORIENTED_EDGE ( 'NONE', *, *, #6348, .T. ) ;
#6817 = EDGE_CURVE ( 'NONE', #5752, #1620, #2628, .T. ) ;
#6818 = MECHANICAL_DESIGN_GEOMETRIC_PRESENTATION_REPRESENTATION (  '', ( #901 ), #72 ) ;
#6819 =( NAMED_UNIT ( * ) SI_UNIT ( $, .STERADIAN. ) SOLID_ANGLE_UNIT ( ) );
#6820 = SURFACE_STYLE_FILL_AREA ( #3615 ) ;
#6821 = ADVANCED_FACE ( 'NONE', ( #5984 ), #4056, .T. ) ;
#6822 = COLOUR_RGB ( '',0.8588235294117646523, 0.7372549019607843590, 0.4941176470588235503 ) ;
#6824 = PRESENTATION_LAYER_ASSIGNMENT (  '', '', ( #3547 ) ) ;
#6823 = UNCERTAINTY_MEASURE_WITH_UNIT (LENGTH_MEASURE( 1.000000000000000082E-05 ), #4334, 'distance_accuracy_value', 'NONE');
#6825 = ORIENTED_EDGE ( 'NONE', *, *, #1249, .T. ) ;
#6826 = ORIENTED_EDGE ( 'NONE', *, *, #5905, .T. ) ;
#6827 = STYLED_ITEM ( 'NONE', ( #5287 ), #5119 ) ;
#6828 = ORIENTED_EDGE ( 'NONE', *, *, #5457, .T. ) ;
#6829 = SURFACE_SIDE_STYLE ('',( #4934 ) ) ;
#6830 = PRESENTATION_STYLE_ASSIGNMENT (( #1008 ) ) ;
#6831 =( NAMED_UNIT ( * ) PLANE_ANGLE_UNIT ( ) SI_UNIT ( $, .RADIAN. ) );
#6832 = MECHANICAL_DESIGN_GEOMETRIC_PRESENTATION_REPRESENTATION (  '', ( #5729 ), #3148 ) ;
#6833 = CARTESIAN_POINT ( 'NONE',  ( 0.3200000000000000067, -12.38000000000000078, -3.000000000000000000 ) ) ;
#6834 = ADVANCED_FACE ( 'NONE', ( #1293 ), #3979, .T. ) ;
#6835 = FILL_AREA_STYLE_COLOUR ( '', #4233 ) ;
#6836 = FILL_AREA_STYLE ('',( #844 ) ) ;
#6837 = ORIENTED_EDGE ( 'NONE', *, *, #8337, .F. ) ;
#6838 =( NAMED_UNIT ( * ) PLANE_ANGLE_UNIT ( ) SI_UNIT ( $, .RADIAN. ) );
#6839 = EDGE_LOOP ( 'NONE', ( #6078, #7539, #400, #6182 ) ) ;
#6840 = EDGE_CURVE ( 'NONE', #668, #5400, #1160, .T. ) ;
#6841 = ORIENTED_EDGE ( 'NONE', *, *, #3616, .F. ) ;
#6842 = DIRECTION ( 'NONE',  ( 0.000000000000000000, 1.000000000000000000, 0.000000000000000000 ) ) ;
#6843 = DIRECTION ( 'NONE',  ( 1.000000000000000000, 0.000000000000000000, 0.000000000000000000 ) ) ;
#6844 = AXIS2_PLACEMENT_3D ( 'NONE', #2921, #7397, #5509 ) ;
#6845 =( NAMED_UNIT ( * ) PLANE_ANGLE_UNIT ( ) SI_UNIT ( $, .RADIAN. ) );
#6846 = VERTEX_POINT ( 'NONE', #5426 ) ;
#6847 = FACE_OUTER_BOUND ( 'NONE', #8508, .T. ) ;
#6848 = SURFACE_SIDE_STYLE ('',( #2256 ) ) ;
#6849 = ORIENTED_EDGE ( 'NONE', *, *, #8443, .T. ) ;
#6850 = PRESENTATION_LAYER_ASSIGNMENT (  '', '', ( #4507 ) ) ;
#6851 = DIRECTION ( 'NONE',  ( 0.000000000000000000, 1.000000000000000000, 0.000000000000000000 ) ) ;
#6852 = DIRECTION ( 'NONE',  ( 1.735167508356890344E-18, 0.7071067811865475727, 0.7071067811865475727 ) ) ;
#6853 = CARTESIAN_POINT ( 'NONE',  ( 1.270000000000000018, 1.016000000000000014, 0.000000000000000000 ) ) ;
#6854 = DIRECTION ( 'NONE',  ( 0.000000000000000000, -1.000000000000000000, 0.000000000000000000 ) ) ;
#6855 = FACE_OUTER_BOUND ( 'NONE', #1211, .T. ) ;
#6856 = COLOUR_RGB ( '',0.1450980392156862586, 0.1411764705882352922, 0.1411764705882352922 ) ;
#6857 = AXIS2_PLACEMENT_3D ( 'NONE', #8490, #6589, #3331 ) ;
#6858 = CARTESIAN_POINT ( 'NONE',  ( 0.1600000000000000033, -7.779999999999999361, -3.000000000000000000 ) ) ;
#6859 =( NAMED_UNIT ( * ) SI_UNIT ( $, .STERADIAN. ) SOLID_ANGLE_UNIT ( ) );
#6860 = ORIENTED_EDGE ( 'NONE', *, *, #3831, .F. ) ;
#6861 = ORIENTED_EDGE ( 'NONE', *, *, #2617, .F. ) ;
#6862 = CARTESIAN_POINT ( 'NONE',  ( 0.3200000000000000067, 0.3200000000000000067, -2.839999999999999858 ) ) ;
#6863 = EDGE_CURVE ( 'NONE', #8022, #6405, #4790, .T. ) ;
#6864 =( LENGTH_UNIT ( ) NAMED_UNIT ( * ) SI_UNIT ( .MILLI., .METRE. ) );
#6865 = SURFACE_SIDE_STYLE ('',( #2269 ) ) ;
#6866 = VECTOR ( 'NONE', #5396, 1000.000000000000114 ) ;
#6867 =( NAMED_UNIT ( * ) PLANE_ANGLE_UNIT ( ) SI_UNIT ( $, .RADIAN. ) );
#6868 = PRESENTATION_STYLE_ASSIGNMENT (( #2837 ) ) ;
#6869 = EDGE_LOOP ( 'NONE', ( #113, #8246, #5512, #3230 ) ) ;
#6870 = FILL_AREA_STYLE ('',( #6778 ) ) ;
#6871 = ORIENTED_EDGE ( 'NONE', *, *, #6348, .F. ) ;
#6872 = ORIENTED_EDGE ( 'NONE', *, *, #1269, .T. ) ;
#6873 = EDGE_CURVE ( 'NONE', #3621, #253, #3684, .T. ) ;
#6874 = DIRECTION ( 'NONE',  ( 1.000000000000000000, 0.000000000000000000, 0.000000000000000000 ) ) ;
#6875 = CARTESIAN_POINT ( 'NONE',  ( -0.3200000000000000067, -7.299999999999999822, -3.000000000000000000 ) ) ;
#6876 = AXIS2_PLACEMENT_3D ( 'NONE', #3180, #7753, #448 ) ;
#6877 = AXIS2_PLACEMENT_3D ( 'NONE', #8023, #6874, #245 ) ;
#6878 = DIRECTION ( 'NONE',  ( 0.000000000000000000, 1.000000000000000000, 0.000000000000000000 ) ) ;
#6879 = CARTESIAN_POINT ( 'NONE',  ( -0.2666666666669999519, -15.50666666666000104, 8.433333333333001391 ) ) ;
#6880 = FILL_AREA_STYLE_COLOUR ( '', #8291 ) ;
#6881 = DIRECTION ( 'NONE',  ( 0.000000000000000000, 0.000000000000000000, 1.000000000000000000 ) ) ;
#6882 = ORIENTED_EDGE ( 'NONE', *, *, #5891, .F. ) ;
#6883 = SURFACE_STYLE_USAGE ( .BOTH. , #4977 ) ;
#6884 = VECTOR ( 'NONE', #8150, 1000.000000000000000 ) ;
#6885 = ORIENTED_EDGE ( 'NONE', *, *, #7790, .F. ) ;
#6886 = ORIENTED_EDGE ( 'NONE', *, *, #4116, .T. ) ;
#6887 =( NAMED_UNIT ( * ) PLANE_ANGLE_UNIT ( ) SI_UNIT ( $, .RADIAN. ) );
#6888 = MECHANICAL_DESIGN_GEOMETRIC_PRESENTATION_REPRESENTATION (  '', ( #7554 ), #7425 ) ;
#6889 = DIRECTION ( 'NONE',  ( 0.000000000000000000, 1.000000000000000000, 0.000000000000000000 ) ) ;
#6890 = EDGE_CURVE ( 'NONE', #5045, #643, #4260, .T. ) ;
#6891 = AXIS2_PLACEMENT_3D ( 'NONE', #7620, #998, #6253 ) ;
#6892 = CARTESIAN_POINT ( 'NONE',  ( -0.3200000000000000067, -4.919999999999999929, -3.000000000000000000 ) ) ;
#6893 = UNCERTAINTY_MEASURE_WITH_UNIT (LENGTH_MEASURE( 1.000000000000000082E-05 ), #3146, 'distance_accuracy_value', 'NONE');
#6894 = ORIENTED_EDGE ( 'NONE', *, *, #4640, .F. ) ;
#6895 = DIRECTION ( 'NONE',  ( 0.000000000000000000, 0.000000000000000000, 1.000000000000000000 ) ) ;
#6896 = VERTEX_POINT ( 'NONE', #6985 ) ;
#6897 = CARTESIAN_POINT ( 'NONE',  ( 0.05333333333332999915, -7.566666666666999497, -3.106666666666999976 ) ) ;
#6898 = FILL_AREA_STYLE ('',( #4263 ) ) ;
#6900 = DIRECTION ( 'NONE',  ( 0.5773502691896257311, -0.5773502691896257311, -0.5773502691896257311 ) ) ;
#6899 = VECTOR ( 'NONE', #1521, 1000.000000000000000 ) ;
#6901 = FACE_OUTER_BOUND ( 'NONE', #172, .T. ) ;
#6902 = SURFACE_STYLE_FILL_AREA ( #3516 ) ;
#6903 = EDGE_LOOP ( 'NONE', ( #5364, #5354, #3927, #4362 ) ) ;
#6904 = VERTEX_POINT ( 'NONE', #3083 ) ;
#6905 = DIRECTION ( 'NONE',  ( -1.735167508356890344E-18, 0.7071067811865475727, -0.7071067811865475727 ) ) ;
#6906 = STYLED_ITEM ( 'NONE', ( #2879 ), #5675 ) ;
#6907 = SURFACE_STYLE_FILL_AREA ( #7715 ) ;
#6908 = CARTESIAN_POINT ( 'NONE',  ( -0.3200000000000000067, -18.10000000000000142, 0.000000000000000000 ) ) ;
#6909 = CARTESIAN_POINT ( 'NONE',  ( -0.1600000000000000033, 0.3200000000000000067, 2.540000000000000036 ) ) ;
#6910 = ADVANCED_FACE ( 'NONE', ( #1640 ), #5639, .F. ) ;
#6911 = ADVANCED_FACE ( 'NONE', ( #3727 ), #4430, .F. ) ;
#6912 = COLOUR_RGB ( '',0.8588235294117646523, 0.7372549019607843590, 0.4941176470588235503 ) ;
#6913 = DIRECTION ( 'NONE',  ( 0.000000000000000000, -1.000000000000000000, 0.000000000000000000 ) ) ;
#6914 = ORIENTED_EDGE ( 'NONE', *, *, #1792, .F. ) ;
#6915 =( LENGTH_UNIT ( ) NAMED_UNIT ( * ) SI_UNIT ( .MILLI., .METRE. ) );
#6916 = ORIENTED_EDGE ( 'NONE', *, *, #429, .F. ) ;
#6917 = ORIENTED_EDGE ( 'NONE', *, *, #2416, .T. ) ;
#6918 = SURFACE_SIDE_STYLE ('',( #6265 ) ) ;
#6919 = EDGE_CURVE ( 'NONE', #2162, #5950, #8440, .T. ) ;
#6920 =( NAMED_UNIT ( * ) SI_UNIT ( $, .STERADIAN. ) SOLID_ANGLE_UNIT ( ) );
#6921 = CARTESIAN_POINT ( 'NONE',  ( -0.3200000000000000067, -0.1600000000000000033, -3.000000000000000000 ) ) ;
#6922 = LINE ( 'NONE', #8304, #7478 ) ;
#6923 = CARTESIAN_POINT ( 'NONE',  ( -1.270000000000000018, -16.25600000000000023, 0.000000000000000000 ) ) ;
#6924 = FILL_AREA_STYLE_COLOUR ( '', #4918 ) ;
#6925 = DIRECTION ( 'NONE',  ( 1.000000000000000000, 0.000000000000000000, 0.000000000000000000 ) ) ;
#6926 = VERTEX_POINT ( 'NONE', #5156 ) ;
#6927 = LINE ( 'NONE', #1014, #7891 ) ;
#6928 = ORIENTED_EDGE ( 'NONE', *, *, #2618, .F. ) ;
#6929 = CARTESIAN_POINT ( 'NONE',  ( 1.016000000000000014, -1.270000000000000018, 0.000000000000000000 ) ) ;
#6930 =( NAMED_UNIT ( * ) SI_UNIT ( $, .STERADIAN. ) SOLID_ANGLE_UNIT ( ) );
#6931 = SURFACE_SIDE_STYLE ('',( #428 ) ) ;
#6932 = CARTESIAN_POINT ( 'NONE',  ( -0.3200000000000000067, -5.400000000000000355, -3.000000000000000000 ) ) ;
#6933 = VERTEX_POINT ( 'NONE', #3325 ) ;
#6934 =( NAMED_UNIT ( * ) SI_UNIT ( $, .STERADIAN. ) SOLID_ANGLE_UNIT ( ) );
#6935 = DIRECTION ( 'NONE',  ( -0.5773502691896257311, -0.5773502691896257311, -0.5773502691896257311 ) ) ;
#6936 =( GEOMETRIC_REPRESENTATION_CONTEXT ( 3 ) GLOBAL_UNCERTAINTY_ASSIGNED_CONTEXT ( ( #4642 ) ) GLOBAL_UNIT_ASSIGNED_CONTEXT ( ( #7344, #725, #7693 ) ) REPRESENTATION_CONTEXT ( 'NONE', 'WORKASPACE' ) );
#6937 = EDGE_LOOP ( 'NONE', ( #4220, #942, #7381, #7021 ) ) ;
#6938 = STYLED_ITEM ( 'NONE', ( #824 ), #52 ) ;
#6939 = PLANE ( 'NONE',  #2515 ) ;
#6940 = FACE_OUTER_BOUND ( 'NONE', #5496, .T. ) ;
#6941 = PRESENTATION_STYLE_ASSIGNMENT (( #441 ) ) ;
#6942 = CARTESIAN_POINT ( 'NONE',  ( -0.3200000000000000067, -7.299999999999999822, -2.839999999999999858 ) ) ;
#6943 = VECTOR ( 'NONE', #2090, 1000.000000000000000 ) ;
#6944 = EDGE_LOOP ( 'NONE', ( #511, #2154, #8262, #3474 ) ) ;
#6945 = VERTEX_POINT ( 'NONE', #4558 ) ;
#6946 = LINE ( 'NONE', #1083, #1010 ) ;
#6947 = ADVANCED_FACE ( 'NONE', ( #5921 ), #2688, .F. ) ;
#6948 = DIRECTION ( 'NONE',  ( -0.7071067811865474617, 0.7071067811865474617, 0.000000000000000000 ) ) ;
#6949 = LINE ( 'NONE', #6255, #4486 ) ;
#6950 = COLOUR_RGB ( '',0.8588235294117646523, 0.7372549019607843590, 0.4941176470588235503 ) ;
#6951 =( NAMED_UNIT ( * ) SI_UNIT ( $, .STERADIAN. ) SOLID_ANGLE_UNIT ( ) );
#6952 = SURFACE_STYLE_FILL_AREA ( #7037 ) ;
#6953 = MECHANICAL_DESIGN_GEOMETRIC_PRESENTATION_REPRESENTATION (  '', ( #3533 ), #3672 ) ;
#6954 = ADVANCED_FACE ( 'NONE', ( #2565 ), #7860, .F. ) ;
#6955 = AXIS2_PLACEMENT_3D ( 'NONE', #2466, #6403, #7689 ) ;
#6956 = CARTESIAN_POINT ( 'NONE',  ( -0.3200000000000000067, -9.839999999999999858, -3.000000000000000000 ) ) ;
#6957 = DIRECTION ( 'NONE',  ( 0.000000000000000000, 0.000000000000000000, 1.000000000000000000 ) ) ;
#6958 = ORIENTED_EDGE ( 'NONE', *, *, #4381, .T. ) ;
#6959 = PRESENTATION_LAYER_ASSIGNMENT (  '', '', ( #354 ) ) ;
#6960 = VERTEX_POINT ( 'NONE', #6500 ) ;
#6961 =( NAMED_UNIT ( * ) SI_UNIT ( $, .STERADIAN. ) SOLID_ANGLE_UNIT ( ) );
#6962 = EDGE_CURVE ( 'NONE', #7690, #7848, #4122, .T. ) ;
#6963 = PRESENTATION_STYLE_ASSIGNMENT (( #8223 ) ) ;
#6964 = MECHANICAL_DESIGN_GEOMETRIC_PRESENTATION_REPRESENTATION (  '', ( #7637 ), #5297 ) ;
#6965 = LINE ( 'NONE', #3021, #5429 ) ;
#6966 =( GEOMETRIC_REPRESENTATION_CONTEXT ( 3 ) GLOBAL_UNCERTAINTY_ASSIGNED_CONTEXT ( ( #8455 ) ) GLOBAL_UNIT_ASSIGNED_CONTEXT ( ( #4003, #166, #2194 ) ) REPRESENTATION_CONTEXT ( 'NONE', 'WORKASPACE' ) );
#6967 = STYLED_ITEM ( 'NONE', ( #7233 ), #3388 ) ;
#6968 = PRESENTATION_LAYER_ASSIGNMENT (  '', '', ( #5301 ) ) ;
#6969 = DIRECTION ( 'NONE',  ( -0.7071067811865475727, 1.735167508356890344E-18, 0.7071067811865475727 ) ) ;
#6970 = ORIENTED_EDGE ( 'NONE', *, *, #1477, .T. ) ;
#6971 = CARTESIAN_POINT ( 'NONE',  ( 1.270000000000000018, -4.064000000000000057, 2.540000000000000036 ) ) ;
#6972 = EDGE_LOOP ( 'NONE', ( #6636, #5929, #1851, #7299 ) ) ;
#6973 = CARTESIAN_POINT ( 'NONE',  ( 0.3200000000000000067, -15.55999999999999872, -2.839999999999999858 ) ) ;
#6974 = PLANE ( 'NONE',  #270 ) ;
#6975 = FILL_AREA_STYLE_COLOUR ( '', #1807 ) ;
#6976 =( GEOMETRIC_REPRESENTATION_CONTEXT ( 3 ) GLOBAL_UNCERTAINTY_ASSIGNED_CONTEXT ( ( #3802 ) ) GLOBAL_UNIT_ASSIGNED_CONTEXT ( ( #7339, #3414, #2300 ) ) REPRESENTATION_CONTEXT ( 'NONE', 'WORKASPACE' ) );
#6977 = STYLED_ITEM ( 'NONE', ( #8250 ), #945 ) ;
#6978 = DIRECTION ( 'NONE',  ( -0.5773502691896257311, 0.5773502691896257311, 0.5773502691896257311 ) ) ;
#6979 =( NAMED_UNIT ( * ) PLANE_ANGLE_UNIT ( ) SI_UNIT ( $, .RADIAN. ) );
#6980 =( GEOMETRIC_REPRESENTATION_CONTEXT ( 3 ) GLOBAL_UNCERTAINTY_ASSIGNED_CONTEXT ( ( #2625 ) ) GLOBAL_UNIT_ASSIGNED_CONTEXT ( ( #6018, #267, #5415 ) ) REPRESENTATION_CONTEXT ( 'NONE', 'WORKASPACE' ) );
#6981 = UNCERTAINTY_MEASURE_WITH_UNIT (LENGTH_MEASURE( 1.000000000000000082E-05 ), #6915, 'distance_accuracy_value', 'NONE');
#6982 = DIRECTION ( 'NONE',  ( -0.000000000000000000, 1.000000000000000000, 0.000000000000000000 ) ) ;
#6983 = CARTESIAN_POINT ( 'NONE',  ( 1.016000000000000014, -6.349999999999999645, 0.000000000000000000 ) ) ;
#6984 = VERTEX_POINT ( 'NONE', #851 ) ;
#6985 = CARTESIAN_POINT ( 'NONE',  ( -0.1600000000000000033, -0.1600000000000000033, 8.540000000000000924 ) ) ;
#6986 = ADVANCED_FACE ( 'NONE', ( #3497 ), #4815, .T. ) ;
#6987 = DIRECTION ( 'NONE',  ( 0.000000000000000000, -1.000000000000000000, 0.000000000000000000 ) ) ;
#6988 = CARTESIAN_POINT ( 'NONE',  ( 0.05333333333332999915, 0.05333333333332999915, -3.106666666666999976 ) ) ;
#6989 = SURFACE_SIDE_STYLE ('',( #7614 ) ) ;
#6990 = COLOUR_RGB ( '',0.8588235294117646523, 0.7372549019607843590, 0.4941176470588235503 ) ;
#6991 = PLANE ( 'NONE',  #2175 ) ;
#6992 = ORIENTED_EDGE ( 'NONE', *, *, #5479, .T. ) ;
#6993 = ORIENTED_EDGE ( 'NONE', *, *, #3458, .T. ) ;
#6994 = LINE ( 'NONE', #7713, #25 ) ;
#6995 = DIRECTION ( 'NONE',  ( -0.5773502691896257311, -0.5773502691896257311, -0.5773502691896257311 ) ) ;
#6996 =( NAMED_UNIT ( * ) SI_UNIT ( $, .STERADIAN. ) SOLID_ANGLE_UNIT ( ) );
#6997 = COLOUR_RGB ( '',0.8588235294117646523, 0.7372549019607843590, 0.4941176470588235503 ) ;
#6998 = PRESENTATION_LAYER_ASSIGNMENT (  '', '', ( #5061 ) ) ;
#6999 = DIRECTION ( 'NONE',  ( 1.735167508356888803E-18, -0.7071067811865475727, -0.7071067811865475727 ) ) ;
#7000 = ADVANCED_FACE ( 'NONE', ( #7382 ), #4171, .F. ) ;
#7001 = CARTESIAN_POINT ( 'NONE',  ( 0.3200000000000000067, -5.400000000000000355, -3.000000000000000000 ) ) ;
#7002 = EDGE_CURVE ( 'NONE', #2266, #4284, #6654, .T. ) ;
#7003 = COLOUR_RGB ( '',0.1450980392156862586, 0.1411764705882352922, 0.1411764705882352922 ) ;
#7004 = VECTOR ( 'NONE', #4511, 1000.000000000000000 ) ;
#7005 = VERTEX_POINT ( 'NONE', #164 ) ;
#7006 = SURFACE_STYLE_USAGE ( .BOTH. , #7679 ) ;
#7007 = CARTESIAN_POINT ( 'NONE',  ( -0.1600000000000000033, -17.62000000000000099, -3.000000000000000000 ) ) ;
#7008 = DIRECTION ( 'NONE',  ( -0.7071067811865475727, 0.000000000000000000, 0.7071067811865475727 ) ) ;
#7009 = SURFACE_SIDE_STYLE ('',( #1758 ) ) ;
#7010 = ORIENTED_EDGE ( 'NONE', *, *, #3863, .T. ) ;
#7011 = ORIENTED_EDGE ( 'NONE', *, *, #6593, .T. ) ;
#7012 = PRESENTATION_LAYER_ASSIGNMENT (  '', '', ( #3985 ) ) ;
#7013 = DIRECTION ( 'NONE',  ( -0.7071067811865475727, 0.7071067811865475727, 0.000000000000000000 ) ) ;
#7014 = CARTESIAN_POINT ( 'NONE',  ( -0.3200000000000000067, -2.380000000000000338, -3.000000000000000000 ) ) ;
#7015 = CARTESIAN_POINT ( 'NONE',  ( -0.1600000000000000033, 0.1600000000000000033, 8.540000000000000924 ) ) ;
#7016 = FILL_AREA_STYLE ('',( #3720 ) ) ;
#7017 = EDGE_CURVE ( 'NONE', #1315, #5558, #1362, .T. ) ;
#7018 = VECTOR ( 'NONE', #6444, 1000.000000000000000 ) ;
#7019 = CARTESIAN_POINT ( 'NONE',  ( -0.3200000000000000067, -7.939999999999999503, 8.540000000000000924 ) ) ;
#7020 = FILL_AREA_STYLE ('',( #4988 ) ) ;
#7021 = ORIENTED_EDGE ( 'NONE', *, *, #4902, .F. ) ;
#7022 = SURFACE_STYLE_FILL_AREA ( #1817 ) ;
#7023 = CARTESIAN_POINT ( 'NONE',  ( -1.016000000000000014, 1.270000000000000018, 0.000000000000000000 ) ) ;
#7024 = DIRECTION ( 'NONE',  ( -0.7071067811865474617, -0.7071067811865474617, 0.000000000000000000 ) ) ;
#7025 = EDGE_CURVE ( 'NONE', #7484, #4770, #7291, .T. ) ;
#7026 = LINE ( 'NONE', #712, #5150 ) ;
#7027 = SURFACE_STYLE_USAGE ( .BOTH. , #6337 ) ;
#7028 =( NAMED_UNIT ( * ) SI_UNIT ( $, .STERADIAN. ) SOLID_ANGLE_UNIT ( ) );
#7029 = CARTESIAN_POINT ( 'NONE',  ( -0.3200000000000000067, -13.01999999999999957, -3.000000000000000000 ) ) ;
#7030 = ORIENTED_EDGE ( 'NONE', *, *, #7492, .T. ) ;
#7031 = ORIENTED_EDGE ( 'NONE', *, *, #6575, .F. ) ;
#7032 = SURFACE_STYLE_USAGE ( .BOTH. , #1787 ) ;
#7033 = FILL_AREA_STYLE_COLOUR ( '', #4435 ) ;
#7034 =( LENGTH_UNIT ( ) NAMED_UNIT ( * ) SI_UNIT ( .MILLI., .METRE. ) );
#7035 = VECTOR ( 'NONE', #1455, 1000.000000000000000 ) ;
#7036 =( NAMED_UNIT ( * ) SI_UNIT ( $, .STERADIAN. ) SOLID_ANGLE_UNIT ( ) );
#7037 = FILL_AREA_STYLE ('',( #4488 ) ) ;
#7038 = STYLED_ITEM ( 'NONE', ( #194 ), #5282 ) ;
#7039 = FILL_AREA_STYLE ('',( #5617 ) ) ;
#7040 = SURFACE_STYLE_FILL_AREA ( #6351 ) ;
#7041 = ORIENTED_EDGE ( 'NONE', *, *, #4268, .F. ) ;
#7042 = FACE_OUTER_BOUND ( 'NONE', #3236, .T. ) ;
#7043 = VECTOR ( 'NONE', #5386, 1000.000000000000000 ) ;
#7044 = STYLED_ITEM ( 'NONE', ( #7918 ), #5641 ) ;
#7045 = CARTESIAN_POINT ( 'NONE',  ( 0.3200000000000000067, -10.48000000000000043, -2.839999999999999858 ) ) ;
#7046 = DIRECTION ( 'NONE',  ( 1.000000000000000000, 0.000000000000000000, 0.000000000000000000 ) ) ;
#7047 = CARTESIAN_POINT ( 'NONE',  ( 0.3200000000000000067, -18.10000000000000142, -3.000000000000000000 ) ) ;
#7048 = LINE ( 'NONE', #4335, #7018 ) ;
#7049 = ORIENTED_EDGE ( 'NONE', *, *, #692, .T. ) ;
#7050 =( LENGTH_UNIT ( ) NAMED_UNIT ( * ) SI_UNIT ( .MILLI., .METRE. ) );
#7051 = ORIENTED_EDGE ( 'NONE', *, *, #3178, .F. ) ;
#7052 =( LENGTH_UNIT ( ) NAMED_UNIT ( * ) SI_UNIT ( .MILLI., .METRE. ) );
#7053 = MECHANICAL_DESIGN_GEOMETRIC_PRESENTATION_REPRESENTATION (  '', ( #3898 ), #7182 ) ;
#7054 = DIRECTION ( 'NONE',  ( 0.000000000000000000, 1.000000000000000000, 0.000000000000000000 ) ) ;
#7055 = VECTOR ( 'NONE', #8292, 1000.000000000000000 ) ;
#7056 =( LENGTH_UNIT ( ) NAMED_UNIT ( * ) SI_UNIT ( .MILLI., .METRE. ) );
#7057 = SURFACE_STYLE_FILL_AREA ( #2346 ) ;
#7058 = ADVANCED_FACE ( 'NONE', ( #6620 ), #2096, .F. ) ;
#7059 = UNCERTAINTY_MEASURE_WITH_UNIT (LENGTH_MEASURE( 1.000000000000000082E-05 ), #7642, 'distance_accuracy_value', 'NONE');
#7060 = PRESENTATION_STYLE_ASSIGNMENT (( #8438 ) ) ;
#7061 = CARTESIAN_POINT ( 'NONE',  ( 1.016000000000000014, -13.97000000000000064, 2.540000000000000036 ) ) ;
#7062 = ORIENTED_EDGE ( 'NONE', *, *, #1383, .T. ) ;
#7063 = FILL_AREA_STYLE_COLOUR ( '', #4643 ) ;
#7064 = LINE ( 'NONE', #3807, #3193 ) ;
#7065 = ADVANCED_FACE ( 'NONE', ( #3633 ), #6974, .F. ) ;
#7066 = DIRECTION ( 'NONE',  ( 0.000000000000000000, 0.000000000000000000, 1.000000000000000000 ) ) ;
#7067 = PLANE ( 'NONE',  #214 ) ;
#7068 = LINE ( 'NONE', #2439, #5980 ) ;
#7069 = UNCERTAINTY_MEASURE_WITH_UNIT (LENGTH_MEASURE( 1.000000000000000082E-05 ), #4473, 'distance_accuracy_value', 'NONE');
#7070 = PRESENTATION_LAYER_ASSIGNMENT (  '', '', ( #5547 ) ) ;
#7071 = FILL_AREA_STYLE ('',( #2023 ) ) ;
#7072 = FACE_OUTER_BOUND ( 'NONE', #4584, .T. ) ;
#7073 = ORIENTED_EDGE ( 'NONE', *, *, #7743, .T. ) ;
#7074 = VERTEX_POINT ( 'NONE', #6279 ) ;
#7075 = DIRECTION ( 'NONE',  ( 1.000000000000000000, 0.000000000000000000, 0.000000000000000000 ) ) ;
#7076 = SURFACE_STYLE_USAGE ( .BOTH. , #2487 ) ;
#7077 =( NAMED_UNIT ( * ) SI_UNIT ( $, .STERADIAN. ) SOLID_ANGLE_UNIT ( ) );
#7078 = PRESENTATION_LAYER_ASSIGNMENT (  '', '', ( #5275 ) ) ;
#7079 = COLOUR_RGB ( '',0.8588235294117646523, 0.7372549019607843590, 0.4941176470588235503 ) ;
#7080 = UNCERTAINTY_MEASURE_WITH_UNIT (LENGTH_MEASURE( 1.000000000000000082E-05 ), #5922, 'distance_accuracy_value', 'NONE');
#7081 = EDGE_CURVE ( 'NONE', #2893, #6737, #391, .T. ) ;
#7082 = LINE ( 'NONE', #454, #7846 ) ;
#7083 = SURFACE_STYLE_FILL_AREA ( #7719 ) ;
#7084 = STYLED_ITEM ( 'NONE', ( #6275 ), #6312 ) ;
#7085 = ORIENTED_EDGE ( 'NONE', *, *, #4328, .F. ) ;
#7086 =( NAMED_UNIT ( * ) PLANE_ANGLE_UNIT ( ) SI_UNIT ( $, .RADIAN. ) );
#7087 = SURFACE_STYLE_USAGE ( .BOTH. , #1224 ) ;
#7088 =( GEOMETRIC_REPRESENTATION_CONTEXT ( 3 ) GLOBAL_UNCERTAINTY_ASSIGNED_CONTEXT ( ( #8365 ) ) GLOBAL_UNIT_ASSIGNED_CONTEXT ( ( #5198, #2681, #2646 ) ) REPRESENTATION_CONTEXT ( 'NONE', 'WORKASPACE' ) );
#7089 = PRESENTATION_LAYER_ASSIGNMENT (  '', '', ( #4052 ) ) ;
#7090 = EDGE_CURVE ( 'NONE', #3256, #4154, #466, .T. ) ;
#7091 = FILL_AREA_STYLE ('',( #549 ) ) ;
#7092 = DIRECTION ( 'NONE',  ( 2.453897423307444850E-18, 1.000000000000000000, 0.000000000000000000 ) ) ;
#7093 = CARTESIAN_POINT ( 'NONE',  ( -0.1600000000000000033, -4.919999999999999929, -3.000000000000000000 ) ) ;
#7094 = MECHANICAL_DESIGN_GEOMETRIC_PRESENTATION_REPRESENTATION (  '', ( #2297 ), #3933 ) ;
#7095 = LINE ( 'NONE', #1419, #2335 ) ;
#7096 = CARTESIAN_POINT ( 'NONE',  ( 0.3200000000000000067, -7.939999999999999503, 0.000000000000000000 ) ) ;
#7097 = ORIENTED_EDGE ( 'NONE', *, *, #3831, .T. ) ;
#7098 = PRESENTATION_LAYER_ASSIGNMENT (  '', '', ( #7633 ) ) ;
#7099 = ORIENTED_EDGE ( 'NONE', *, *, #6840, .T. ) ;
#7100 = PRESENTATION_STYLE_ASSIGNMENT (( #3870 ) ) ;
#7101 = AXIS2_PLACEMENT_3D ( 'NONE', #7585, #1694, #6957 ) ;
#7102 = PRESENTATION_STYLE_ASSIGNMENT (( #1845 ) ) ;
#7103 = PRESENTATION_STYLE_ASSIGNMENT (( #7653 ) ) ;
#7104 = CARTESIAN_POINT ( 'NONE',  ( -0.3200000000000000067, -13.01999999999999957, 2.540000000000000036 ) ) ;
#7105 = COLOUR_RGB ( '',0.8588235294117646523, 0.7372549019607843590, 0.4941176470588235503 ) ;
#7106 = EDGE_CURVE ( 'NONE', #1409, #8387, #8358, .T. ) ;
#7107 = FILL_AREA_STYLE ('',( #4509 ) ) ;
#7108 = EDGE_CURVE ( 'NONE', #8458, #8085, #1063, .T. ) ;
#7109 = LINE ( 'NONE', #1360, #5476 ) ;
#7110 = ORIENTED_EDGE ( 'NONE', *, *, #4525, .T. ) ;
#7111 =( NAMED_UNIT ( * ) PLANE_ANGLE_UNIT ( ) SI_UNIT ( $, .RADIAN. ) );
#7112 = MECHANICAL_DESIGN_GEOMETRIC_PRESENTATION_REPRESENTATION (  '', ( #6827 ), #6976 ) ;
#7113 = PRESENTATION_LAYER_ASSIGNMENT (  '', '', ( #2319 ) ) ;
#7114 = STYLED_ITEM ( 'NONE', ( #5520 ), #4782 ) ;
#7115 = PRESENTATION_STYLE_ASSIGNMENT (( #4520 ) ) ;
#7116 = EDGE_LOOP ( 'NONE', ( #4494, #263, #1003, #8393 ) ) ;
#7117 = ORIENTED_EDGE ( 'NONE', *, *, #3887, .T. ) ;
#7118 = DIRECTION ( 'NONE',  ( -0.5773502691896257311, 0.5773502691896257311, -0.5773502691896257311 ) ) ;
#7119 = FILL_AREA_STYLE_COLOUR ( '', #4630 ) ;
#7120 = VECTOR ( 'NONE', #4716, 1000.000000000000000 ) ;
#7121 = ADVANCED_FACE ( 'NONE', ( #6231 ), #7599, .F. ) ;
#7122 =( LENGTH_UNIT ( ) NAMED_UNIT ( * ) SI_UNIT ( .MILLI., .METRE. ) );
#7123 = PLANE ( 'NONE',  #1448 ) ;
#7124 = ORIENTED_EDGE ( 'NONE', *, *, #3616, .T. ) ;
#7125 = CARTESIAN_POINT ( 'NONE',  ( -0.1600000000000000033, -0.3200000000000000067, 0.000000000000000000 ) ) ;
#7126 = AXIS2_PLACEMENT_3D ( 'NONE', #7047, #1190, #6362 ) ;
#7127 = CARTESIAN_POINT ( 'NONE',  ( -0.1600000000000000033, -12.85999999999999943, 8.540000000000000924 ) ) ;
#7128 = CARTESIAN_POINT ( 'NONE',  ( -0.3200000000000000067, -12.38000000000000078, -2.839999999999999858 ) ) ;
#7129 = MECHANICAL_DESIGN_GEOMETRIC_PRESENTATION_REPRESENTATION (  '', ( #6013 ), #1077 ) ;
#7130 = VECTOR ( 'NONE', #399, 1000.000000000000114 ) ;
#7131 = LINE ( 'NONE', #7928, #3537 ) ;
#7132 = ORIENTED_EDGE ( 'NONE', *, *, #3944, .F. ) ;
#7133 = CARTESIAN_POINT ( 'NONE',  ( 0.3200000000000000067, -0.3200000000000000067, 0.000000000000000000 ) ) ;
#7134 = ORIENTED_EDGE ( 'NONE', *, *, #1205, .F. ) ;
#7135 = CARTESIAN_POINT ( 'NONE',  ( -0.1600000000000000033, -7.939999999999999503, 0.000000000000000000 ) ) ;
#7136 = MECHANICAL_DESIGN_GEOMETRIC_PRESENTATION_REPRESENTATION (  '', ( #8105 ), #5758 ) ;
#7137 = FILL_AREA_STYLE_COLOUR ( '', #3799 ) ;
#7138 = UNCERTAINTY_MEASURE_WITH_UNIT (LENGTH_MEASURE( 1.000000000000000082E-05 ), #1663, 'distance_accuracy_value', 'NONE');
#7139 = DIRECTION ( 'NONE',  ( 1.000000000000000000, 0.000000000000000000, 0.000000000000000000 ) ) ;
#7140 = ORIENTED_EDGE ( 'NONE', *, *, #508, .T. ) ;
#7141 = FILL_AREA_STYLE ('',( #565 ) ) ;
#7142 = EDGE_CURVE ( 'NONE', #963, #5741, #3954, .T. ) ;
#7143 = SURFACE_STYLE_USAGE ( .BOTH. , #704 ) ;
#7144 = SURFACE_SIDE_STYLE ('',( #5769 ) ) ;
#7145 =( GEOMETRIC_REPRESENTATION_CONTEXT ( 3 ) GLOBAL_UNCERTAINTY_ASSIGNED_CONTEXT ( ( #3057 ) ) GLOBAL_UNIT_ASSIGNED_CONTEXT ( ( #8208, #869, #5612 ) ) REPRESENTATION_CONTEXT ( 'NONE', 'WORKASPACE' ) );
#7146 =( GEOMETRIC_REPRESENTATION_CONTEXT ( 3 ) GLOBAL_UNCERTAINTY_ASSIGNED_CONTEXT ( ( #6543 ) ) GLOBAL_UNIT_ASSIGNED_CONTEXT ( ( #545, #6478, #5823 ) ) REPRESENTATION_CONTEXT ( 'NONE', 'WORKASPACE' ) );
#7147 = LINE ( 'NONE', #6504, #3551 ) ;
#7148 = UNCERTAINTY_MEASURE_WITH_UNIT (LENGTH_MEASURE( 1.000000000000000082E-05 ), #7370, 'distance_accuracy_value', 'NONE');
#7149 = FACE_OUTER_BOUND ( 'NONE', #3792, .T. ) ;
#7150 = ORIENTED_EDGE ( 'NONE', *, *, #978, .T. ) ;
#7151 = ORIENTED_EDGE ( 'NONE', *, *, #7724, .T. ) ;
#7152 = DIRECTION ( 'NONE',  ( 0.7071067811865475727, -1.735167508356890344E-18, 0.7071067811865475727 ) ) ;
#7153 = MECHANICAL_DESIGN_GEOMETRIC_PRESENTATION_REPRESENTATION (  '', ( #562 ), #7962 ) ;
#7154 = LINE ( 'NONE', #2027, #5362 ) ;
#7155 =( LENGTH_UNIT ( ) NAMED_UNIT ( * ) SI_UNIT ( .MILLI., .METRE. ) );
#7156 = VECTOR ( 'NONE', #4990, 1000.000000000000114 ) ;
#7157 = LINE ( 'NONE', #4573, #374 ) ;
#7158 = DIRECTION ( 'NONE',  ( -0.5773502691896257311, 0.5773502691896257311, 0.5773502691896257311 ) ) ;
#7159 = VECTOR ( 'NONE', #1711, 1000.000000000000000 ) ;
#7160 = STYLED_ITEM ( 'NONE', ( #5815 ), #5859 ) ;
#7161 = EDGE_LOOP ( 'NONE', ( #2533, #3000, #1168, #36 ) ) ;
#7162 = EDGE_CURVE ( 'NONE', #6896, #7618, #5236, .T. ) ;
#7163 = SURFACE_SIDE_STYLE ('',( #2672 ) ) ;
#7164 = STYLED_ITEM ( 'NONE', ( #5182 ), #2025 ) ;
#7165 = DIRECTION ( 'NONE',  ( 0.5773502691896257311, 0.5773502691896257311, 0.5773502691896257311 ) ) ;
#7166 = DIRECTION ( 'NONE',  ( 1.000000000000000000, 0.000000000000000000, 0.000000000000000000 ) ) ;
#7167 = PRESENTATION_LAYER_ASSIGNMENT (  '', '', ( #4422 ) ) ;
#7168 = DIRECTION ( 'NONE',  ( -0.5773502691896257311, 0.5773502691896257311, -0.5773502691896257311 ) ) ;
#7169 = ORIENTED_EDGE ( 'NONE', *, *, #4256, .F. ) ;
#7170 = ORIENTED_EDGE ( 'NONE', *, *, #5648, .F. ) ;
#7171 = CARTESIAN_POINT ( 'NONE',  ( 0.3200000000000000067, -10.48000000000000043, -2.839999999999999858 ) ) ;
#7172 =( LENGTH_UNIT ( ) NAMED_UNIT ( * ) SI_UNIT ( .MILLI., .METRE. ) );
#7173 = ADVANCED_FACE ( 'NONE', ( #7851 ), #7694, .F. ) ;
#7174 =( NAMED_UNIT ( * ) SI_UNIT ( $, .STERADIAN. ) SOLID_ANGLE_UNIT ( ) );
#7175 = DIRECTION ( 'NONE',  ( 0.7071067811865474617, 0.7071067811865474617, 0.000000000000000000 ) ) ;
#7176 = DIRECTION ( 'NONE',  ( 0.000000000000000000, 0.000000000000000000, 1.000000000000000000 ) ) ;
#7177 = ORIENTED_EDGE ( 'NONE', *, *, #7527, .F. ) ;
#7178 = EDGE_CURVE ( 'NONE', #1654, #2268, #6574, .T. ) ;
#7179 = CARTESIAN_POINT ( 'NONE',  ( -0.3200000000000000067, -7.939999999999999503, -3.000000000000000000 ) ) ;
#7180 = CARTESIAN_POINT ( 'NONE',  ( -0.1600000000000000033, -10.31999999999999851, 8.540000000000000924 ) ) ;
#7181 = LINE ( 'NONE', #1935, #3681 ) ;
#7182 =( GEOMETRIC_REPRESENTATION_CONTEXT ( 3 ) GLOBAL_UNCERTAINTY_ASSIGNED_CONTEXT ( ( #3822 ) ) GLOBAL_UNIT_ASSIGNED_CONTEXT ( ( #5219, #6549, #1256 ) ) REPRESENTATION_CONTEXT ( 'NONE', 'WORKASPACE' ) );
#7183 = ADVANCED_FACE ( 'NONE', ( #3871 ), #24, .F. ) ;
#7184 = VECTOR ( 'NONE', #4172, 1000.000000000000000 ) ;
#7185 = LINE ( 'NONE', #721, #6415 ) ;
#7186 = ORIENTED_EDGE ( 'NONE', *, *, #5054, .F. ) ;
#7187 = ORIENTED_EDGE ( 'NONE', *, *, #1933, .T. ) ;
#7188 = LINE ( 'NONE', #5931, #966 ) ;
#7189 = PLANE ( 'NONE',  #6222 ) ;
#7190 = SURFACE_STYLE_FILL_AREA ( #1176 ) ;
#7191 = SURFACE_STYLE_FILL_AREA ( #4655 ) ;
#7192 = SURFACE_STYLE_FILL_AREA ( #1992 ) ;
#7193 = EDGE_CURVE ( 'NONE', #6813, #5573, #1483, .T. ) ;
#7194 = SURFACE_STYLE_USAGE ( .BOTH. , #4658 ) ;
#7195 = LINE ( 'NONE', #7235, #3124 ) ;
#7196 = VECTOR ( 'NONE', #7619, 1000.000000000000000 ) ;
#7197 = EDGE_LOOP ( 'NONE', ( #274, #7169, #5494, #6366 ) ) ;
#7198 = VECTOR ( 'NONE', #8426, 1000.000000000000000 ) ;
#7199 = CARTESIAN_POINT ( 'NONE',  ( 1.270000000000000018, -11.68399999999999928, 0.000000000000000000 ) ) ;
#7200 = CARTESIAN_POINT ( 'NONE',  ( 1.270000000000000018, -14.22400000000000020, 0.000000000000000000 ) ) ;
#7201 = EDGE_CURVE ( 'NONE', #2755, #3601, #1438, .T. ) ;
#7202 =( GEOMETRIC_REPRESENTATION_CONTEXT ( 3 ) GLOBAL_UNCERTAINTY_ASSIGNED_CONTEXT ( ( #7927 ) ) GLOBAL_UNIT_ASSIGNED_CONTEXT ( ( #563, #1275, #5764 ) ) REPRESENTATION_CONTEXT ( 'NONE', 'WORKASPACE' ) );
#7203 = ORIENTED_EDGE ( 'NONE', *, *, #4902, .T. ) ;
#7204 = LINE ( 'NONE', #7884, #1179 ) ;
#7205 = ORIENTED_EDGE ( 'NONE', *, *, #7701, .T. ) ;
#7206 = ADVANCED_FACE ( 'NONE', ( #4029 ), #2801, .F. ) ;
#7207 = LINE ( 'NONE', #637, #1423 ) ;
#7208 = LINE ( 'NONE', #1355, #8460 ) ;
#7209 = VECTOR ( 'NONE', #206, 1000.000000000000000 ) ;
#7210 = DIRECTION ( 'NONE',  ( 0.000000000000000000, 1.000000000000000000, 0.000000000000000000 ) ) ;
#7211 = COLOUR_RGB ( '',0.8588235294117646523, 0.7372549019607843590, 0.4941176470588235503 ) ;
#7212 = VECTOR ( 'NONE', #1074, 1000.000000000000114 ) ;
#7213 = CARTESIAN_POINT ( 'NONE',  ( 0.3200000000000000067, -17.46000000000000085, 2.540000000000000036 ) ) ;
#7214 = FILL_AREA_STYLE_COLOUR ( '', #1294 ) ;
#7215 = DIRECTION ( 'NONE',  ( 1.000000000000000000, 0.000000000000000000, 0.000000000000000000 ) ) ;
#7216 = MECHANICAL_DESIGN_GEOMETRIC_PRESENTATION_REPRESENTATION (  '', ( #3674 ), #1997 ) ;
#7217 = EDGE_LOOP ( 'NONE', ( #4066, #2367, #1984, #2400 ) ) ;
#7218 = FILL_AREA_STYLE ('',( #7777 ) ) ;
#7219 = VECTOR ( 'NONE', #2462, 1000.000000000000114 ) ;
#7220 = VECTOR ( 'NONE', #2044, 1000.000000000000114 ) ;
#7221 = PLANE ( 'NONE',  #5721 ) ;
#7222 =( GEOMETRIC_REPRESENTATION_CONTEXT ( 3 ) GLOBAL_UNCERTAINTY_ASSIGNED_CONTEXT ( ( #1814 ) ) GLOBAL_UNIT_ASSIGNED_CONTEXT ( ( #4093, #2877, #6065 ) ) REPRESENTATION_CONTEXT ( 'NONE', 'WORKASPACE' ) );
#7223 = COLOUR_RGB ( '',0.8588235294117646523, 0.7372549019607843590, 0.4941176470588235503 ) ;
#7224 = LINE ( 'NONE', #1407, #1457 ) ;
#7225 = STYLED_ITEM ( 'NONE', ( #8014 ), #3285 ) ;
#7226 = ORIENTED_EDGE ( 'NONE', *, *, #7612, .T. ) ;
#7227 = EDGE_CURVE ( 'NONE', #4284, #1125, #4804, .T. ) ;
#7228 = CARTESIAN_POINT ( 'NONE',  ( -0.3200000000000000067, -12.22499999999999964, 0.000000000000000000 ) ) ;
#7229 = CARTESIAN_POINT ( 'NONE',  ( -1.270000000000000018, -18.79599999999999937, 0.000000000000000000 ) ) ;
#7230 = DIRECTION ( 'NONE',  ( 0.000000000000000000, 1.000000000000000000, 0.000000000000000000 ) ) ;
#7231 = CARTESIAN_POINT ( 'NONE',  ( -0.3200000000000000067, -12.38000000000000078, -2.839999999999999858 ) ) ;
#7232 = VECTOR ( 'NONE', #1650, 1000.000000000000000 ) ;
#7233 = PRESENTATION_STYLE_ASSIGNMENT (( #2664 ) ) ;
#7234 = UNCERTAINTY_MEASURE_WITH_UNIT (LENGTH_MEASURE( 1.000000000000000082E-05 ), #1412, 'distance_accuracy_value', 'NONE');
#7235 = CARTESIAN_POINT ( 'NONE',  ( 0.1600000000000000033, -13.01999999999999957, 8.540000000000000924 ) ) ;
#7236 = ORIENTED_EDGE ( 'NONE', *, *, #5826, .T. ) ;
#7237 = DIRECTION ( 'NONE',  ( 1.000000000000000000, 0.000000000000000000, 0.000000000000000000 ) ) ;
#7238 = EDGE_CURVE ( 'NONE', #2908, #2351, #2048, .T. ) ;
#7239 = STYLED_ITEM ( 'NONE', ( #3627 ), #7978 ) ;
#7240 = CARTESIAN_POINT ( 'NONE',  ( 1.270000000000000018, 1.016000000000000014, 2.540000000000000036 ) ) ;
#7241 = SURFACE_STYLE_USAGE ( .BOTH. , #2748 ) ;
#7242 = CARTESIAN_POINT ( 'NONE',  ( -0.1600000000000000033, -15.55999999999999872, 0.000000000000000000 ) ) ;
#7243 = VERTEX_POINT ( 'NONE', #7323 ) ;
#7244 = DIRECTION ( 'NONE',  ( 1.000000000000000000, 0.000000000000000000, 0.000000000000000000 ) ) ;
#7245 = ORIENTED_EDGE ( 'NONE', *, *, #3721, .F. ) ;
#7246 = MECHANICAL_DESIGN_GEOMETRIC_PRESENTATION_REPRESENTATION (  '', ( #3969 ), #3166 ) ;
#7247 = LINE ( 'NONE', #1352, #277 ) ;
#7248 = DIRECTION ( 'NONE',  ( 1.000000000000000000, 0.000000000000000000, 0.000000000000000000 ) ) ;
#7249 =( NAMED_UNIT ( * ) SI_UNIT ( $, .STERADIAN. ) SOLID_ANGLE_UNIT ( ) );
#7250 = COLOUR_RGB ( '',0.8588235294117646523, 0.7372549019607843590, 0.4941176470588235503 ) ;
#7251 = LINE ( 'NONE', #1312, #5319 ) ;
#7252 = PLANE ( 'NONE',  #8080 ) ;
#7253 = DIRECTION ( 'NONE',  ( -1.000000000000000000, 0.000000000000000000, 0.000000000000000000 ) ) ;
#7254 = FILL_AREA_STYLE ('',( #5918 ) ) ;
#7255 = ORIENTED_EDGE ( 'NONE', *, *, #1792, .T. ) ;
#7256 = MECHANICAL_DESIGN_GEOMETRIC_PRESENTATION_REPRESENTATION (  '', ( #1345 ), #7535 ) ;
#7257 = MECHANICAL_DESIGN_GEOMETRIC_PRESENTATION_REPRESENTATION (  '', ( #6164 ), #6563 ) ;
#7258 = DIRECTION ( 'NONE',  ( 0.000000000000000000, 0.000000000000000000, 1.000000000000000000 ) ) ;
#7259 = EDGE_CURVE ( 'NONE', #6364, #1015, #2129, .T. ) ;
#7260 = LINE ( 'NONE', #6798, #1381 ) ;
#7261 = EDGE_LOOP ( 'NONE', ( #2508, #80, #3440, #2767 ) ) ;
#7262 = FILL_AREA_STYLE_COLOUR ( '', #5595 ) ;
#7263 = CARTESIAN_POINT ( 'NONE',  ( -0.3200000000000000067, -0.3200000000000000067, -3.000000000000000000 ) ) ;
#7264 = EDGE_CURVE ( 'NONE', #1013, #5451, #2720, .T. ) ;
#7265 =( GEOMETRIC_REPRESENTATION_CONTEXT ( 3 ) GLOBAL_UNCERTAINTY_ASSIGNED_CONTEXT ( ( #7906 ) ) GLOBAL_UNIT_ASSIGNED_CONTEXT ( ( #2230, #1571, #925 ) ) REPRESENTATION_CONTEXT ( 'NONE', 'WORKASPACE' ) );
#7266 =( NAMED_UNIT ( * ) SI_UNIT ( $, .STERADIAN. ) SOLID_ANGLE_UNIT ( ) );
#7267 =( GEOMETRIC_REPRESENTATION_CONTEXT ( 3 ) GLOBAL_UNCERTAINTY_ASSIGNED_CONTEXT ( ( #1044 ) ) GLOBAL_UNIT_ASSIGNED_CONTEXT ( ( #7034, #488, #6996 ) ) REPRESENTATION_CONTEXT ( 'NONE', 'WORKASPACE' ) );
#7268 = CARTESIAN_POINT ( 'NONE',  ( 1.270000000000000018, -13.71600000000000108, 2.540000000000000036 ) ) ;
#7269 = SURFACE_STYLE_FILL_AREA ( #5793 ) ;
#7270 = PRESENTATION_LAYER_ASSIGNMENT (  '', '', ( #2500 ) ) ;
#7271 = LINE ( 'NONE', #5901, #3809 ) ;
#7272 = ORIENTED_EDGE ( 'NONE', *, *, #5203, .F. ) ;
#7273 = VECTOR ( 'NONE', #8248, 1000.000000000000000 ) ;
#7274 = CARTESIAN_POINT ( 'NONE',  ( 1.016000000000000014, -6.349999999999999645, 0.000000000000000000 ) ) ;
#7275 = VECTOR ( 'NONE', #6450, 1000.000000000000000 ) ;
#7276 = CARTESIAN_POINT ( 'NONE',  ( 0.2400000000000000189, -7.939999999999999503, -2.919999999999999929 ) ) ;
#7277 = ORIENTED_EDGE ( 'NONE', *, *, #6176, .T. ) ;
#7278 = VERTEX_POINT ( 'NONE', #200 ) ;
#7279 = CARTESIAN_POINT ( 'NONE',  ( -1.270000000000000018, -8.635999999999999233, 0.000000000000000000 ) ) ;
#7280 = MECHANICAL_DESIGN_GEOMETRIC_PRESENTATION_REPRESENTATION (  '', ( #3612 ), #1523 ) ;
#7281 = LINE ( 'NONE', #3318, #619 ) ;
#7282 = CARTESIAN_POINT ( 'NONE',  ( 0.1600000000000000033, -17.62000000000000099, -3.000000000000000000 ) ) ;
#7283 = PLANE ( 'NONE',  #6659 ) ;
#7284 = SURFACE_STYLE_USAGE ( .BOTH. , #204 ) ;
#7285 = FACE_OUTER_BOUND ( 'NONE', #7442, .T. ) ;
#7286 = COLOUR_RGB ( '',0.8588235294117646523, 0.7372549019607843590, 0.4941176470588235503 ) ;
#7287 = DIRECTION ( 'NONE',  ( 0.5773502691896257311, 0.5773502691896257311, -0.5773502691896257311 ) ) ;
#7288 = PRESENTATION_LAYER_ASSIGNMENT (  '', '', ( #1532 ) ) ;
#7289 = EDGE_CURVE ( 'NONE', #5902, #207, #7419, .T. ) ;
#7290 = ORIENTED_EDGE ( 'NONE', *, *, #678, .F. ) ;
#7291 = LINE ( 'NONE', #759, #4652 ) ;
#7292 = LINE ( 'NONE', #1405, #3096 ) ;
#7293 = EDGE_CURVE ( 'NONE', #6788, #3517, #4158, .T. ) ;
#7294 = AXIS2_PLACEMENT_3D ( 'NONE', #8107, #4096, #2160 ) ;
#7295 = DIRECTION ( 'NONE',  ( 0.000000000000000000, 1.000000000000000000, 0.000000000000000000 ) ) ;
#7296 = EDGE_CURVE ( 'NONE', #2637, #7541, #3532, .T. ) ;
#7297 = UNCERTAINTY_MEASURE_WITH_UNIT (LENGTH_MEASURE( 1.000000000000000082E-05 ), #1229, 'distance_accuracy_value', 'NONE');
#7298 = CARTESIAN_POINT ( 'NONE',  ( 0.3200000000000000067, -7.145000000000000462, 2.540000000000000036 ) ) ;
#7299 = ORIENTED_EDGE ( 'NONE', *, *, #7789, .F. ) ;
#7300 = FACE_OUTER_BOUND ( 'NONE', #1514, .T. ) ;
#7301 = EDGE_CURVE ( 'NONE', #5306, #643, #7247, .T. ) ;
#7302 = CARTESIAN_POINT ( 'NONE',  ( -0.3200000000000000067, -14.91999999999999993, -3.000000000000000000 ) ) ;
#7303 = CARTESIAN_POINT ( 'NONE',  ( -0.2400000000000000189, -10.48000000000000043, -2.919999999999999929 ) ) ;
#7304 = LINE ( 'NONE', #1414, #8159 ) ;
#7305 = DIRECTION ( 'NONE',  ( 0.000000000000000000, 1.000000000000000000, 0.000000000000000000 ) ) ;
#7306 = SURFACE_STYLE_FILL_AREA ( #3300 ) ;
#7307 = PLANE ( 'NONE',  #7294 ) ;
#7308 = CARTESIAN_POINT ( 'NONE',  ( 1.016000000000000014, -11.42999999999999972, 0.000000000000000000 ) ) ;
#7309 = VERTEX_POINT ( 'NONE', #6611 ) ;
#7310 = CARTESIAN_POINT ( 'NONE',  ( -1.016000000000000014, -8.890000000000000568, 0.000000000000000000 ) ) ;
#7311 = LINE ( 'NONE', #188, #5133 ) ;
#7312 = CARTESIAN_POINT ( 'NONE',  ( 1.016000000000000014, -16.51000000000000156, 0.000000000000000000 ) ) ;
#7313 = FILL_AREA_STYLE ('',( #4744 ) ) ;
#7314 = CARTESIAN_POINT ( 'NONE',  ( -0.3200000000000000067, -15.00000000000000000, 8.460000000000000853 ) ) ;
#7315 = ADVANCED_FACE ( 'NONE', ( #3355 ), #6647, .F. ) ;
#7316 = UNCERTAINTY_MEASURE_WITH_UNIT (LENGTH_MEASURE( 1.000000000000000082E-05 ), #2200, 'distance_accuracy_value', 'NONE');
#7317 = PRESENTATION_LAYER_ASSIGNMENT (  '', '', ( #1981 ) ) ;
#7318 = CARTESIAN_POINT ( 'NONE',  ( -1.016000000000000014, -6.349999999999999645, 0.000000000000000000 ) ) ;
#7319 = ORIENTED_EDGE ( 'NONE', *, *, #4552, .T. ) ;
#7320 = ORIENTED_EDGE ( 'NONE', *, *, #3509, .T. ) ;
#7321 = ORIENTED_EDGE ( 'NONE', *, *, #5377, .T. ) ;
#7322 = CARTESIAN_POINT ( 'NONE',  ( -0.3200000000000000067, -10.48000000000000043, 8.380000000000000782 ) ) ;
#7323 = CARTESIAN_POINT ( 'NONE',  ( 0.1600000000000000033, 0.1600000000000000033, 8.540000000000000924 ) ) ;
#7324 = VECTOR ( 'NONE', #5195, 1000.000000000000000 ) ;
#7325 = LINE ( 'NONE', #2805, #5833 ) ;
#7326 = VECTOR ( 'NONE', #6134, 1000.000000000000114 ) ;
#7327 =( NAMED_UNIT ( * ) SI_UNIT ( $, .STERADIAN. ) SOLID_ANGLE_UNIT ( ) );
#7328 = CARTESIAN_POINT ( 'NONE',  ( -0.3200000000000000067, -9.684999999999998721, 2.540000000000000036 ) ) ;
#7329 = ORIENTED_EDGE ( 'NONE', *, *, #5302, .F. ) ;
#7330 = DIRECTION ( 'NONE',  ( 1.000000000000000000, 0.000000000000000000, 0.000000000000000000 ) ) ;
#7331 = EDGE_LOOP ( 'NONE', ( #6664, #4098, #4126, #7799 ) ) ;
#7332 = SURFACE_SIDE_STYLE ('',( #2142 ) ) ;
#7333 =( NAMED_UNIT ( * ) SI_UNIT ( $, .STERADIAN. ) SOLID_ANGLE_UNIT ( ) );
#7334 = VECTOR ( 'NONE', #6978, 1000.000000000000114 ) ;
#7335 = CARTESIAN_POINT ( 'NONE',  ( -1.016000000000000014, -8.890000000000000568, 0.000000000000000000 ) ) ;
#7336 = ADVANCED_FACE ( 'NONE', ( #2943 ), #4326, .F. ) ;
#7337 = VECTOR ( 'NONE', #7661, 1000.000000000000000 ) ;
#7338 = ADVANCED_FACE ( 'NONE', ( #6311 ), #3062, .T. ) ;
#7339 =( LENGTH_UNIT ( ) NAMED_UNIT ( * ) SI_UNIT ( .MILLI., .METRE. ) );
#7340 = CARTESIAN_POINT ( 'NONE',  ( 1.270000000000000018, -1.524000000000000021, 2.540000000000000036 ) ) ;
#7341 = VECTOR ( 'NONE', #711, 1000.000000000000000 ) ;
#7342 = CARTESIAN_POINT ( 'NONE',  ( 0.3200000000000000067, -5.400000000000000355, -2.839999999999999858 ) ) ;
#7343 = ORIENTED_EDGE ( 'NONE', *, *, #495, .F. ) ;
#7344 =( LENGTH_UNIT ( ) NAMED_UNIT ( * ) SI_UNIT ( .MILLI., .METRE. ) );
#7345 = VECTOR ( 'NONE', #3311, 1000.000000000000000 ) ;
#7346 = DIRECTION ( 'NONE',  ( 1.000000000000000000, 0.000000000000000000, 0.000000000000000000 ) ) ;
#7347 = SURFACE_SIDE_STYLE ('',( #2069 ) ) ;
#7348 = VECTOR ( 'NONE', #2279, 1000.000000000000000 ) ;
#7349 = STYLED_ITEM ( 'NONE', ( #5160 ), #1329 ) ;
#7350 = PRESENTATION_STYLE_ASSIGNMENT (( #4783 ) ) ;
#7351 =( GEOMETRIC_REPRESENTATION_CONTEXT ( 3 ) GLOBAL_UNCERTAINTY_ASSIGNED_CONTEXT ( ( #2956 ) ) GLOBAL_UNIT_ASSIGNED_CONTEXT ( ( #8052, #2111, #4182 ) ) REPRESENTATION_CONTEXT ( 'NONE', 'WORKASPACE' ) );
#7352 = LINE ( 'NONE', #1467, #3340 ) ;
#7353 = ORIENTED_EDGE ( 'NONE', *, *, #457, .F. ) ;
#7354 = ORIENTED_EDGE ( 'NONE', *, *, #1075, .T. ) ;
#7355 = SURFACE_SIDE_STYLE ('',( #2114 ) ) ;
#7356 = CARTESIAN_POINT ( 'NONE',  ( 0.3200000000000000067, -10.48000000000000043, -3.000000000000000000 ) ) ;
#7357 = ORIENTED_EDGE ( 'NONE', *, *, #396, .F. ) ;
#7358 = STYLED_ITEM ( 'NONE', ( #2195 ), #5151 ) ;
#7359 = AXIS2_PLACEMENT_3D ( 'NONE', #780, #235, #137 ) ;
#7360 = LINE ( 'NONE', #1475, #2312 ) ;
#7361 =( NAMED_UNIT ( * ) PLANE_ANGLE_UNIT ( ) SI_UNIT ( $, .RADIAN. ) );
#7362 = EDGE_CURVE ( 'NONE', #6405, #5193, #2460, .T. ) ;
#7363 = STYLED_ITEM ( 'NONE', ( #3507 ), #445 ) ;
#7364 = DIRECTION ( 'NONE',  ( 2.453897423307444850E-18, 1.000000000000000000, 0.000000000000000000 ) ) ;
#7365 =( LENGTH_UNIT ( ) NAMED_UNIT ( * ) SI_UNIT ( .MILLI., .METRE. ) );
#7366 = ORIENTED_EDGE ( 'NONE', *, *, #4433, .F. ) ;
#7367 = DIRECTION ( 'NONE',  ( 0.000000000000000000, 1.000000000000000000, 0.000000000000000000 ) ) ;
#7368 = ORIENTED_EDGE ( 'NONE', *, *, #1373, .F. ) ;
#7369 = ORIENTED_EDGE ( 'NONE', *, *, #6747, .T. ) ;
#7370 =( LENGTH_UNIT ( ) NAMED_UNIT ( * ) SI_UNIT ( .MILLI., .METRE. ) );
#7371 = CARTESIAN_POINT ( 'NONE',  ( -0.2400000000000000189, -2.860000000000000320, 8.460000000000000853 ) ) ;
#7372 = EDGE_CURVE ( 'NONE', #1409, #1687, #2545, .T. ) ;
#7373 = DIRECTION ( 'NONE',  ( 0.000000000000000000, 0.000000000000000000, 1.000000000000000000 ) ) ;
#7374 = LINE ( 'NONE', #3956, #2132 ) ;
#7375 = VECTOR ( 'NONE', #1927, 1000.000000000000114 ) ;
#7376 = SURFACE_STYLE_FILL_AREA ( #7940 ) ;
#7377 = FACE_OUTER_BOUND ( 'NONE', #952, .T. ) ;
#7378 = ORIENTED_EDGE ( 'NONE', *, *, #3702, .T. ) ;
#7379 = LINE ( 'NONE', #7942, #8323 ) ;
#7380 = ORIENTED_EDGE ( 'NONE', *, *, #3144, .F. ) ;
#7381 = ORIENTED_EDGE ( 'NONE', *, *, #4061, .T. ) ;
#7382 = FACE_OUTER_BOUND ( 'NONE', #4167, .T. ) ;
#7383 = DIRECTION ( 'NONE',  ( -0.000000000000000000, 1.000000000000000000, 0.000000000000000000 ) ) ;
#7384 =( GEOMETRIC_REPRESENTATION_CONTEXT ( 3 ) GLOBAL_UNCERTAINTY_ASSIGNED_CONTEXT ( ( #2972 ) ) GLOBAL_UNIT_ASSIGNED_CONTEXT ( ( #1608, #6068, #184 ) ) REPRESENTATION_CONTEXT ( 'NONE', 'WORKASPACE' ) );
#7385 = COLOUR_RGB ( '',0.1450980392156862586, 0.1411764705882352922, 0.1411764705882352922 ) ;
#7386 =( LENGTH_UNIT ( ) NAMED_UNIT ( * ) SI_UNIT ( .MILLI., .METRE. ) );
#7387 = FACE_OUTER_BOUND ( 'NONE', #2856, .T. ) ;
#7388 = UNCERTAINTY_MEASURE_WITH_UNIT (LENGTH_MEASURE( 1.000000000000000082E-05 ), #617, 'distance_accuracy_value', 'NONE');
#7389 = ORIENTED_EDGE ( 'NONE', *, *, #2547, .F. ) ;
#7390 = PRESENTATION_LAYER_ASSIGNMENT (  '', '', ( #3165 ) ) ;
#7391 = STYLED_ITEM ( 'NONE', ( #4948 ), #8348 ) ;
#7392 = VERTEX_POINT ( 'NONE', #587 ) ;
#7393 = EDGE_CURVE ( 'NONE', #3631, #5574, #4535, .T. ) ;
#7394 = CARTESIAN_POINT ( 'NONE',  ( -0.2400000000000000189, -0.3200000000000000067, 8.460000000000000853 ) ) ;
#7395 =( NAMED_UNIT ( * ) SI_UNIT ( $, .STERADIAN. ) SOLID_ANGLE_UNIT ( ) );
#7396 =( LENGTH_UNIT ( ) NAMED_UNIT ( * ) SI_UNIT ( .MILLI., .METRE. ) );
#7397 = DIRECTION ( 'NONE',  ( -0.000000000000000000, 1.000000000000000000, 0.000000000000000000 ) ) ;
#7398 = CARTESIAN_POINT ( 'NONE',  ( -1.016000000000000014, -13.97000000000000064, 0.000000000000000000 ) ) ;
#7399 =( GEOMETRIC_REPRESENTATION_CONTEXT ( 3 ) GLOBAL_UNCERTAINTY_ASSIGNED_CONTEXT ( ( #1478 ) ) GLOBAL_UNIT_ASSIGNED_CONTEXT ( ( #7172, #2598, #515 ) ) REPRESENTATION_CONTEXT ( 'NONE', 'WORKASPACE' ) );
#7400 = DIRECTION ( 'NONE',  ( 0.000000000000000000, 0.000000000000000000, 1.000000000000000000 ) ) ;
#7401 = FILL_AREA_STYLE_COLOUR ( '', #7670 ) ;
#7402 = ORIENTED_EDGE ( 'NONE', *, *, #1813, .T. ) ;
#7403 = VERTEX_POINT ( 'NONE', #5058 ) ;
#7404 = CARTESIAN_POINT ( 'NONE',  ( -0.3200000000000000067, -18.10000000000000142, -2.839999999999999858 ) ) ;
#7405 = AXIS2_PLACEMENT_3D ( 'NONE', #8074, #1658, #5528 ) ;
#7406 = EDGE_LOOP ( 'NONE', ( #8145, #7711, #4186, #6653 ) ) ;
#7407 = LINE ( 'NONE', #8012, #4660 ) ;
#7408 = PLANE ( 'NONE',  #3008 ) ;
#7409 = PRESENTATION_STYLE_ASSIGNMENT (( #3477 ) ) ;
#7410 = COLOUR_RGB ( '',0.1450980392156862586, 0.1411764705882352922, 0.1411764705882352922 ) ;
#7411 = EDGE_CURVE ( 'NONE', #6746, #2812, #500, .T. ) ;
#7412 = STYLED_ITEM ( 'NONE', ( #2184 ), #2832 ) ;
#7413 = DIRECTION ( 'NONE',  ( 0.000000000000000000, 1.000000000000000000, 0.000000000000000000 ) ) ;
#7414 = UNCERTAINTY_MEASURE_WITH_UNIT (LENGTH_MEASURE( 1.000000000000000082E-05 ), #3651, 'distance_accuracy_value', 'NONE');
#7415 = ORIENTED_EDGE ( 'NONE', *, *, #1745, .T. ) ;
#7416 = ORIENTED_EDGE ( 'NONE', *, *, #4568, .T. ) ;
#7417 = VERTEX_POINT ( 'NONE', #6354 ) ;
#7418 = CARTESIAN_POINT ( 'NONE',  ( 1.270000000000000018, -9.144000000000000128, 0.000000000000000000 ) ) ;
#7419 = LINE ( 'NONE', #5443, #5080 ) ;
#7420 = PRODUCT_DEFINITION ( 'UNKNOWN', '', #781, #1744 ) ;
#7421 = EDGE_CURVE ( 'NONE', #4997, #4812, #1833, .T. ) ;
#7422 = CARTESIAN_POINT ( 'NONE',  ( -1.270000000000000018, -16.25600000000000023, 0.000000000000000000 ) ) ;
#7423 = DIRECTION ( 'NONE',  ( 0.000000000000000000, 0.000000000000000000, 1.000000000000000000 ) ) ;
#7424 =( NAMED_UNIT ( * ) PLANE_ANGLE_UNIT ( ) SI_UNIT ( $, .RADIAN. ) );
#7425 =( GEOMETRIC_REPRESENTATION_CONTEXT ( 3 ) GLOBAL_UNCERTAINTY_ASSIGNED_CONTEXT ( ( #5249 ) ) GLOBAL_UNIT_ASSIGNED_CONTEXT ( ( #944, #1641, #991 ) ) REPRESENTATION_CONTEXT ( 'NONE', 'WORKASPACE' ) );
#7426 = CARTESIAN_POINT ( 'NONE',  ( 0.1600000000000000033, -5.400000000000000355, -3.000000000000000000 ) ) ;
#7427 =( NAMED_UNIT ( * ) PLANE_ANGLE_UNIT ( ) SI_UNIT ( $, .RADIAN. ) );
#7428 = ADVANCED_FACE ( 'NONE', ( #5824 ), #8345, .T. ) ;
#7429 = CARTESIAN_POINT ( 'NONE',  ( 0.1600000000000000033, -2.860000000000000320, 8.540000000000000924 ) ) ;
#7430 = ORIENTED_EDGE ( 'NONE', *, *, #7106, .T. ) ;
#7431 = DIRECTION ( 'NONE',  ( 1.000000000000000000, 0.000000000000000000, 0.000000000000000000 ) ) ;
#7432 = ORIENTED_EDGE ( 'NONE', *, *, #5078, .T. ) ;
#7433 = ITEM_DEFINED_TRANSFORMATION ( 'NONE', 'NONE', #2878,  #264 ) ;
#7434 = EDGE_LOOP ( 'NONE', ( #5292, #3312, #1149, #158 ) ) ;
#7435 = PRESENTATION_STYLE_ASSIGNMENT (( #5405 ) ) ;
#7436 = VECTOR ( 'NONE', #3634, 1000.000000000000114 ) ;
#7437 = AXIS2_PLACEMENT_3D ( 'NONE', #431, #6982, #3080 ) ;
#7438 = DIRECTION ( 'NONE',  ( 0.000000000000000000, 0.000000000000000000, -1.000000000000000000 ) ) ;
#7439 = PRESENTATION_LAYER_ASSIGNMENT (  '', '', ( #1375 ) ) ;
#7440 = COLOUR_RGB ( '',0.8588235294117646523, 0.7372549019607843590, 0.4941176470588235503 ) ;
#7441 = EDGE_CURVE ( 'NONE', #6984, #3770, #3102, .T. ) ;
#7442 = EDGE_LOOP ( 'NONE', ( #2213, #221, #2161, #6619 ) ) ;
#7443 = FILL_AREA_STYLE_COLOUR ( '', #4932 ) ;
#7444 = ORIENTED_EDGE ( 'NONE', *, *, #5530, .T. ) ;
#7445 = LINE ( 'NONE', #7486, #5181 ) ;
#7446 = PLANE ( 'NONE',  #6197 ) ;
#7447 = MECHANICAL_DESIGN_GEOMETRIC_PRESENTATION_REPRESENTATION (  '', ( #3338 ), #2239 ) ;
#7448 = ADVANCED_FACE ( 'NONE', ( #1957 ), #2587, .F. ) ;
#7449 = PLANE ( 'NONE',  #2955 ) ;
#7450 = CARTESIAN_POINT ( 'NONE',  ( -1.270000000000000018, -14.22400000000000020, 0.000000000000000000 ) ) ;
#7451 = DIRECTION ( 'NONE',  ( -1.735167508356890344E-18, -0.7071067811865475727, 0.7071067811865475727 ) ) ;
#7452 = VERTEX_POINT ( 'NONE', #5942 ) ;
#7453 = ORIENTED_EDGE ( 'NONE', *, *, #1820, .T. ) ;
#7454 = ORIENTED_EDGE ( 'NONE', *, *, #703, .F. ) ;
#7455 = DIRECTION ( 'NONE',  ( -0.7071067811865475727, -0.7071067811865475727, 0.000000000000000000 ) ) ;
#7456 = DIRECTION ( 'NONE',  ( 1.000000000000000000, 0.000000000000000000, 0.000000000000000000 ) ) ;
#7457 =( LENGTH_UNIT ( ) NAMED_UNIT ( * ) SI_UNIT ( .MILLI., .METRE. ) );
#7458 = EDGE_CURVE ( 'NONE', #6374, #5352, #2789, .T. ) ;
#7459 = CARTESIAN_POINT ( 'NONE',  ( -0.1600000000000000033, -2.220000000000000195, 0.000000000000000000 ) ) ;
#7460 = EDGE_LOOP ( 'NONE', ( #895, #7758, #6126, #7742 ) ) ;
#7461 = SURFACE_STYLE_FILL_AREA ( #1002 ) ;
#7462 = VERTEX_POINT ( 'NONE', #1339 ) ;
#7463 = VERTEX_POINT ( 'NONE', #734 ) ;
#7464 = PLANE ( 'NONE',  #6877 ) ;
#7465 = PRESENTATION_STYLE_ASSIGNMENT (( #2410 ) ) ;
#7466 = PRESENTATION_STYLE_ASSIGNMENT (( #2760 ) ) ;
#7467 = SURFACE_SIDE_STYLE ('',( #4846 ) ) ;
#7468 = FILL_AREA_STYLE ('',( #8079 ) ) ;
#7469 = STYLED_ITEM ( 'NONE', ( #6017 ), #2509 ) ;
#7470 =( LENGTH_UNIT ( ) NAMED_UNIT ( * ) SI_UNIT ( .MILLI., .METRE. ) );
#7471 = SURFACE_STYLE_FILL_AREA ( #6836 ) ;
#7472 = EDGE_LOOP ( 'NONE', ( #5646, #4470, #5871, #256 ) ) ;
#7473 = ORIENTED_EDGE ( 'NONE', *, *, #5487, .T. ) ;
#7474 = ORIENTED_EDGE ( 'NONE', *, *, #626, .T. ) ;
#7475 = COLOUR_RGB ( '',0.1450980392156862586, 0.1411764705882352922, 0.1411764705882352922 ) ;
#7476 = SURFACE_STYLE_FILL_AREA ( #4816 ) ;
#7477 = CARTESIAN_POINT ( 'NONE',  ( 0.1600000000000000033, -10.48000000000000043, -3.000000000000000000 ) ) ;
#7478 = VECTOR ( 'NONE', #1055, 1000.000000000000000 ) ;
#7479 = DIRECTION ( 'NONE',  ( 0.000000000000000000, 0.000000000000000000, 1.000000000000000000 ) ) ;
#7480 = EDGE_CURVE ( 'NONE', #2736, #1686, #1474, .T. ) ;
#7481 = ORIENTED_EDGE ( 'NONE', *, *, #8004, .T. ) ;
#7482 = FILL_AREA_STYLE ('',( #7952 ) ) ;
#7483 = VECTOR ( 'NONE', #8275, 1000.000000000000000 ) ;
#7484 = VERTEX_POINT ( 'NONE', #779 ) ;
#7485 = VECTOR ( 'NONE', #561, 1000.000000000000000 ) ;
#7486 = CARTESIAN_POINT ( 'NONE',  ( 0.3200000000000000067, -13.49499999999999922, 0.000000000000000000 ) ) ;
#7487 = CARTESIAN_POINT ( 'NONE',  ( 0.3200000000000000067, -7.299999999999999822, 2.540000000000000036 ) ) ;
#7488 = PLANE ( 'NONE',  #3153 ) ;
#7489 = LINE ( 'NONE', #2395, #3258 ) ;
#7490 = VECTOR ( 'NONE', #2984, 1000.000000000000000 ) ;
#7491 = VECTOR ( 'NONE', #152, 1000.000000000000114 ) ;
#7492 = EDGE_CURVE ( 'NONE', #4177, #3453, #7407, .T. ) ;
#7493 = COLOUR_RGB ( '',0.8588235294117646523, 0.7372549019607843590, 0.4941176470588235503 ) ;
#7494 =( LENGTH_UNIT ( ) NAMED_UNIT ( * ) SI_UNIT ( .MILLI., .METRE. ) );
#7495 = CARTESIAN_POINT ( 'NONE',  ( -0.3200000000000000067, -13.01999999999999957, -3.000000000000000000 ) ) ;
#7496 = ORIENTED_EDGE ( 'NONE', *, *, #7421, .T. ) ;
#7497 = ORIENTED_EDGE ( 'NONE', *, *, #7264, .F. ) ;
#7498 = AXIS2_PLACEMENT_3D ( 'NONE', #6026, #1996, #6678 ) ;
#7499 = FILL_AREA_STYLE_COLOUR ( '', #5825 ) ;
#7500 = VECTOR ( 'NONE', #6568, 1000.000000000000000 ) ;
#7501 = CARTESIAN_POINT ( 'NONE',  ( -0.1600000000000000033, -12.54000000000000092, -3.000000000000000000 ) ) ;
#7502 = PRESENTATION_STYLE_ASSIGNMENT (( #1000 ) ) ;
#7503 = AXIS2_PLACEMENT_3D ( 'NONE', #7356, #3472, #5261 ) ;
#7504 = UNCERTAINTY_MEASURE_WITH_UNIT (LENGTH_MEASURE( 1.000000000000000082E-05 ), #4645, 'distance_accuracy_value', 'NONE');
#7505 = ORIENTED_EDGE ( 'NONE', *, *, #5203, .T. ) ;
#7506 = SURFACE_SIDE_STYLE ('',( #7461 ) ) ;
#7507 = ORIENTED_EDGE ( 'NONE', *, *, #6497, .F. ) ;
#7508 = VECTOR ( 'NONE', #5814, 1000.000000000000000 ) ;
#7509 = ORIENTED_EDGE ( 'NONE', *, *, #3581, .T. ) ;
#7510 = EDGE_CURVE ( 'NONE', #6207, #4792, #4058, .T. ) ;
#7511 = LINE ( 'NONE', #2177, #1235 ) ;
#7512 = CARTESIAN_POINT ( 'NONE',  ( -0.3200000000000000067, -13.01999999999999957, -3.000000000000000000 ) ) ;
#7513 = CARTESIAN_POINT ( 'NONE',  ( -1.016000000000000014, -8.890000000000000568, 0.000000000000000000 ) ) ;
#7514 = SURFACE_STYLE_USAGE ( .BOTH. , #6181 ) ;
#7515 = ORIENTED_EDGE ( 'NONE', *, *, #7293, .F. ) ;
#7516 = CARTESIAN_POINT ( 'NONE',  ( -1.270000000000000018, -11.68399999999999928, 2.540000000000000036 ) ) ;
#7517 = ORIENTED_EDGE ( 'NONE', *, *, #4529, .F. ) ;
#7518 = ORIENTED_EDGE ( 'NONE', *, *, #2643, .F. ) ;
#7519 = CARTESIAN_POINT ( 'NONE',  ( -1.270000000000000018, -13.71600000000000108, 0.000000000000000000 ) ) ;
#7520 = FILL_AREA_STYLE ('',( #7601 ) ) ;
#7521 = STYLED_ITEM ( 'NONE', ( #3321 ), #7836 ) ;
#7522 = VERTEX_POINT ( 'NONE', #4743 ) ;
#7523 = ORIENTED_EDGE ( 'NONE', *, *, #8228, .T. ) ;
#7524 = VECTOR ( 'NONE', #1703, 1000.000000000000000 ) ;
#7525 = VECTOR ( 'NONE', #5332, 1000.000000000000000 ) ;
#7526 = ADVANCED_FACE ( 'NONE', ( #50 ), #8062, .F. ) ;
#7527 = EDGE_CURVE ( 'NONE', #877, #6607, #2834, .T. ) ;
#7528 = CARTESIAN_POINT ( 'NONE',  ( 1.016000000000000014, -19.05000000000000071, 0.000000000000000000 ) ) ;
#7529 = DIRECTION ( 'NONE',  ( 0.7071067811865474617, 0.7071067811865474617, 0.000000000000000000 ) ) ;
#7530 = DIRECTION ( 'NONE',  ( -0.000000000000000000, 1.000000000000000000, 0.000000000000000000 ) ) ;
#7531 = EDGE_LOOP ( 'NONE', ( #6341, #5458, #4211, #1182 ) ) ;
#7532 = ORIENTED_EDGE ( 'NONE', *, *, #2643, .T. ) ;
#7533 = ADVANCED_FACE ( 'NONE', ( #3344 ), #6637, .F. ) ;
#7534 = LINE ( 'NONE', #4999, #7861 ) ;
#7535 =( GEOMETRIC_REPRESENTATION_CONTEXT ( 3 ) GLOBAL_UNCERTAINTY_ASSIGNED_CONTEXT ( ( #3481 ) ) GLOBAL_UNIT_ASSIGNED_CONTEXT ( ( #8024, #5272, #6038 ) ) REPRESENTATION_CONTEXT ( 'NONE', 'WORKASPACE' ) );
#7536 = DIRECTION ( 'NONE',  ( -0.000000000000000000, 1.000000000000000000, 0.000000000000000000 ) ) ;
#7537 = COLOUR_RGB ( '',0.1450980392156862586, 0.1411764705882352922, 0.1411764705882352922 ) ;
#7538 = FACE_OUTER_BOUND ( 'NONE', #7587, .T. ) ;
#7539 = ORIENTED_EDGE ( 'NONE', *, *, #3779, .T. ) ;
#7540 = VERTEX_POINT ( 'NONE', #5474 ) ;
#7541 = VERTEX_POINT ( 'NONE', #956 ) ;
#7542 = SURFACE_STYLE_USAGE ( .BOTH. , #6829 ) ;
#7543 =( GEOMETRIC_REPRESENTATION_CONTEXT ( 3 ) GLOBAL_UNCERTAINTY_ASSIGNED_CONTEXT ( ( #5435 ) ) GLOBAL_UNIT_ASSIGNED_CONTEXT ( ( #3434, #5263, #3697 ) ) REPRESENTATION_CONTEXT ( 'NONE', 'WORKASPACE' ) );
#7544 =( LENGTH_UNIT ( ) NAMED_UNIT ( * ) SI_UNIT ( .MILLI., .METRE. ) );
#7545 =( LENGTH_UNIT ( ) NAMED_UNIT ( * ) SI_UNIT ( .MILLI., .METRE. ) );
#7546 = LINE ( 'NONE', #7592, #2244 ) ;
#7547 =( LENGTH_UNIT ( ) NAMED_UNIT ( * ) SI_UNIT ( .MILLI., .METRE. ) );
#7548 = LINE ( 'NONE', #4898, #3857 ) ;
#7549 = ORIENTED_EDGE ( 'NONE', *, *, #6890, .F. ) ;
#7550 = COLOUR_RGB ( '',0.8588235294117646523, 0.7372549019607843590, 0.4941176470588235503 ) ;
#7551 = ORIENTED_EDGE ( 'NONE', *, *, #1061, .F. ) ;
#7552 = SURFACE_STYLE_USAGE ( .BOTH. , #4942 ) ;
#7553 = PLANE ( 'NONE',  #7706 ) ;
#7554 = STYLED_ITEM ( 'NONE', ( #8195 ), #1735 ) ;
#7555 = FILL_AREA_STYLE_COLOUR ( '', #571 ) ;
#7556 = CARTESIAN_POINT ( 'NONE',  ( 1.270000000000000018, -6.096000000000000085, 0.000000000000000000 ) ) ;
#7557 = VECTOR ( 'NONE', #1905, 1000.000000000000000 ) ;
#7558 = PLANE ( 'NONE',  #2075 ) ;
#7559 = ADVANCED_FACE ( 'NONE', ( #4316 ), #4145, .F. ) ;
#7560 = UNCERTAINTY_MEASURE_WITH_UNIT (LENGTH_MEASURE( 1.000000000000000082E-05 ), #3272, 'distance_accuracy_value', 'NONE');
#7561 = ORIENTED_EDGE ( 'NONE', *, *, #7362, .T. ) ;
#7562 =( NAMED_UNIT ( * ) SI_UNIT ( $, .STERADIAN. ) SOLID_ANGLE_UNIT ( ) );
#7563 = VECTOR ( 'NONE', #4905, 1000.000000000000000 ) ;
#7564 = ORIENTED_EDGE ( 'NONE', *, *, #4372, .F. ) ;
#7565 =( LENGTH_UNIT ( ) NAMED_UNIT ( * ) SI_UNIT ( .MILLI., .METRE. ) );
#7566 = EDGE_CURVE ( 'NONE', #5882, #8458, #8116, .T. ) ;
#7567 =( GEOMETRIC_REPRESENTATION_CONTEXT ( 3 ) GLOBAL_UNCERTAINTY_ASSIGNED_CONTEXT ( ( #5328 ) ) GLOBAL_UNIT_ASSIGNED_CONTEXT ( ( #5570, #6392, #6260 ) ) REPRESENTATION_CONTEXT ( 'NONE', 'WORKASPACE' ) );
#7568 = EDGE_CURVE ( 'NONE', #3018, #707, #5561, .T. ) ;
#7570 =( LENGTH_UNIT ( ) NAMED_UNIT ( * ) SI_UNIT ( .MILLI., .METRE. ) );
#7569 = AXIS2_PLACEMENT_3D ( 'NONE', #5434, #3526, #2168 ) ;
#7571 = SURFACE_STYLE_USAGE ( .BOTH. , #6989 ) ;
#7572 = SURFACE_STYLE_FILL_AREA ( #4955 ) ;
#7573 = EDGE_CURVE ( 'NONE', #6319, #2784, #2887, .T. ) ;
#7574 = ORIENTED_EDGE ( 'NONE', *, *, #7201, .F. ) ;
#7575 = ORIENTED_EDGE ( 'NONE', *, *, #3544, .T. ) ;
#7576 = LINE ( 'NONE', #5047, #3242 ) ;
#7577 = VECTOR ( 'NONE', #4137, 1000.000000000000114 ) ;
#7578 = LINE ( 'NONE', #5650, #32 ) ;
#7579 = CARTESIAN_POINT ( 'NONE',  ( -1.016000000000000014, -19.05000000000000071, 2.540000000000000036 ) ) ;
#7580 = CARTESIAN_POINT ( 'NONE',  ( -0.1600000000000000033, -7.459999999999999964, -3.000000000000000000 ) ) ;
#7581 = DIRECTION ( 'NONE',  ( -0.7071067811865475727, -0.7071067811865475727, 0.000000000000000000 ) ) ;
#7582 = VECTOR ( 'NONE', #1783, 1000.000000000000000 ) ;
#7583 = UNCERTAINTY_MEASURE_WITH_UNIT (LENGTH_MEASURE( 1.000000000000000082E-05 ), #7741, 'distance_accuracy_value', 'NONE');
#7584 = CARTESIAN_POINT ( 'NONE',  ( 1.270000000000000018, -9.144000000000000128, 2.540000000000000036 ) ) ;
#7585 = CARTESIAN_POINT ( 'NONE',  ( 1.270000000000000018, -1.016000000000000014, 0.000000000000000000 ) ) ;
#7586 = ORIENTED_EDGE ( 'NONE', *, *, #7492, .F. ) ;
#7587 = EDGE_LOOP ( 'NONE', ( #939, #7430, #2983, #20 ) ) ;
#7588 =( GEOMETRIC_REPRESENTATION_CONTEXT ( 3 ) GLOBAL_UNCERTAINTY_ASSIGNED_CONTEXT ( ( #4575 ) ) GLOBAL_UNIT_ASSIGNED_CONTEXT ( ( #2961, #4222, #438 ) ) REPRESENTATION_CONTEXT ( 'NONE', 'WORKASPACE' ) );
#7589 = PRESENTATION_STYLE_ASSIGNMENT (( #5664 ) ) ;
#7590 = DIRECTION ( 'NONE',  ( 1.000000000000000000, 0.000000000000000000, 0.000000000000000000 ) ) ;
#7591 =( NAMED_UNIT ( * ) PLANE_ANGLE_UNIT ( ) SI_UNIT ( $, .RADIAN. ) );
#7592 = CARTESIAN_POINT ( 'NONE',  ( -1.270000000000000018, -13.71600000000000108, 2.540000000000000036 ) ) ;
#7593 = ADVANCED_FACE ( 'NONE', ( #5517 ), #8161, .F. ) ;
#7594 = LINE ( 'NONE', #4897, #7524 ) ;
#7595 = ORIENTED_EDGE ( 'NONE', *, *, #368, .F. ) ;
#7596 = FILL_AREA_STYLE_COLOUR ( '', #5962 ) ;
#7597 = ORIENTED_EDGE ( 'NONE', *, *, #4568, .F. ) ;
#7598 = FILL_AREA_STYLE_COLOUR ( '', #1850 ) ;
#7599 = PLANE ( 'NONE',  #5625 ) ;
#7600 = LINE ( 'NONE', #982, #7159 ) ;
#7601 = FILL_AREA_STYLE_COLOUR ( '', #142 ) ;
#7602 = CARTESIAN_POINT ( 'NONE',  ( 0.3200000000000000067, -7.939999999999999503, -3.000000000000000000 ) ) ;
#7603 =( REPRESENTATION_RELATIONSHIP ('NONE','NONE', #8383, #4017 ) REPRESENTATION_RELATIONSHIP_WITH_TRANSFORMATION ( #1762 )SHAPE_REPRESENTATION_RELATIONSHIP( ) );
#7604 = SURFACE_SIDE_STYLE ('',( #1812 ) ) ;
#7605 =( NAMED_UNIT ( * ) PLANE_ANGLE_UNIT ( ) SI_UNIT ( $, .RADIAN. ) );
#7606 = CARTESIAN_POINT ( 'NONE',  ( -0.1600000000000000033, -13.01999999999999957, 8.540000000000000924 ) ) ;
#7607 = ORIENTED_EDGE ( 'NONE', *, *, #3030, .F. ) ;
#7608 = EDGE_CURVE ( 'NONE', #7787, #240, #6386, .T. ) ;
#7609 = DIRECTION ( 'NONE',  ( 0.5773502691896257311, -0.5773502691896257311, 0.5773502691896257311 ) ) ;
#7610 = VECTOR ( 'NONE', #3743, 1000.000000000000114 ) ;
#7611 = DIRECTION ( 'NONE',  ( 0.000000000000000000, 0.000000000000000000, 1.000000000000000000 ) ) ;
#7612 = EDGE_CURVE ( 'NONE', #4742, #4195, #5687, .T. ) ;
#7613 = CARTESIAN_POINT ( 'NONE',  ( -0.3200000000000000067, -13.01999999999999957, 8.540000000000000924 ) ) ;
#7614 = SURFACE_STYLE_FILL_AREA ( #4953 ) ;
#7615 =( GEOMETRIC_REPRESENTATION_CONTEXT ( 3 ) GLOBAL_UNCERTAINTY_ASSIGNED_CONTEXT ( ( #3218 ) ) GLOBAL_UNIT_ASSIGNED_CONTEXT ( ( #8399, #2992, #1020 ) ) REPRESENTATION_CONTEXT ( 'NONE', 'WORKASPACE' ) );
#7616 =( NAMED_UNIT ( * ) SI_UNIT ( $, .STERADIAN. ) SOLID_ANGLE_UNIT ( ) );
#7617 = ORIENTED_EDGE ( 'NONE', *, *, #1590, .T. ) ;
#7618 = VERTEX_POINT ( 'NONE', #8412 ) ;
#7619 = DIRECTION ( 'NONE',  ( 0.000000000000000000, 0.000000000000000000, 1.000000000000000000 ) ) ;
#7620 = CARTESIAN_POINT ( 'NONE',  ( -0.3200000000000000067, -2.860000000000000320, -3.000000000000000000 ) ) ;
#7621 = CARTESIAN_POINT ( 'NONE',  ( -1.270000000000000018, -3.556000000000000050, 2.540000000000000036 ) ) ;
#7622 = DIRECTION ( 'NONE',  ( -0.7071067811865474617, -0.7071067811865474617, 0.000000000000000000 ) ) ;
#7623 = VECTOR ( 'NONE', #7287, 1000.000000000000114 ) ;
#7624 = CARTESIAN_POINT ( 'NONE',  ( 0.3200000000000000067, -14.91999999999999993, 0.000000000000000000 ) ) ;
#7625 = FACE_OUTER_BOUND ( 'NONE', #7161, .T. ) ;
#7626 = AXIS2_PLACEMENT_3D ( 'NONE', #5020, #7646, #932 ) ;
#7627 =( NAMED_UNIT ( * ) SI_UNIT ( $, .STERADIAN. ) SOLID_ANGLE_UNIT ( ) );
#7628 = LINE ( 'NONE', #1747, #6670 ) ;
#7629 = VECTOR ( 'NONE', #7165, 1000.000000000000114 ) ;
#7630 = ORIENTED_EDGE ( 'NONE', *, *, #1626, .T. ) ;
#7631 = FILL_AREA_STYLE_COLOUR ( '', #1794 ) ;
#7632 = CARTESIAN_POINT ( 'NONE',  ( 1.016000000000000014, 1.270000000000000018, 0.000000000000000000 ) ) ;
#7633 = STYLED_ITEM ( 'NONE', ( #5943 ), #3284 ) ;
#7634 = MECHANICAL_DESIGN_GEOMETRIC_PRESENTATION_REPRESENTATION (  '', ( #4756 ), #2863 ) ;
#7635 = EDGE_CURVE ( 'NONE', #425, #7767, #615, .T. ) ;
#7636 =( LENGTH_UNIT ( ) NAMED_UNIT ( * ) SI_UNIT ( .MILLI., .METRE. ) );
#7637 = STYLED_ITEM ( 'NONE', ( #3739 ), #6684 ) ;
#7638 = CARTESIAN_POINT ( 'NONE',  ( -0.3200000000000000067, -2.860000000000000320, -2.839999999999999858 ) ) ;
#7639 = VECTOR ( 'NONE', #6658, 1000.000000000000000 ) ;
#7640 = STYLED_ITEM ( 'NONE', ( #5519 ), #3320 ) ;
#7641 = COLOUR_RGB ( '',0.8588235294117646523, 0.7372549019607843590, 0.4941176470588235503 ) ;
#7642 =( LENGTH_UNIT ( ) NAMED_UNIT ( * ) SI_UNIT ( .MILLI., .METRE. ) );
#7643 = DIRECTION ( 'NONE',  ( 0.000000000000000000, 0.000000000000000000, 1.000000000000000000 ) ) ;
#7644 = CARTESIAN_POINT ( 'NONE',  ( 1.016000000000000014, -11.42999999999999972, 0.000000000000000000 ) ) ;
#7645 = ORIENTED_EDGE ( 'NONE', *, *, #4159, .T. ) ;
#7646 = DIRECTION ( 'NONE',  ( -0.7071067811865475727, 0.7071067811865475727, 0.000000000000000000 ) ) ;
#7647 = ORIENTED_EDGE ( 'NONE', *, *, #5259, .T. ) ;
#7648 = CARTESIAN_POINT ( 'NONE',  ( 1.270000000000000018, -3.556000000000000050, 0.000000000000000000 ) ) ;
#7649 = ADVANCED_FACE ( 'NONE', ( #3260 ), #2488, .F. ) ;
#7650 = DIRECTION ( 'NONE',  ( 1.000000000000000000, 0.000000000000000000, 0.000000000000000000 ) ) ;
#7651 = AXIS2_PLACEMENT_3D ( 'NONE', #5500, #2250, #7479 ) ;
#7652 = AXIS2_PLACEMENT_3D ( 'NONE', #3135, #7536, #5688 ) ;
#7653 = SURFACE_STYLE_USAGE ( .BOTH. , #5716 ) ;
#7654 = CARTESIAN_POINT ( 'NONE',  ( -0.3200000000000000067, -0.3200000000000000067, 0.000000000000000000 ) ) ;
#7655 = UNCERTAINTY_MEASURE_WITH_UNIT (LENGTH_MEASURE( 1.000000000000000082E-05 ), #1685, 'distance_accuracy_value', 'NONE');
#7656 = LINE ( 'NONE', #6372, #5015 ) ;
#7657 = DIRECTION ( 'NONE',  ( -0.5773502691896257311, -0.5773502691896257311, -0.5773502691896257311 ) ) ;
#7658 = EDGE_LOOP ( 'NONE', ( #5647, #1965, #4460, #996 ) ) ;
#7659 =( NAMED_UNIT ( * ) SI_UNIT ( $, .STERADIAN. ) SOLID_ANGLE_UNIT ( ) );
#7660 = AXIS2_PLACEMENT_3D ( 'NONE', #4080, #4168, #2727 ) ;
#7661 = DIRECTION ( 'NONE',  ( 0.000000000000000000, 1.000000000000000000, 0.000000000000000000 ) ) ;
#7662 =( LENGTH_UNIT ( ) NAMED_UNIT ( * ) SI_UNIT ( .MILLI., .METRE. ) );
#7663 = UNCERTAINTY_MEASURE_WITH_UNIT (LENGTH_MEASURE( 1.000000000000000082E-05 ), #5255, 'distance_accuracy_value', 'NONE');
#7664 = DIRECTION ( 'NONE',  ( 0.000000000000000000, 0.000000000000000000, 1.000000000000000000 ) ) ;
#7665 = CARTESIAN_POINT ( 'NONE',  ( -0.1600000000000000033, -7.299999999999999822, 0.000000000000000000 ) ) ;
#7666 = EDGE_LOOP ( 'NONE', ( #7750, #850, #4450, #1677 ) ) ;
#7667 = EDGE_LOOP ( 'NONE', ( #8307, #7368, #298, #3278 ) ) ;
#7668 = FILL_AREA_STYLE ('',( #3132 ) ) ;
#7669 = LINE ( 'NONE', #4441, #1550 ) ;
#7670 = COLOUR_RGB ( '',0.1450980392156862586, 0.1411764705882352922, 0.1411764705882352922 ) ;
#7671 =( GEOMETRIC_REPRESENTATION_CONTEXT ( 3 ) GLOBAL_UNCERTAINTY_ASSIGNED_CONTEXT ( ( #4322 ) ) GLOBAL_UNIT_ASSIGNED_CONTEXT ( ( #5084, #2574, #5166 ) ) REPRESENTATION_CONTEXT ( 'NONE', 'WORKASPACE' ) );
#7672 =( LENGTH_UNIT ( ) NAMED_UNIT ( * ) SI_UNIT ( .MILLI., .METRE. ) );
#7673 = CARTESIAN_POINT ( 'NONE',  ( -0.1600000000000000033, -2.860000000000000320, 2.540000000000000036 ) ) ;
#7674 = UNCERTAINTY_MEASURE_WITH_UNIT (LENGTH_MEASURE( 1.000000000000000082E-05 ), #3357, 'distance_accuracy_value', 'NONE');
#7675 = CARTESIAN_POINT ( 'NONE',  ( -0.1600000000000000033, -14.91999999999999993, 0.000000000000000000 ) ) ;
#7676 = MECHANICAL_DESIGN_GEOMETRIC_PRESENTATION_REPRESENTATION (  '', ( #8097 ), #259 ) ;
#7677 = STYLED_ITEM ( 'NONE', ( #474 ), #8484 ) ;
#7678 = ORIENTED_EDGE ( 'NONE', *, *, #2986, .F. ) ;
#7679 = SURFACE_SIDE_STYLE ('',( #6435 ) ) ;
#7680 = FILL_AREA_STYLE_COLOUR ( '', #4805 ) ;
#7681 = ADVANCED_FACE ( 'NONE', ( #2537 ), #1173, .T. ) ;
#7682 =( NAMED_UNIT ( * ) SI_UNIT ( $, .STERADIAN. ) SOLID_ANGLE_UNIT ( ) );
#7683 = LINE ( 'NONE', #4411, #5026 ) ;
#7684 = PLANE ( 'NONE',  #3245 ) ;
#7685 = VECTOR ( 'NONE', #5911, 1000.000000000000000 ) ;
#7686 = DIRECTION ( 'NONE',  ( 1.000000000000000000, 0.000000000000000000, 0.000000000000000000 ) ) ;
#7687 = CARTESIAN_POINT ( 'NONE',  ( -0.3200000000000000067, -5.400000000000000355, 8.380000000000000782 ) ) ;
#7688 = ORIENTED_EDGE ( 'NONE', *, *, #7393, .F. ) ;
#7689 = DIRECTION ( 'NONE',  ( 0.000000000000000000, -1.000000000000000000, -2.453897423307444850E-18 ) ) ;
#7690 = VERTEX_POINT ( 'NONE', #1086 ) ;
#7691 = PRODUCT_RELATED_PRODUCT_CATEGORY ( 'part', '', ( #6525 ) ) ;
#7692 = ADVANCED_FACE ( 'NONE', ( #4484 ), #6344, .T. ) ;
#7693 =( NAMED_UNIT ( * ) SI_UNIT ( $, .STERADIAN. ) SOLID_ANGLE_UNIT ( ) );
#7694 = PLANE ( 'NONE',  #3724 ) ;
#7695 = PRESENTATION_LAYER_ASSIGNMENT (  '', '', ( #119 ) ) ;
#7696 = CARTESIAN_POINT ( 'NONE',  ( -0.3200000000000000067, -15.40000000000000036, 8.540000000000000924 ) ) ;
#7697 = SURFACE_SIDE_STYLE ('',( #1019 ) ) ;
#7698 = LINE ( 'NONE', #7015, #1714 ) ;
#7699 = LINE ( 'NONE', #1811, #2787 ) ;
#7700 = LINE ( 'NONE', #4425, #4906 ) ;
#7701 = EDGE_CURVE ( 'NONE', #3197, #4831, #8528, .T. ) ;
#7702 = CARTESIAN_POINT ( 'NONE',  ( 1.270000000000000018, -6.603999999999999204, 2.540000000000000036 ) ) ;
#7703 = VERTEX_POINT ( 'NONE', #815 ) ;
#7704 = FILL_AREA_STYLE ('',( #8406 ) ) ;
#7705 = FILL_AREA_STYLE_COLOUR ( '', #4212 ) ;
#7706 = AXIS2_PLACEMENT_3D ( 'NONE', #6280, #1671, #392 ) ;
#7707 = ADVANCED_FACE ( 'NONE', ( #727 ), #6667, .T. ) ;
#7708 = CARTESIAN_POINT ( 'NONE',  ( 0.3200000000000000067, -7.939999999999999503, -2.839999999999999858 ) ) ;
#7709 = COLOUR_RGB ( '',0.8588235294117646523, 0.7372549019607843590, 0.4941176470588235503 ) ;
#7710 =( LENGTH_UNIT ( ) NAMED_UNIT ( * ) SI_UNIT ( .MILLI., .METRE. ) );
#7711 = ORIENTED_EDGE ( 'NONE', *, *, #3069, .T. ) ;
#7712 = EDGE_LOOP ( 'NONE', ( #8236, #4721, #658, #255 ) ) ;
#7713 = CARTESIAN_POINT ( 'NONE',  ( 0.1600000000000000033, -0.3200000000000000067, -3.000000000000000000 ) ) ;
#7714 = EDGE_CURVE ( 'NONE', #6945, #5438, #3296, .T. ) ;
#7715 = FILL_AREA_STYLE ('',( #7033 ) ) ;
#7716 = PRESENTATION_STYLE_ASSIGNMENT (( #3817 ) ) ;
#7717 = PRESENTATION_LAYER_ASSIGNMENT (  '', '', ( #6349 ) ) ;
#7718 = PRESENTATION_STYLE_ASSIGNMENT (( #6305 ) ) ;
#7719 = FILL_AREA_STYLE ('',( #2495 ) ) ;
#7720 = EDGE_LOOP ( 'NONE', ( #2429, #845, #4646, #5544 ) ) ;
#7721 = DIRECTION ( 'NONE',  ( -0.000000000000000000, 1.000000000000000000, 0.000000000000000000 ) ) ;
#7722 = EDGE_CURVE ( 'NONE', #5193, #103, #4609, .T. ) ;
#7723 = PRESENTATION_LAYER_ASSIGNMENT (  '', '', ( #7044 ) ) ;
#7724 = EDGE_CURVE ( 'NONE', #3009, #1797, #1288, .T. ) ;
#7725 = DIRECTION ( 'NONE',  ( 1.000000000000000000, 0.000000000000000000, 0.000000000000000000 ) ) ;
#7726 = CARTESIAN_POINT ( 'NONE',  ( 0.1600000000000000033, -0.1600000000000000033, -3.000000000000000000 ) ) ;
#7727 = DIRECTION ( 'NONE',  ( 0.000000000000000000, 0.000000000000000000, 1.000000000000000000 ) ) ;
#7728 = DIRECTION ( 'NONE',  ( -0.5773502691896257311, 0.5773502691896257311, 0.5773502691896257311 ) ) ;
#7729 = LINE ( 'NONE', #7644, #6330 ) ;
#7730 = ORIENTED_EDGE ( 'NONE', *, *, #189, .T. ) ;
#7731 = FACE_OUTER_BOUND ( 'NONE', #2859, .T. ) ;
#7732 = EDGE_LOOP ( 'NONE', ( #3620, #5140, #8491, #834 ) ) ;
#7733 = CARTESIAN_POINT ( 'NONE',  ( -1.016000000000000014, -1.270000000000000018, 0.000000000000000000 ) ) ;
#7734 = PRESENTATION_STYLE_ASSIGNMENT (( #3239 ) ) ;
#7735 = COLOUR_RGB ( '',0.1450980392156862586, 0.1411764705882352922, 0.1411764705882352922 ) ;
#7736 = SURFACE_SIDE_STYLE ('',( #5108 ) ) ;
#7737 = DIRECTION ( 'NONE',  ( 0.000000000000000000, 0.000000000000000000, 1.000000000000000000 ) ) ;
#7738 = DIRECTION ( 'NONE',  ( 0.000000000000000000, 0.000000000000000000, 1.000000000000000000 ) ) ;
#7739 = UNCERTAINTY_MEASURE_WITH_UNIT (LENGTH_MEASURE( 1.000000000000000082E-05 ), #318, 'distance_accuracy_value', 'NONE');
#7740 = DIRECTION ( 'NONE',  ( 1.735167508356888803E-18, -0.7071067811865475727, -0.7071067811865475727 ) ) ;
#7741 =( LENGTH_UNIT ( ) NAMED_UNIT ( * ) SI_UNIT ( .MILLI., .METRE. ) );
#7742 = ORIENTED_EDGE ( 'NONE', *, *, #1269, .F. ) ;
#7743 = EDGE_CURVE ( 'NONE', #2532, #3770, #1372, .T. ) ;
#7744 = CARTESIAN_POINT ( 'NONE',  ( 0.3200000000000000067, -2.220000000000000195, 8.380000000000000782 ) ) ;
#7745 = DIRECTION ( 'NONE',  ( 0.000000000000000000, 0.000000000000000000, 1.000000000000000000 ) ) ;
#7746 = UNCERTAINTY_MEASURE_WITH_UNIT (LENGTH_MEASURE( 1.000000000000000082E-05 ), #383, 'distance_accuracy_value', 'NONE');
#7747 = DIRECTION ( 'NONE',  ( 1.000000000000000000, 0.000000000000000000, 0.000000000000000000 ) ) ;
#7748 = DIRECTION ( 'NONE',  ( 0.000000000000000000, 0.000000000000000000, 1.000000000000000000 ) ) ;
#7749 = ORIENTED_EDGE ( 'NONE', *, *, #7108, .T. ) ;
#7750 = ORIENTED_EDGE ( 'NONE', *, *, #5997, .F. ) ;
#7751 =( NAMED_UNIT ( * ) SI_UNIT ( $, .STERADIAN. ) SOLID_ANGLE_UNIT ( ) );
#7752 = CARTESIAN_POINT ( 'NONE',  ( 1.270000000000000018, -18.79599999999999937, 0.000000000000000000 ) ) ;
#7753 = DIRECTION ( 'NONE',  ( -0.000000000000000000, 1.000000000000000000, 0.000000000000000000 ) ) ;
#7754 = EDGE_CURVE ( 'NONE', #6896, #8044, #6628, .T. ) ;
#7755 = DIRECTION ( 'NONE',  ( 0.000000000000000000, 0.000000000000000000, 1.000000000000000000 ) ) ;
#7756 = FACE_OUTER_BOUND ( 'NONE', #1420, .T. ) ;
#7757 = STYLED_ITEM ( 'NONE', ( #7060 ), #6153 ) ;
#7758 = ORIENTED_EDGE ( 'NONE', *, *, #7259, .F. ) ;
#7759 =( GEOMETRIC_REPRESENTATION_CONTEXT ( 3 ) GLOBAL_UNCERTAINTY_ASSIGNED_CONTEXT ( ( #6463 ) ) GLOBAL_UNIT_ASSIGNED_CONTEXT ( ( #7970, #3390, #97 ) ) REPRESENTATION_CONTEXT ( 'NONE', 'WORKASPACE' ) );
#7760 = PRESENTATION_LAYER_ASSIGNMENT (  '', '', ( #3533 ) ) ;
#7761 = CARTESIAN_POINT ( 'NONE',  ( -1.270000000000000018, -14.22400000000000020, 2.540000000000000036 ) ) ;
#7762 = FACE_OUTER_BOUND ( 'NONE', #2328, .T. ) ;
#7763 = VECTOR ( 'NONE', #1533, 1000.000000000000000 ) ;
#7764 = EDGE_CURVE ( 'NONE', #410, #7074, #126, .T. ) ;
#7765 = VERTEX_POINT ( 'NONE', #4092 ) ;
#7766 = VECTOR ( 'NONE', #660, 1000.000000000000000 ) ;
#7767 = VERTEX_POINT ( 'NONE', #5894 ) ;
#7768 = FILL_AREA_STYLE_COLOUR ( '', #4384 ) ;
#7769 = PRESENTATION_LAYER_ASSIGNMENT (  '', '', ( #6268 ) ) ;
#7770 = DIRECTION ( 'NONE',  ( 0.000000000000000000, -0.7071067811865475727, 0.7071067811865475727 ) ) ;
#7771 = CARTESIAN_POINT ( 'NONE',  ( -0.1600000000000000033, -15.55999999999999872, 2.540000000000000036 ) ) ;
#7772 = DIRECTION ( 'NONE',  ( 0.000000000000000000, 0.000000000000000000, 1.000000000000000000 ) ) ;
#7773 = STYLED_ITEM ( 'NONE', ( #2782 ), #4922 ) ;
#7774 = DIRECTION ( 'NONE',  ( 0.7071067811865475727, 1.735167508356890344E-18, -0.7071067811865475727 ) ) ;
#7775 = CARTESIAN_POINT ( 'NONE',  ( -0.2400000000000000189, -2.860000000000000320, -2.919999999999999929 ) ) ;
#7776 = ORIENTED_EDGE ( 'NONE', *, *, #4651, .F. ) ;
#7777 = FILL_AREA_STYLE_COLOUR ( '', #5748 ) ;
#7778 = VECTOR ( 'NONE', #7400, 1000.000000000000000 ) ;
#7779 = COLOUR_RGB ( '',0.8588235294117646523, 0.7372549019607843590, 0.4941176470588235503 ) ;
#7780 = CARTESIAN_POINT ( 'NONE',  ( 1.270000000000000018, -9.144000000000000128, 0.000000000000000000 ) ) ;
#7781 = FACE_OUTER_BOUND ( 'NONE', #6625, .T. ) ;
#7782 =( GEOMETRIC_REPRESENTATION_CONTEXT ( 3 ) GLOBAL_UNCERTAINTY_ASSIGNED_CONTEXT ( ( #7917 ) ) GLOBAL_UNIT_ASSIGNED_CONTEXT ( ( #726, #6103, #7395 ) ) REPRESENTATION_CONTEXT ( 'NONE', 'WORKASPACE' ) );
#7783 = CARTESIAN_POINT ( 'NONE',  ( 1.270000000000000018, 1.016000000000000014, 2.540000000000000036 ) ) ;
#7784 = SURFACE_SIDE_STYLE ('',( #3813 ) ) ;
#7785 = CARTESIAN_POINT ( 'NONE',  ( -0.3200000000000000067, -10.48000000000000043, -2.839999999999999858 ) ) ;
#7786 = ORIENTED_EDGE ( 'NONE', *, *, #4372, .T. ) ;
#7787 = VERTEX_POINT ( 'NONE', #4014 ) ;
#7788 = CARTESIAN_POINT ( 'NONE',  ( -0.3200000000000000067, 0.1600000000000000033, 8.540000000000000924 ) ) ;
#7789 = EDGE_CURVE ( 'NONE', #7403, #3734, #4132, .T. ) ;
#7790 = EDGE_CURVE ( 'NONE', #3852, #6236, #2823, .T. ) ;
#7791 = DIRECTION ( 'NONE',  ( -1.000000000000000000, 0.000000000000000000, 0.000000000000000000 ) ) ;
#7792 = FILL_AREA_STYLE_COLOUR ( '', #5634 ) ;
#7793 = CARTESIAN_POINT ( 'NONE',  ( 0.3200000000000000067, -7.939999999999999503, 2.540000000000000036 ) ) ;
#7794 = CARTESIAN_POINT ( 'NONE',  ( -0.3200000000000000067, -17.46000000000000085, -3.000000000000000000 ) ) ;
#7795 = VECTOR ( 'NONE', #2134, 1000.000000000000000 ) ;
#7796 = EDGE_CURVE ( 'NONE', #1125, #6702, #2205, .T. ) ;
#7797 = LINE ( 'NONE', #1954, #6752 ) ;
#7798 =( LENGTH_UNIT ( ) NAMED_UNIT ( * ) SI_UNIT ( .MILLI., .METRE. ) );
#7799 = ORIENTED_EDGE ( 'NONE', *, *, #5826, .F. ) ;
#7800 = CARTESIAN_POINT ( 'NONE',  ( -0.3200000000000000067, -15.00000000000000000, -2.919999999999999929 ) ) ;
#7801 = SURFACE_STYLE_USAGE ( .BOTH. , #5186 ) ;
#7802 = MECHANICAL_DESIGN_GEOMETRIC_PRESENTATION_REPRESENTATION (  '', ( #2740 ), #4923 ) ;
#7803 = COLOUR_RGB ( '',0.8588235294117646523, 0.7372549019607843590, 0.4941176470588235503 ) ;
#7804 = LINE ( 'NONE', #3191, #6536 ) ;
#7805 = FILL_AREA_STYLE_COLOUR ( '', #7079 ) ;
#7806 = VECTOR ( 'NONE', #8239, 1000.000000000000114 ) ;
#7807 = CARTESIAN_POINT ( 'NONE',  ( 1.270000000000000018, -16.25600000000000023, 2.540000000000000036 ) ) ;
#7808 = ORIENTED_EDGE ( 'NONE', *, *, #8004, .F. ) ;
#7809 = DIRECTION ( 'NONE',  ( 0.000000000000000000, 0.000000000000000000, 1.000000000000000000 ) ) ;
#7810 = ORIENTED_EDGE ( 'NONE', *, *, #3873, .T. ) ;
#7811 = CARTESIAN_POINT ( 'NONE',  ( -1.270000000000000018, -16.76400000000000290, 0.000000000000000000 ) ) ;
#7812 = ADVANCED_FACE ( 'NONE', ( #6761 ), #2872, .T. ) ;
#7813 = CARTESIAN_POINT ( 'NONE',  ( 0.1600000000000000033, -17.94000000000000128, -3.000000000000000000 ) ) ;
#7814 = VECTOR ( 'NONE', #5539, 1000.000000000000114 ) ;
#7815 = DIRECTION ( 'NONE',  ( -1.000000000000000000, 0.000000000000000000, 0.000000000000000000 ) ) ;
#7816 = LINE ( 'NONE', #4424, #151 ) ;
#7817 = LINE ( 'NONE', #3960, #5420 ) ;
#7818 = MECHANICAL_DESIGN_GEOMETRIC_PRESENTATION_REPRESENTATION (  '', ( #3855 ), #5895 ) ;
#7819 = AXIS2_PLACEMENT_3D ( 'NONE', #3061, #5659, #6395 ) ;
#7820 = ORIENTED_EDGE ( 'NONE', *, *, #5604, .F. ) ;
#7821 = SURFACE_STYLE_FILL_AREA ( #7141 ) ;
#7822 = FACE_OUTER_BOUND ( 'NONE', #8205, .T. ) ;
#7823 = PRESENTATION_LAYER_ASSIGNMENT (  '', '', ( #3449 ) ) ;
#7824 = ADVANCED_FACE ( 'NONE', ( #2260 ), #7488, .T. ) ;
#7825 = COLOUR_RGB ( '',0.1450980392156862586, 0.1411764705882352922, 0.1411764705882352922 ) ;
#7826 = UNCERTAINTY_MEASURE_WITH_UNIT (LENGTH_MEASURE( 1.000000000000000082E-05 ), #1227, 'distance_accuracy_value', 'NONE');
#7827 = EDGE_LOOP ( 'NONE', ( #7481, #3385, #2707, #455 ) ) ;
#7828 = ORIENTED_EDGE ( 'NONE', *, *, #3069, .F. ) ;
#7829 = SURFACE_STYLE_USAGE ( .BOTH. , #5252 ) ;
#7830 = CARTESIAN_POINT ( 'NONE',  ( -0.3200000000000000067, 0.3200000000000000067, -2.839999999999999858 ) ) ;
#7831 =( NAMED_UNIT ( * ) SI_UNIT ( $, .STERADIAN. ) SOLID_ANGLE_UNIT ( ) );
#7832 = EDGE_CURVE ( 'NONE', #275, #8238, #65, .T. ) ;
#7833 = PLANE ( 'NONE',  #4432 ) ;
#7834 = STYLED_ITEM ( 'NONE', ( #1894 ), #1844 ) ;
#7835 = LINE ( 'NONE', #1331, #1742 ) ;
#7836 = ADVANCED_FACE ( 'NONE', ( #6742 ), #753, .T. ) ;
#7837 = UNCERTAINTY_MEASURE_WITH_UNIT (LENGTH_MEASURE( 1.000000000000000082E-05 ), #655, 'distance_accuracy_value', 'NONE');
#7838 = VECTOR ( 'NONE', #1883, 1000.000000000000000 ) ;
#7839 = SURFACE_STYLE_USAGE ( .BOTH. , #4492 ) ;
#7840 = DIRECTION ( 'NONE',  ( 0.000000000000000000, 1.000000000000000000, 0.000000000000000000 ) ) ;
#7841 = VECTOR ( 'NONE', #2991, 1000.000000000000000 ) ;
#7842 =( GEOMETRIC_REPRESENTATION_CONTEXT ( 3 ) GLOBAL_UNCERTAINTY_ASSIGNED_CONTEXT ( ( #8094 ) ) GLOBAL_UNIT_ASSIGNED_CONTEXT ( ( #3172, #1245, #3891 ) ) REPRESENTATION_CONTEXT ( 'NONE', 'WORKASPACE' ) );
#7843 = ORIENTED_EDGE ( 'NONE', *, *, #1146, .F. ) ;
#7844 = FILL_AREA_STYLE ('',( #8459 ) ) ;
#7845 = CARTESIAN_POINT ( 'NONE',  ( -0.3200000000000000067, -4.760000000000000675, 8.380000000000000782 ) ) ;
#7846 = VECTOR ( 'NONE', #8384, 1000.000000000000000 ) ;
#7847 = CARTESIAN_POINT ( 'NONE',  ( -0.3200000000000000067, -7.939999999999999503, 2.540000000000000036 ) ) ;
#7848 = VERTEX_POINT ( 'NONE', #7896 ) ;
#7849 = ORIENTED_EDGE ( 'NONE', *, *, #291, .T. ) ;
#7850 = FILL_AREA_STYLE_COLOUR ( '', #7475 ) ;
#7851 = FACE_OUTER_BOUND ( 'NONE', #3470, .T. ) ;
#7852 = VECTOR ( 'NONE', #3381, 1000.000000000000000 ) ;
#7853 = VECTOR ( 'NONE', #3538, 1000.000000000000114 ) ;
#7854 = LINE ( 'NONE', #4189, #6193 ) ;
#7855 = FACE_OUTER_BOUND ( 'NONE', #1338, .T. ) ;
#7856 = EDGE_CURVE ( 'NONE', #6421, #5950, #6001, .T. ) ;
#7857 = SURFACE_STYLE_USAGE ( .BOTH. , #5074 ) ;
#7858 = DIRECTION ( 'NONE',  ( 0.000000000000000000, 0.000000000000000000, 1.000000000000000000 ) ) ;
#7859 = ORIENTED_EDGE ( 'NONE', *, *, #6390, .F. ) ;
#7860 = PLANE ( 'NONE',  #6307 ) ;
#7861 = VECTOR ( 'NONE', #2448, 1000.000000000000000 ) ;
#7862 = CARTESIAN_POINT ( 'NONE',  ( -1.016000000000000014, -8.890000000000000568, 2.540000000000000036 ) ) ;
#7863 = DIRECTION ( 'NONE',  ( -1.000000000000000000, 2.453897423307444850E-18, 0.000000000000000000 ) ) ;
#7864 = AXIS2_PLACEMENT_3D ( 'NONE', #6751, #717, #4598 ) ;
#7865 = DIRECTION ( 'NONE',  ( -0.7071067811865475727, 1.735167508356890344E-18, 0.7071067811865475727 ) ) ;
#7866 = CARTESIAN_POINT ( 'NONE',  ( 0.3200000000000000067, -5.400000000000000355, -3.000000000000000000 ) ) ;
#7867 = ORIENTED_EDGE ( 'NONE', *, *, #1693, .F. ) ;
#7868 = EDGE_CURVE ( 'NONE', #299, #231, #111, .T. ) ;
#7869 = DIRECTION ( 'NONE',  ( 0.000000000000000000, 1.000000000000000000, 0.000000000000000000 ) ) ;
#7870 = PRESENTATION_STYLE_ASSIGNMENT (( #1986 ) ) ;
#7871 = SURFACE_STYLE_FILL_AREA ( #1 ) ;
#7872 = VECTOR ( 'NONE', #5776, 1000.000000000000000 ) ;
#7873 = SURFACE_STYLE_USAGE ( .BOTH. , #4614 ) ;
#7874 = PLANE ( 'NONE',  #3572 ) ;
#7875 = FILL_AREA_STYLE_COLOUR ( '', #6822 ) ;
#7876 = VECTOR ( 'NONE', #3314, 1000.000000000000000 ) ;
#7877 = ORIENTED_EDGE ( 'NONE', *, *, #4587, .F. ) ;
#7878 = SURFACE_STYLE_USAGE ( .BOTH. , #190 ) ;
#7879 = DIRECTION ( 'NONE',  ( 1.735167508356890344E-18, 0.7071067811865475727, 0.7071067811865475727 ) ) ;
#7880 = CARTESIAN_POINT ( 'NONE',  ( -1.270000000000000018, -16.25600000000000023, 0.000000000000000000 ) ) ;
#7881 = FILL_AREA_STYLE ('',( #7805 ) ) ;
#7882 = LINE ( 'NONE', #8466, #2005 ) ;
#7883 = ORIENTED_EDGE ( 'NONE', *, *, #7025, .F. ) ;
#7884 = CARTESIAN_POINT ( 'NONE',  ( -0.3200000000000000067, -13.01999999999999957, 8.380000000000000782 ) ) ;
#7885 = ORIENTED_EDGE ( 'NONE', *, *, #6361, .F. ) ;
#7886 = COLOUR_RGB ( '',0.1450980392156862586, 0.1411764705882352922, 0.1411764705882352922 ) ;
#7887 = SURFACE_SIDE_STYLE ('',( #59 ) ) ;
#7888 = DIRECTION ( 'NONE',  ( -0.000000000000000000, 1.000000000000000000, 0.000000000000000000 ) ) ;
#7889 = EDGE_CURVE ( 'NONE', #7417, #544, #7251, .T. ) ;
#7890 = SURFACE_STYLE_FILL_AREA ( #5913 ) ;
#7891 = VECTOR ( 'NONE', #8308, 1000.000000000000114 ) ;
#7892 = DIRECTION ( 'NONE',  ( 1.000000000000000000, 0.000000000000000000, 0.000000000000000000 ) ) ;
#7893 = DIRECTION ( 'NONE',  ( 0.000000000000000000, 0.000000000000000000, 1.000000000000000000 ) ) ;
#7894 =( GEOMETRIC_REPRESENTATION_CONTEXT ( 3 ) GLOBAL_UNCERTAINTY_ASSIGNED_CONTEXT ( ( #6796 ) ) GLOBAL_UNIT_ASSIGNED_CONTEXT ( ( #6086, #4714, #7249 ) ) REPRESENTATION_CONTEXT ( 'NONE', 'WORKASPACE' ) );
#7895 = VECTOR ( 'NONE', #6807, 1000.000000000000000 ) ;
#7896 = CARTESIAN_POINT ( 'NONE',  ( -1.270000000000000018, -8.635999999999999233, 2.540000000000000036 ) ) ;
#7897 = EDGE_CURVE ( 'NONE', #6702, #1382, #1488, .T. ) ;
#7898 = VECTOR ( 'NONE', #5949, 1000.000000000000000 ) ;
#7899 = ORIENTED_EDGE ( 'NONE', *, *, #7289, .F. ) ;
#7900 =( NAMED_UNIT ( * ) SI_UNIT ( $, .STERADIAN. ) SOLID_ANGLE_UNIT ( ) );
#7901 = FACE_OUTER_BOUND ( 'NONE', #7658, .T. ) ;
#7902 = DIRECTION ( 'NONE',  ( 0.000000000000000000, -1.000000000000000000, 0.000000000000000000 ) ) ;
#7903 = AXIS2_PLACEMENT_3D ( 'NONE', #5340, #7961, #2701 ) ;
#7904 = STYLED_ITEM ( 'NONE', ( #4020 ), #6834 ) ;
#7905 = VECTOR ( 'NONE', #7902, 1000.000000000000000 ) ;
#7906 = UNCERTAINTY_MEASURE_WITH_UNIT (LENGTH_MEASURE( 1.000000000000000082E-05 ), #2230, 'distance_accuracy_value', 'NONE');
#7907 = MECHANICAL_DESIGN_GEOMETRIC_PRESENTATION_REPRESENTATION (  '', ( #7633 ), #2450 ) ;
#7908 = DIRECTION ( 'NONE',  ( -1.000000000000000000, 0.000000000000000000, 2.453897423307444850E-18 ) ) ;
#7909 = DIRECTION ( 'NONE',  ( 1.000000000000000000, 0.000000000000000000, 0.000000000000000000 ) ) ;
#7910 = VERTEX_POINT ( 'NONE', #1358 ) ;
#7911 =( NAMED_UNIT ( * ) SI_UNIT ( $, .STERADIAN. ) SOLID_ANGLE_UNIT ( ) );
#7912 = CARTESIAN_POINT ( 'NONE',  ( -0.1600000000000000033, -18.10000000000000142, 2.540000000000000036 ) ) ;
#7913 =( NAMED_UNIT ( * ) PLANE_ANGLE_UNIT ( ) SI_UNIT ( $, .RADIAN. ) );
#7914 = DIRECTION ( 'NONE',  ( -0.7071067811865475727, -1.735167508356888803E-18, -0.7071067811865475727 ) ) ;
#7915 = VECTOR ( 'NONE', #1754, 1000.000000000000000 ) ;
#7916 = SURFACE_SIDE_STYLE ('',( #3468 ) ) ;
#7917 = UNCERTAINTY_MEASURE_WITH_UNIT (LENGTH_MEASURE( 1.000000000000000082E-05 ), #726, 'distance_accuracy_value', 'NONE');
#7918 = PRESENTATION_STYLE_ASSIGNMENT (( #7873 ) ) ;
#7919 = FILL_AREA_STYLE_COLOUR ( '', #1531 ) ;
#7920 = SURFACE_STYLE_FILL_AREA ( #3303 ) ;
#7921 =( GEOMETRIC_REPRESENTATION_CONTEXT ( 3 ) GLOBAL_UNCERTAINTY_ASSIGNED_CONTEXT ( ( #1110 ) ) GLOBAL_UNIT_ASSIGNED_CONTEXT ( ( #4446, #42, #5222 ) ) REPRESENTATION_CONTEXT ( 'NONE', 'WORKASPACE' ) );
#7922 = EDGE_LOOP ( 'NONE', ( #8158, #5669, #3693, #2639 ) ) ;
#7923 = FILL_AREA_STYLE ('',( #12 ) ) ;
#7924 = VECTOR ( 'NONE', #1399, 1000.000000000000114 ) ;
#7925 = SURFACE_STYLE_USAGE ( .BOTH. , #919 ) ;
#7926 = DIRECTION ( 'NONE',  ( -0.7071067811865475727, -0.7071067811865475727, 0.000000000000000000 ) ) ;
#7927 = UNCERTAINTY_MEASURE_WITH_UNIT (LENGTH_MEASURE( 1.000000000000000082E-05 ), #563, 'distance_accuracy_value', 'NONE');
#7928 = CARTESIAN_POINT ( 'NONE',  ( 0.3200000000000000067, -12.22499999999999964, 2.540000000000000036 ) ) ;
#7929 = ORIENTED_EDGE ( 'NONE', *, *, #2954, .T. ) ;
#7930 = CARTESIAN_POINT ( 'NONE',  ( -0.1600000000000000033, -9.839999999999999858, 0.000000000000000000 ) ) ;
#7931 = VERTEX_POINT ( 'NONE', #7213 ) ;
#7932 = PRESENTATION_LAYER_ASSIGNMENT (  '', '', ( #2740 ) ) ;
#7933 = DIRECTION ( 'NONE',  ( 1.000000000000000000, 0.000000000000000000, 0.000000000000000000 ) ) ;
#7934 = EDGE_CURVE ( 'NONE', #6374, #411, #3959, .T. ) ;
#7935 = ADVANCED_FACE ( 'NONE', ( #7941 ), #2135, .T. ) ;
#7936 = DIRECTION ( 'NONE',  ( -1.000000000000000000, 0.000000000000000000, 0.000000000000000000 ) ) ;
#7937 = VECTOR ( 'NONE', #5601, 1000.000000000000000 ) ;
#7938 = VECTOR ( 'NONE', #357, 1000.000000000000000 ) ;
#7939 = EDGE_CURVE ( 'NONE', #5484, #4356, #799, .T. ) ;
#7940 = FILL_AREA_STYLE ('',( #2724 ) ) ;
#7941 = FACE_OUTER_BOUND ( 'NONE', #2576, .T. ) ;
#7942 = CARTESIAN_POINT ( 'NONE',  ( -0.3200000000000000067, -5.875000000000000000, 0.000000000000000000 ) ) ;
#7943 = APPLICATION_PROTOCOL_DEFINITION ( 'draft international standard', 'automotive_design', 1998, #5951 ) ;
#7944 = ORIENTED_EDGE ( 'NONE', *, *, #6185, .F. ) ;
#7945 = FILL_AREA_STYLE_COLOUR ( '', #2481 ) ;
#7946 = STYLED_ITEM ( 'NONE', ( #1922 ), #7173 ) ;
#7947 = VECTOR ( 'NONE', #5722, 1000.000000000000114 ) ;
#7948 = DIRECTION ( 'NONE',  ( 1.000000000000000000, 0.000000000000000000, 0.000000000000000000 ) ) ;
#7949 = DIRECTION ( 'NONE',  ( 1.000000000000000000, 0.000000000000000000, 0.000000000000000000 ) ) ;
#7950 = STYLED_ITEM ( 'NONE', ( #6266 ), #7336 ) ;
#7951 = LINE ( 'NONE', #7340, #8413 ) ;
#7952 = FILL_AREA_STYLE_COLOUR ( '', #7385 ) ;
#7953 = ORIENTED_EDGE ( 'NONE', *, *, #2039, .T. ) ;
#7954 = DIRECTION ( 'NONE',  ( 1.000000000000000000, 0.000000000000000000, 0.000000000000000000 ) ) ;
#7955 = FILL_AREA_STYLE ('',( #2204 ) ) ;
#7956 = STYLED_ITEM ( 'NONE', ( #2737 ), #7692 ) ;
#7957 = DIRECTION ( 'NONE',  ( 1.000000000000000000, 0.000000000000000000, 0.000000000000000000 ) ) ;
#7958 = PRESENTATION_LAYER_ASSIGNMENT (  '', '', ( #6461 ) ) ;
#7959 = ADVANCED_FACE ( 'NONE', ( #7285 ), #7252, .F. ) ;
#7960 = FILL_AREA_STYLE_COLOUR ( '', #2434 ) ;
#7961 = DIRECTION ( 'NONE',  ( 1.000000000000000000, 0.000000000000000000, 0.000000000000000000 ) ) ;
#7962 =( GEOMETRIC_REPRESENTATION_CONTEXT ( 3 ) GLOBAL_UNCERTAINTY_ASSIGNED_CONTEXT ( ( #872 ) ) GLOBAL_UNIT_ASSIGNED_CONTEXT ( ( #6019, #8002, #3465 ) ) REPRESENTATION_CONTEXT ( 'NONE', 'WORKASPACE' ) );
#7963 = FACE_OUTER_BOUND ( 'NONE', #2775, .T. ) ;
#7964 = ADVANCED_FACE ( 'NONE', ( #6699, #713, #3489, #1444, #6047, #4115, #8031, #156, #2807 ), #4765, .T. ) ;
#7965 = CARTESIAN_POINT ( 'NONE',  ( 0.1600000000000000033, -2.380000000000000338, -3.000000000000000000 ) ) ;
#7966 = CARTESIAN_POINT ( 'NONE',  ( -1.270000000000000018, -14.22400000000000020, 2.540000000000000036 ) ) ;
#7967 = PLANE ( 'NONE',  #3767 ) ;
#7968 = MECHANICAL_DESIGN_GEOMETRIC_PRESENTATION_REPRESENTATION (  '', ( #8407 ), #6473 ) ;
#7969 = FILL_AREA_STYLE_COLOUR ( '', #8068 ) ;
#7970 =( LENGTH_UNIT ( ) NAMED_UNIT ( * ) SI_UNIT ( .MILLI., .METRE. ) );
#7971 = VECTOR ( 'NONE', #5803, 1000.000000000000000 ) ;
#7972 = MECHANICAL_DESIGN_GEOMETRIC_PRESENTATION_REPRESENTATION (  '', ( #2780 ), #1113 ) ;
#7973 = STYLED_ITEM ( 'NONE', ( #6709 ), #5924 ) ;
#7974 = PLANE ( 'NONE',  #1254 ) ;
#7975 = VERTEX_POINT ( 'NONE', #8225 ) ;
#7976 = DIRECTION ( 'NONE',  ( -1.000000000000000000, 0.000000000000000000, 0.000000000000000000 ) ) ;
#7977 = VERTEX_POINT ( 'NONE', #973 ) ;
#7978 = ADVANCED_FACE ( 'NONE', ( #5018 ), #386, .T. ) ;
#7979 = DIRECTION ( 'NONE',  ( 0.000000000000000000, 0.000000000000000000, -1.000000000000000000 ) ) ;
#7980 = CARTESIAN_POINT ( 'NONE',  ( 0.1600000000000000033, -10.31999999999999851, 8.540000000000000924 ) ) ;
#7981 = EDGE_CURVE ( 'NONE', #2465, #464, #5583, .T. ) ;
#7982 = SURFACE_STYLE_USAGE ( .BOTH. , #4760 ) ;
#7983 = SURFACE_STYLE_FILL_AREA ( #2682 ) ;
#7984 = DIRECTION ( 'NONE',  ( 0.000000000000000000, 1.000000000000000000, 0.000000000000000000 ) ) ;
#7985 = FILL_AREA_STYLE ('',( #1489 ) ) ;
#7986 = VECTOR ( 'NONE', #5739, 1000.000000000000000 ) ;
#7987 = CARTESIAN_POINT ( 'NONE',  ( 0.1600000000000000033, -17.94000000000000128, 8.540000000000000924 ) ) ;
#7988 = ORIENTED_EDGE ( 'NONE', *, *, #370, .F. ) ;
#7989 = VECTOR ( 'NONE', #5224, 1000.000000000000000 ) ;
#7990 = ORIENTED_EDGE ( 'NONE', *, *, #948, .F. ) ;
#7991 = DIRECTION ( 'NONE',  ( 0.000000000000000000, 0.000000000000000000, -1.000000000000000000 ) ) ;
#7992 = FILL_AREA_STYLE ('',( #852 ) ) ;
#7993 = FILL_AREA_STYLE ('',( #1406 ) ) ;
#7994 = CARTESIAN_POINT ( 'NONE',  ( 0.3200000000000000067, -10.48000000000000043, -3.000000000000000000 ) ) ;
#7995 = UNCERTAINTY_MEASURE_WITH_UNIT (LENGTH_MEASURE( 1.000000000000000082E-05 ), #7052, 'distance_accuracy_value', 'NONE');
#7996 = CARTESIAN_POINT ( 'NONE',  ( 1.270000000000000018, -16.76400000000000290, 2.540000000000000036 ) ) ;
#7997 = DIRECTION ( 'NONE',  ( 0.000000000000000000, -1.000000000000000000, -2.453897423307444850E-18 ) ) ;
#7998 = ORIENTED_EDGE ( 'NONE', *, *, #1888, .T. ) ;
#7999 = DIRECTION ( 'NONE',  ( 0.000000000000000000, 1.000000000000000000, 0.000000000000000000 ) ) ;
#8000 = CARTESIAN_POINT ( 'NONE',  ( 1.016000000000000014, -16.51000000000000156, 0.000000000000000000 ) ) ;
#8001 = SURFACE_SIDE_STYLE ('',( #8102 ) ) ;
#8002 =( NAMED_UNIT ( * ) PLANE_ANGLE_UNIT ( ) SI_UNIT ( $, .RADIAN. ) );
#8003 = VECTOR ( 'NONE', #3728, 1000.000000000000114 ) ;
#8004 = EDGE_CURVE ( 'NONE', #5481, #6846, #7594, .T. ) ;
#8005 = FILL_AREA_STYLE ('',( #2874 ) ) ;
#8006 = CARTESIAN_POINT ( 'NONE',  ( -0.1600000000000000033, -2.380000000000000338, -3.000000000000000000 ) ) ;
#8007 = VERTEX_POINT ( 'NONE', #1057 ) ;
#8008 = ADVANCED_FACE ( 'NONE', ( #8176 ), #3712, .T. ) ;
#8009 = FILL_AREA_STYLE_COLOUR ( '', #3755 ) ;
#8010 =( NAMED_UNIT ( * ) SI_UNIT ( $, .STERADIAN. ) SOLID_ANGLE_UNIT ( ) );
#8011 = LINE ( 'NONE', #3095, #4848 ) ;
#8012 = CARTESIAN_POINT ( 'NONE',  ( 1.270000000000000018, -14.22400000000000020, 0.000000000000000000 ) ) ;
#8013 = SURFACE_STYLE_USAGE ( .BOTH. , #1970 ) ;
#8014 = PRESENTATION_STYLE_ASSIGNMENT (( #7925 ) ) ;
#8015 = UNCERTAINTY_MEASURE_WITH_UNIT (LENGTH_MEASURE( 1.000000000000000082E-05 ), #2765, 'distance_accuracy_value', 'NONE');
#8016 = AXIS2_PLACEMENT_3D ( 'NONE', #5819, #7152, #1285 ) ;
#8017 = FILL_AREA_STYLE_COLOUR ( '', #2526 ) ;
#8018 = ORIENTED_EDGE ( 'NONE', *, *, #654, .T. ) ;
#8019 = FACE_OUTER_BOUND ( 'NONE', #832, .T. ) ;
#8020 = ORIENTED_EDGE ( 'NONE', *, *, #5069, .F. ) ;
#8021 = PRESENTATION_LAYER_ASSIGNMENT (  '', '', ( #6938 ) ) ;
#8022 = VERTEX_POINT ( 'NONE', #3106 ) ;
#8023 = CARTESIAN_POINT ( 'NONE',  ( 0.3200000000000000067, -15.55999999999999872, -3.000000000000000000 ) ) ;
#8024 =( LENGTH_UNIT ( ) NAMED_UNIT ( * ) SI_UNIT ( .MILLI., .METRE. ) );
#8025 = VECTOR ( 'NONE', #7727, 1000.000000000000000 ) ;
#8026 = PRESENTATION_STYLE_ASSIGNMENT (( #7982 ) ) ;
#8027 = PRESENTATION_STYLE_ASSIGNMENT (( #1441 ) ) ;
#8028 = ADVANCED_FACE ( 'NONE', ( #3788 ), #3978, .T. ) ;
#8029 = PRESENTATION_LAYER_ASSIGNMENT (  '', '', ( #1426 ) ) ;
#8030 = DIRECTION ( 'NONE',  ( 1.000000000000000000, 0.000000000000000000, 0.000000000000000000 ) ) ;
#8031 = FACE_BOUND ( 'NONE', #4371, .T. ) ;
#8032 = PLANE ( 'NONE',  #1365 ) ;
#8033 = ORIENTED_EDGE ( 'NONE', *, *, #284, .F. ) ;
#8034 = ITEM_DEFINED_TRANSFORMATION ( 'NONE', 'NONE', #6014,  #264 ) ;
#8035 = VERTEX_POINT ( 'NONE', #7965 ) ;
#8036 =( GEOMETRIC_REPRESENTATION_CONTEXT ( 3 ) GLOBAL_UNCERTAINTY_ASSIGNED_CONTEXT ( ( #5840 ) ) GLOBAL_UNIT_ASSIGNED_CONTEXT ( ( #2304, #1637, #7562 ) ) REPRESENTATION_CONTEXT ( 'NONE', 'WORKASPACE' ) );
#8037 = STYLED_ITEM ( 'NONE', ( #7103 ), #4041 ) ;
#8038 = FACE_OUTER_BOUND ( 'NONE', #6869, .T. ) ;
#8039 = VECTOR ( 'NONE', #3086, 1000.000000000000000 ) ;
#8040 = SURFACE_STYLE_USAGE ( .BOTH. , #6012 ) ;
#8041 = CARTESIAN_POINT ( 'NONE',  ( -0.3200000000000000067, -0.3200000000000000067, 8.380000000000000782 ) ) ;
#8042 = COLOUR_RGB ( '',0.8588235294117646523, 0.7372549019607843590, 0.4941176470588235503 ) ;
#8043 =( NAMED_UNIT ( * ) SI_UNIT ( $, .STERADIAN. ) SOLID_ANGLE_UNIT ( ) );
#8044 = VERTEX_POINT ( 'NONE', #5938 ) ;
#8045 = PLANE ( 'NONE',  #4449 ) ;
#8046 = COLOUR_RGB ( '',0.8588235294117646523, 0.7372549019607843590, 0.4941176470588235503 ) ;
#8047 = DIRECTION ( 'NONE',  ( 0.7071067811865474617, 0.7071067811865474617, 0.000000000000000000 ) ) ;
#8048 = DIRECTION ( 'NONE',  ( 1.000000000000000000, 0.000000000000000000, 0.000000000000000000 ) ) ;
#8049 = SURFACE_STYLE_USAGE ( .BOTH. , #4867 ) ;
#8050 = VECTOR ( 'NONE', #7024, 1000.000000000000114 ) ;
#8051 = FILL_AREA_STYLE ('',( #6021 ) ) ;
#8052 =( LENGTH_UNIT ( ) NAMED_UNIT ( * ) SI_UNIT ( .MILLI., .METRE. ) );
#8053 = COLOUR_RGB ( '',0.8588235294117646523, 0.7372549019607843590, 0.4941176470588235503 ) ;
#8054 =( NAMED_UNIT ( * ) SI_UNIT ( $, .STERADIAN. ) SOLID_ANGLE_UNIT ( ) );
#8055 = EDGE_CURVE ( 'NONE', #4940, #4154, #5750, .T. ) ;
#8056 = EDGE_CURVE ( 'NONE', #4770, #6933, #1147, .T. ) ;
#8057 = SURFACE_STYLE_FILL_AREA ( #8203 ) ;
#8058 = EDGE_LOOP ( 'NONE', ( #2198, #4036, #1480, #2839 ) ) ;
#8059 = ORIENTED_EDGE ( 'NONE', *, *, #2104, .F. ) ;
#8060 = SURFACE_STYLE_FILL_AREA ( #187 ) ;
#8061 = ORIENTED_EDGE ( 'NONE', *, *, #4229, .F. ) ;
#8062 = PLANE ( 'NONE',  #4531 ) ;
#8063 = AXIS2_PLACEMENT_3D ( 'NONE', #7994, #5542, #6192 ) ;
#8064 = FACE_OUTER_BOUND ( 'NONE', #6722, .T. ) ;
#8065 = FILL_AREA_STYLE ('',( #5389 ) ) ;
#8066 = EDGE_CURVE ( 'NONE', #6607, #3131, #6598, .T. ) ;
#8067 = DIRECTION ( 'NONE',  ( 1.000000000000000000, 0.000000000000000000, 0.000000000000000000 ) ) ;
#8068 = COLOUR_RGB ( '',0.8588235294117646523, 0.7372549019607843590, 0.4941176470588235503 ) ;
#8069 = DIRECTION ( 'NONE',  ( 0.7071067811865475727, 1.735167508356890344E-18, -0.7071067811865475727 ) ) ;
#8070 = VERTEX_POINT ( 'NONE', #45 ) ;
#8071 = DIRECTION ( 'NONE',  ( -0.7071067811865475727, 0.000000000000000000, 0.7071067811865475727 ) ) ;
#8072 = EDGE_LOOP ( 'NONE', ( #5920, #5206, #348, #6262 ) ) ;
#8073 = ORIENTED_EDGE ( 'NONE', *, *, #3020, .T. ) ;
#8074 = CARTESIAN_POINT ( 'NONE',  ( -0.3200000000000000067, -10.48000000000000043, -3.000000000000000000 ) ) ;
#8075 = DIRECTION ( 'NONE',  ( 1.000000000000000000, 0.000000000000000000, 0.000000000000000000 ) ) ;
#8076 = PLANE ( 'NONE',  #5969 ) ;
#8077 = EDGE_CURVE ( 'NONE', #4821, #4209, #6400, .T. ) ;
#8078 = LINE ( 'NONE', #4807, #5290 ) ;
#8079 = FILL_AREA_STYLE_COLOUR ( '', #1985 ) ;
#8080 = AXIS2_PLACEMENT_3D ( 'NONE', #3539, #2052, #3996 ) ;
#8081 =( LENGTH_UNIT ( ) NAMED_UNIT ( * ) SI_UNIT ( .MILLI., .METRE. ) );
#8082 = SURFACE_STYLE_FILL_AREA ( #6786 ) ;
#8083 = LINE ( 'NONE', #7429, #1924 ) ;
#8084 = LINE ( 'NONE', #715, #4597 ) ;
#8085 = VERTEX_POINT ( 'NONE', #2504 ) ;
#8086 = EDGE_CURVE ( 'NONE', #6070, #8147, #7095, .T. ) ;
#8087 = PRODUCT_CONTEXT ( 'NONE', #4969, 'mechanical' ) ;
#8088 = ORIENTED_EDGE ( 'NONE', *, *, #3094, .F. ) ;
#8089 =( NAMED_UNIT ( * ) PLANE_ANGLE_UNIT ( ) SI_UNIT ( $, .RADIAN. ) );
#8090 = FILL_AREA_STYLE ('',( #3076 ) ) ;
#8091 =( GEOMETRIC_REPRESENTATION_CONTEXT ( 3 ) GLOBAL_UNCERTAINTY_ASSIGNED_CONTEXT ( ( #5616 ) ) GLOBAL_UNIT_ASSIGNED_CONTEXT ( ( #2033, #3380, #2211 ) ) REPRESENTATION_CONTEXT ( 'NONE', 'WORKASPACE' ) );
#8092 = MECHANICAL_DESIGN_GEOMETRIC_PRESENTATION_REPRESENTATION (  '', ( #5061 ), #7671 ) ;
#8093 =( NAMED_UNIT ( * ) SI_UNIT ( $, .STERADIAN. ) SOLID_ANGLE_UNIT ( ) );
#8094 = UNCERTAINTY_MEASURE_WITH_UNIT (LENGTH_MEASURE( 1.000000000000000082E-05 ), #3172, 'distance_accuracy_value', 'NONE');
#8095 = ORIENTED_EDGE ( 'NONE', *, *, #8504, .T. ) ;
#8096 = DIRECTION ( 'NONE',  ( 1.000000000000000000, 0.000000000000000000, 0.000000000000000000 ) ) ;
#8097 = STYLED_ITEM ( 'NONE', ( #4083 ), #7000 ) ;
#8098 = CARTESIAN_POINT ( 'NONE',  ( 0.3200000000000000067, -0.3200000000000000067, -3.000000000000000000 ) ) ;
#8099 = ORIENTED_EDGE ( 'NONE', *, *, #800, .T. ) ;
#8100 = DIRECTION ( 'NONE',  ( 0.000000000000000000, -1.000000000000000000, -2.453897423307444850E-18 ) ) ;
#8101 = DIRECTION ( 'NONE',  ( 0.7071067811865475727, -1.735167508356890344E-18, 0.7071067811865475727 ) ) ;
#8102 = SURFACE_STYLE_FILL_AREA ( #7955 ) ;
#8103 = FILL_AREA_STYLE_COLOUR ( '', #6990 ) ;
#8104 = ADVANCED_FACE ( 'NONE', ( #5103 ), #7874, .F. ) ;
#8105 = STYLED_ITEM ( 'NONE', ( #1669 ), #7121 ) ;
#8106 = PLANE ( 'NONE',  #5167 ) ;
#8107 = CARTESIAN_POINT ( 'NONE',  ( -0.3200000000000000067, -7.860000000000000320, -2.919999999999999929 ) ) ;
#8108 = FILL_AREA_STYLE_COLOUR ( '', #5879 ) ;
#8109 = VERTEX_POINT ( 'NONE', #4786 ) ;
#8110 = EDGE_LOOP ( 'NONE', ( #6508, #1159, #1528, #6195 ) ) ;
#8111 = CARTESIAN_POINT ( 'NONE',  ( -0.1600000000000000033, -5.400000000000000355, 0.000000000000000000 ) ) ;
#8112 = PRESENTATION_LAYER_ASSIGNMENT (  '', '', ( #3592 ) ) ;
#8113 = ADVANCED_FACE ( 'NONE', ( #4737 ), #820, .T. ) ;
#8114 = PRESENTATION_LAYER_ASSIGNMENT (  '', '', ( #4111 ) ) ;
#8115 = CARTESIAN_POINT ( 'NONE',  ( -0.3200000000000000067, -10.48000000000000043, -3.000000000000000000 ) ) ;
#8116 = LINE ( 'NONE', #6162, #5223 ) ;
#8117 =( LENGTH_UNIT ( ) NAMED_UNIT ( * ) SI_UNIT ( .MILLI., .METRE. ) );
#8118 = LINE ( 'NONE', #2221, #6142 ) ;
#8119 = MECHANICAL_DESIGN_GEOMETRIC_PRESENTATION_REPRESENTATION (  '', ( #4811 ), #1094 ) ;
#8120 = UNCERTAINTY_MEASURE_WITH_UNIT (LENGTH_MEASURE( 1.000000000000000082E-05 ), #7565, 'distance_accuracy_value', 'NONE');
#8121 = ORIENTED_EDGE ( 'NONE', *, *, #1095, .T. ) ;
#8122 = DIRECTION ( 'NONE',  ( 0.000000000000000000, 1.000000000000000000, 0.000000000000000000 ) ) ;
#8123 = ORIENTED_EDGE ( 'NONE', *, *, #7238, .F. ) ;
#8124 = ORIENTED_EDGE ( 'NONE', *, *, #6919, .T. ) ;
#8125 = SURFACE_STYLE_USAGE ( .BOTH. , #4758 ) ;
#8126 = ADVANCED_FACE ( 'NONE', ( #5471 ), #4138, .T. ) ;
#8127 = AXIS2_PLACEMENT_3D ( 'NONE', #5477, #5518, #3571 ) ;
#8128 = DIRECTION ( 'NONE',  ( 0.000000000000000000, 1.000000000000000000, 0.000000000000000000 ) ) ;
#8129 = PRESENTATION_STYLE_ASSIGNMENT (( #8256 ) ) ;
#8130 = SURFACE_STYLE_FILL_AREA ( #4894 ) ;
#8131 = PLANE ( 'NONE',  #2792 ) ;
#8132 = CARTESIAN_POINT ( 'NONE',  ( -1.385736902219999845E-17, -8.890000000000000568, 2.540000000000000036 ) ) ;
#8133 = PRESENTATION_STYLE_ASSIGNMENT (( #5493 ) ) ;
#8134 = LINE ( 'NONE', #7516, #5024 ) ;
#8135 = ORIENTED_EDGE ( 'NONE', *, *, #6919, .F. ) ;
#8136 = SURFACE_STYLE_USAGE ( .BOTH. , #3961 ) ;
#8137 = EDGE_LOOP ( 'NONE', ( #3073, #4921, #898, #3082 ) ) ;
#8138 = CARTESIAN_POINT ( 'NONE',  ( -1.016000000000000014, -19.05000000000000071, 0.000000000000000000 ) ) ;
#8139 = MECHANICAL_DESIGN_GEOMETRIC_PRESENTATION_REPRESENTATION (  '', ( #7973 ), #6612 ) ;
#8140 = CARTESIAN_POINT ( 'NONE',  ( 0.1600000000000000033, -17.62000000000000099, 8.540000000000000924 ) ) ;
#8141 = EDGE_CURVE ( 'NONE', #3770, #7848, #4919, .T. ) ;
#8142 = STYLED_ITEM ( 'NONE', ( #6868 ), #1887 ) ;
#8143 = FACE_OUTER_BOUND ( 'NONE', #4585, .T. ) ;
#8144 =( GEOMETRIC_REPRESENTATION_CONTEXT ( 3 ) GLOBAL_UNCERTAINTY_ASSIGNED_CONTEXT ( ( #1022 ) ) GLOBAL_UNIT_ASSIGNED_CONTEXT ( ( #1847, #3841, #3244 ) ) REPRESENTATION_CONTEXT ( 'NONE', 'WORKASPACE' ) );
#8145 = ORIENTED_EDGE ( 'NONE', *, *, #2580, .T. ) ;
#8146 = CARTESIAN_POINT ( 'NONE',  ( -0.2400000000000000189, -15.55999999999999872, 8.460000000000000853 ) ) ;
#8147 = VERTEX_POINT ( 'NONE', #8006 ) ;
#8148 = CARTESIAN_POINT ( 'NONE',  ( -1.016000000000000014, -19.05000000000000071, 0.000000000000000000 ) ) ;
#8149 = FILL_AREA_STYLE ('',( #2960 ) ) ;
#8150 = DIRECTION ( 'NONE',  ( 0.000000000000000000, 1.000000000000000000, 0.000000000000000000 ) ) ;
#8151 = VECTOR ( 'NONE', #6475, 1000.000000000000114 ) ;
#8153 = CARTESIAN_POINT ( 'NONE',  ( -0.3200000000000000067, -14.91999999999999993, -2.839999999999999858 ) ) ;
#8152 = STYLED_ITEM ( 'NONE', ( #408 ), #5756 ) ;
#8154 = SURFACE_SIDE_STYLE ('',( #994 ) ) ;
#8155 = ADVANCED_FACE ( 'NONE', ( #2112 ), #5422, .F. ) ;
#8156 = DIRECTION ( 'NONE',  ( 0.000000000000000000, -1.000000000000000000, -2.453897423307444850E-18 ) ) ;
#8157 = ORIENTED_EDGE ( 'NONE', *, *, #6718, .T. ) ;
#8158 = ORIENTED_EDGE ( 'NONE', *, *, #2371, .F. ) ;
#8159 = VECTOR ( 'NONE', #861, 1000.000000000000114 ) ;
#8160 = ORIENTED_EDGE ( 'NONE', *, *, #5011, .T. ) ;
#8161 = PLANE ( 'NONE',  #2922 ) ;
#8162 = VECTOR ( 'NONE', #6948, 1000.000000000000114 ) ;
#8163 =( LENGTH_UNIT ( ) NAMED_UNIT ( * ) SI_UNIT ( .MILLI., .METRE. ) );
#8164 = FILL_AREA_STYLE ('',( #4319 ) ) ;
#8165 = CARTESIAN_POINT ( 'NONE',  ( 0.3200000000000000067, -14.91999999999999993, 2.540000000000000036 ) ) ;
#8166 = DIRECTION ( 'NONE',  ( 0.000000000000000000, 0.000000000000000000, -1.000000000000000000 ) ) ;
#8167 = ORIENTED_EDGE ( 'NONE', *, *, #3873, .F. ) ;
#8168 = ORIENTED_EDGE ( 'NONE', *, *, #224, .T. ) ;
#8169 = ORIENTED_EDGE ( 'NONE', *, *, #8364, .F. ) ;
#8170 = SURFACE_SIDE_STYLE ('',( #4200 ) ) ;
#8171 = DIRECTION ( 'NONE',  ( 0.000000000000000000, 0.000000000000000000, 1.000000000000000000 ) ) ;
#8172 =( NAMED_UNIT ( * ) PLANE_ANGLE_UNIT ( ) SI_UNIT ( $, .RADIAN. ) );
#8173 = CARTESIAN_POINT ( 'NONE',  ( 1.270000000000000018, -11.17600000000000016, 0.000000000000000000 ) ) ;
#8174 = VECTOR ( 'NONE', #7075, 1000.000000000000000 ) ;
#8175 = CARTESIAN_POINT ( 'NONE',  ( -1.016000000000000014, -13.97000000000000064, 0.000000000000000000 ) ) ;
#8176 = FACE_OUTER_BOUND ( 'NONE', #4884, .T. ) ;
#8177 =( LENGTH_UNIT ( ) NAMED_UNIT ( * ) SI_UNIT ( .MILLI., .METRE. ) );
#8178 = ORIENTED_EDGE ( 'NONE', *, *, #7, .T. ) ;
#8179 = CARTESIAN_POINT ( 'NONE',  ( -0.3200000000000000067, -5.320000000000000284, 8.460000000000000853 ) ) ;
#8180 = ORIENTED_EDGE ( 'NONE', *, *, #4061, .F. ) ;
#8181 = VERTEX_POINT ( 'NONE', #3048 ) ;
#8182 = SURFACE_STYLE_USAGE ( .BOTH. , #8267 ) ;
#8183 = VECTOR ( 'NONE', #6573, 1000.000000000000000 ) ;
#8184 = DIRECTION ( 'NONE',  ( -0.5773502691896257311, -0.5773502691896257311, 0.5773502691896257311 ) ) ;
#8185 =( NAMED_UNIT ( * ) SI_UNIT ( $, .STERADIAN. ) SOLID_ANGLE_UNIT ( ) );
#8186 = VECTOR ( 'NONE', #3192, 1000.000000000000000 ) ;
#8187 = ADVANCED_FACE ( 'NONE', ( #6420 ), #1784, .F. ) ;
#8188 = UNCERTAINTY_MEASURE_WITH_UNIT (LENGTH_MEASURE( 1.000000000000000082E-05 ), #8363, 'distance_accuracy_value', 'NONE');
#8189 = VERTEX_POINT ( 'NONE', #4354 ) ;
#8190 = FILL_AREA_STYLE ('',( #8237 ) ) ;
#8191 = FACE_OUTER_BOUND ( 'NONE', #6007, .T. ) ;
#8192 = VECTOR ( 'NONE', #4383, 1000.000000000000000 ) ;
#8193 = EDGE_LOOP ( 'NONE', ( #6609, #7849, #5392, #4877 ) ) ;
#8194 = MECHANICAL_DESIGN_GEOMETRIC_PRESENTATION_REPRESENTATION (  '', ( #4733 ), #744 ) ;
#8195 = PRESENTATION_STYLE_ASSIGNMENT (( #2259 ) ) ;
#8196 = LINE ( 'NONE', #4868, #8050 ) ;
#8197 = LINE ( 'NONE', #2310, #7337 ) ;
#8198 = MECHANICAL_DESIGN_GEOMETRIC_PRESENTATION_REPRESENTATION (  '', ( #631 ), #5154 ) ;
#8199 = DIRECTION ( 'NONE',  ( 1.000000000000000000, 0.000000000000000000, 0.000000000000000000 ) ) ;
#8200 = PRESENTATION_LAYER_ASSIGNMENT (  '', '', ( #2297 ) ) ;
#8201 = VECTOR ( 'NONE', #4541, 1000.000000000000114 ) ;
#8202 =( NAMED_UNIT ( * ) SI_UNIT ( $, .STERADIAN. ) SOLID_ANGLE_UNIT ( ) );
#8203 = FILL_AREA_STYLE ('',( #1468 ) ) ;
#8204 = ORIENTED_EDGE ( 'NONE', *, *, #3581, .F. ) ;
#8205 = EDGE_LOOP ( 'NONE', ( #1247, #6159, #5251, #2941 ) ) ;
#8206 = CARTESIAN_POINT ( 'NONE',  ( -0.3200000000000000067, 0.3200000000000000067, 8.380000000000000782 ) ) ;
#8207 =( NAMED_UNIT ( * ) PLANE_ANGLE_UNIT ( ) SI_UNIT ( $, .RADIAN. ) );
#8208 =( LENGTH_UNIT ( ) NAMED_UNIT ( * ) SI_UNIT ( .MILLI., .METRE. ) );
#8209 = MECHANICAL_DESIGN_GEOMETRIC_PRESENTATION_REPRESENTATION (  '', ( #8477 ), #761 ) ;
#8210 = VECTOR ( 'NONE', #6377, 1000.000000000000114 ) ;
#8211 = CARTESIAN_POINT ( 'NONE',  ( -1.270000000000000018, -4.064000000000000057, 2.540000000000000036 ) ) ;
#8212 = UNCERTAINTY_MEASURE_WITH_UNIT (LENGTH_MEASURE( 1.000000000000000082E-05 ), #5075, 'distance_accuracy_value', 'NONE');
#8213 = ORIENTED_EDGE ( 'NONE', *, *, #7362, .F. ) ;
#8214 = CARTESIAN_POINT ( 'NONE',  ( -0.1600000000000000033, -7.459999999999999964, 8.540000000000000924 ) ) ;
#8215 = PRESENTATION_LAYER_ASSIGNMENT (  '', '', ( #7225 ) ) ;
#8216 = VERTEX_POINT ( 'NONE', #530 ) ;
#8217 = AXIS2_PLACEMENT_3D ( 'NONE', #4434, #1164, #5925 ) ;
#8218 = STYLED_ITEM ( 'NONE', ( #1740 ), #990 ) ;
#8219 = EDGE_LOOP ( 'NONE', ( #7883, #3220, #3962, #1491 ) ) ;
#8220 = FACE_OUTER_BOUND ( 'NONE', #6517, .T. ) ;
#8221 = DIRECTION ( 'NONE',  ( 0.000000000000000000, 1.000000000000000000, 0.000000000000000000 ) ) ;
#8222 = EDGE_CURVE ( 'NONE', #6737, #5597, #5645, .T. ) ;
#8223 = SURFACE_STYLE_USAGE ( .BOTH. , #6224 ) ;
#8224 = CARTESIAN_POINT ( 'NONE',  ( -1.270000000000000018, -11.17600000000000016, 0.000000000000000000 ) ) ;
#8225 = CARTESIAN_POINT ( 'NONE',  ( 0.3200000000000000067, -13.01999999999999957, 0.000000000000000000 ) ) ;
#8226 = ORIENTED_EDGE ( 'NONE', *, *, #703, .T. ) ;
#8227 = ORIENTED_EDGE ( 'NONE', *, *, #4936, .T. ) ;
#8228 = EDGE_CURVE ( 'NONE', #6374, #6904, #483, .T. ) ;
#8229 = FILL_AREA_STYLE_COLOUR ( '', #940 ) ;
#8230 = ADVANCED_FACE ( 'NONE', ( #7072 ), #6991, .F. ) ;
#8231 = FACE_OUTER_BOUND ( 'NONE', #1629, .T. ) ;
#8232 = DIRECTION ( 'NONE',  ( 0.000000000000000000, 0.000000000000000000, 1.000000000000000000 ) ) ;
#8233 = PRESENTATION_LAYER_ASSIGNMENT (  '', '', ( #3958 ) ) ;
#8234 = EDGE_CURVE ( 'NONE', #4139, #1537, #2655, .T. ) ;
#8235 = LINE ( 'NONE', #3036, #5175 ) ;
#8236 = ORIENTED_EDGE ( 'NONE', *, *, #3288, .T. ) ;
#8237 = FILL_AREA_STYLE_COLOUR ( '', #6057 ) ;
#8238 = VERTEX_POINT ( 'NONE', #6429 ) ;
#8239 = DIRECTION ( 'NONE',  ( 0.5773502691896257311, -0.5773502691896257311, 0.5773502691896257311 ) ) ;
#8240 = STYLED_ITEM ( 'NONE', ( #2882 ), #8113 ) ;
#8241 = VECTOR ( 'NONE', #1124, 1000.000000000000000 ) ;
#8242 =( NAMED_UNIT ( * ) SI_UNIT ( $, .STERADIAN. ) SOLID_ANGLE_UNIT ( ) );
#8243 = FILL_AREA_STYLE_COLOUR ( '', #2718 ) ;
#8244 = STYLED_ITEM ( 'NONE', ( #2562 ), #8516 ) ;
#8245 = EDGE_LOOP ( 'NONE', ( #3049, #1705, #6422, #7586 ) ) ;
#8246 = ORIENTED_EDGE ( 'NONE', *, *, #3757, .T. ) ;
#8247 = DIRECTION ( 'NONE',  ( 0.000000000000000000, 0.000000000000000000, 1.000000000000000000 ) ) ;
#8248 = DIRECTION ( 'NONE',  ( 0.000000000000000000, 1.000000000000000000, 0.000000000000000000 ) ) ;
#8249 = EDGE_CURVE ( 'NONE', #299, #4557, #6545, .T. ) ;
#8250 = PRESENTATION_STYLE_ASSIGNMENT (( #3777 ) ) ;
#8251 = LINE ( 'NONE', #2323, #2311 ) ;
#8252 = SURFACE_SIDE_STYLE ('',( #1520 ) ) ;
#8253 = ORIENTED_EDGE ( 'NONE', *, *, #1590, .F. ) ;
#8254 = VERTEX_POINT ( 'NONE', #5291 ) ;
#8255 = LINE ( 'NONE', #6313, #5030 ) ;
#8256 = SURFACE_STYLE_USAGE ( .BOTH. , #2180 ) ;
#8257 = DIRECTION ( 'NONE',  ( -1.000000000000000000, 0.000000000000000000, 2.453897423307444850E-18 ) ) ;
#8258 = DIRECTION ( 'NONE',  ( 0.000000000000000000, 0.000000000000000000, -1.000000000000000000 ) ) ;
#8259 = ADVANCED_FACE ( 'NONE', ( #3850 ), #1901, .T. ) ;
#8260 = DIRECTION ( 'NONE',  ( 0.000000000000000000, 1.000000000000000000, 0.000000000000000000 ) ) ;
#8261 = FILL_AREA_STYLE_COLOUR ( '', #679 ) ;
#8262 = ORIENTED_EDGE ( 'NONE', *, *, #2503, .F. ) ;
#8263 = CARTESIAN_POINT ( 'NONE',  ( 1.270000000000000018, -4.064000000000000057, 0.000000000000000000 ) ) ;
#8264 = ORIENTED_EDGE ( 'NONE', *, *, #178, .T. ) ;
#8265 = CONTEXT_DEPENDENT_SHAPE_REPRESENTATION ( #418, #6243 ) ;
#8266 = ADVANCED_FACE ( 'NONE', ( #7149 ), #1983, .F. ) ;
#8267 = SURFACE_SIDE_STYLE ('',( #2988 ) ) ;
#8268 = CARTESIAN_POINT ( 'NONE',  ( -0.1600000000000000033, -15.08000000000000007, 8.540000000000000924 ) ) ;
#8269 = VECTOR ( 'NONE', #7609, 1000.000000000000114 ) ;
#8270 = LINE ( 'NONE', #2953, #7563 ) ;
#8271 = DIRECTION ( 'NONE',  ( -1.000000000000000000, 0.000000000000000000, 0.000000000000000000 ) ) ;
#8272 = CARTESIAN_POINT ( 'NONE',  ( 0.1600000000000000033, -0.1600000000000000033, 8.540000000000000924 ) ) ;
#8273 = AXIS2_PLACEMENT_3D ( 'NONE', #2557, #5144, #7770 ) ;
#8274 = UNCERTAINTY_MEASURE_WITH_UNIT (LENGTH_MEASURE( 1.000000000000000082E-05 ), #2062, 'distance_accuracy_value', 'NONE');
#8275 = DIRECTION ( 'NONE',  ( 0.000000000000000000, 0.000000000000000000, 1.000000000000000000 ) ) ;
#8277 = VECTOR ( 'NONE', #937, 1000.000000000000000 ) ;
#8276 = LINE ( 'NONE', #7061, #2902 ) ;
#8278 = VECTOR ( 'NONE', #4087, 1000.000000000000000 ) ;
#8279 = EDGE_LOOP ( 'NONE', ( #5909, #7730, #1500, #6172 ) ) ;
#8280 = DIRECTION ( 'NONE',  ( 0.000000000000000000, 0.000000000000000000, 1.000000000000000000 ) ) ;
#8281 = DIRECTION ( 'NONE',  ( -0.7071067811865475727, -1.735167508356888803E-18, -0.7071067811865475727 ) ) ;
#8282 =( GEOMETRIC_REPRESENTATION_CONTEXT ( 3 ) GLOBAL_UNCERTAINTY_ASSIGNED_CONTEXT ( ( #75 ) ) GLOBAL_UNIT_ASSIGNED_CONTEXT ( ( #144, #961, #2794 ) ) REPRESENTATION_CONTEXT ( 'NONE', 'WORKASPACE' ) );
#8284 = DIRECTION ( 'NONE',  ( -1.000000000000000000, 0.000000000000000000, 0.000000000000000000 ) ) ;
#8283 = PRESENTATION_LAYER_ASSIGNMENT (  '', '', ( #376 ) ) ;
#8285 = LINE ( 'NONE', #528, #8347 ) ;
#8286 =( NAMED_UNIT ( * ) PLANE_ANGLE_UNIT ( ) SI_UNIT ( $, .RADIAN. ) );
#8287 = ORIENTED_EDGE ( 'NONE', *, *, #7568, .T. ) ;
#8288 = ORIENTED_EDGE ( 'NONE', *, *, #2954, .F. ) ;
#8289 = CARTESIAN_POINT ( 'NONE',  ( -0.3200000000000000067, -15.55999999999999872, -2.839999999999999858 ) ) ;
#8290 = ADVANCED_FACE ( 'NONE', ( #3416 ), #171, .F. ) ;
#8291 = COLOUR_RGB ( '',0.8588235294117646523, 0.7372549019607843590, 0.4941176470588235503 ) ;
#8292 = DIRECTION ( 'NONE',  ( 0.000000000000000000, 0.000000000000000000, 1.000000000000000000 ) ) ;
#8293 = FILL_AREA_STYLE ('',( #5651 ) ) ;
#8294 = PLANE ( 'NONE',  #8367 ) ;
#8295 = EDGE_CURVE ( 'NONE', #6960, #207, #2773, .T. ) ;
#8296 =( NAMED_UNIT ( * ) PLANE_ANGLE_UNIT ( ) SI_UNIT ( $, .RADIAN. ) );
#8297 = PLANE ( 'NONE',  #4611 ) ;
#8298 = VECTOR ( 'NONE', #4358, 1000.000000000000114 ) ;
#8299 = ORIENTED_EDGE ( 'NONE', *, *, #3074, .T. ) ;
#8300 = DIRECTION ( 'NONE',  ( 0.7071067811865475727, -1.735167508356890344E-18, 0.7071067811865475727 ) ) ;
#8301 = FILL_AREA_STYLE ('',( #5660 ) ) ;
#8302 = STYLED_ITEM ( 'NONE', ( #6668 ), #1119 ) ;
#8303 =( GEOMETRIC_REPRESENTATION_CONTEXT ( 3 ) GLOBAL_UNCERTAINTY_ASSIGNED_CONTEXT ( ( #7080 ) ) GLOBAL_UNIT_ASSIGNED_CONTEXT ( ( #5922, #806, #7333 ) ) REPRESENTATION_CONTEXT ( 'NONE', 'WORKASPACE' ) );
#8304 = CARTESIAN_POINT ( 'NONE',  ( 1.270000000000000018, -4.064000000000000057, 0.000000000000000000 ) ) ;
#8305 = CARTESIAN_POINT ( 'NONE',  ( -1.270000000000000018, -9.144000000000000128, 0.000000000000000000 ) ) ;
#8306 = SURFACE_STYLE_USAGE ( .BOTH. , #8428 ) ;
#8307 = ORIENTED_EDGE ( 'NONE', *, *, #6199, .F. ) ;
#8308 = DIRECTION ( 'NONE',  ( 0.7071067811865474617, 0.7071067811865474617, 0.000000000000000000 ) ) ;
#8309 = VERTEX_POINT ( 'NONE', #897 ) ;
#8310 =( LENGTH_UNIT ( ) NAMED_UNIT ( * ) SI_UNIT ( .MILLI., .METRE. ) );
#8311 = CARTESIAN_POINT ( 'NONE',  ( -0.3200000000000000067, -15.48000000000000043, 8.460000000000000853 ) ) ;
#8312 = CARTESIAN_POINT ( 'NONE',  ( -0.3200000000000000067, -5.400000000000000355, 0.000000000000000000 ) ) ;
#8313 = CARTESIAN_POINT ( 'NONE',  ( -0.3200000000000000067, -2.860000000000000320, -3.000000000000000000 ) ) ;
#8314 = CARTESIAN_POINT ( 'NONE',  ( 1.016000000000000014, -19.05000000000000071, 0.000000000000000000 ) ) ;
#8315 = LINE ( 'NONE', #7606, #2181 ) ;
#8316 = VECTOR ( 'NONE', #37, 1000.000000000000000 ) ;
#8317 = ORIENTED_EDGE ( 'NONE', *, *, #3451, .T. ) ;
#8318 = DIRECTION ( 'NONE',  ( 1.000000000000000000, 0.000000000000000000, -2.453897423307444850E-18 ) ) ;
#8319 = PRESENTATION_LAYER_ASSIGNMENT (  '', '', ( #6518 ) ) ;
#8320 = LINE ( 'NONE', #3765, #905 ) ;
#8321 = DIRECTION ( 'NONE',  ( 1.000000000000000000, 0.000000000000000000, 0.000000000000000000 ) ) ;
#8322 = CARTESIAN_POINT ( 'NONE',  ( 0.3200000000000000067, -15.55999999999999872, 8.380000000000000782 ) ) ;
#8323 = VECTOR ( 'NONE', #5448, 1000.000000000000000 ) ;
#8324 =( GEOMETRIC_REPRESENTATION_CONTEXT ( 3 ) GLOBAL_UNCERTAINTY_ASSIGNED_CONTEXT ( ( #8445 ) ) GLOBAL_UNIT_ASSIGNED_CONTEXT ( ( #1108, #1810, #3753 ) ) REPRESENTATION_CONTEXT ( 'NONE', 'WORKASPACE' ) );
#8325 = FILL_AREA_STYLE ('',( #4269 ) ) ;
#8326 = ORIENTED_EDGE ( 'NONE', *, *, #8222, .F. ) ;
#8327 = ORIENTED_EDGE ( 'NONE', *, *, #2274, .T. ) ;
#8328 = CARTESIAN_POINT ( 'NONE',  ( -1.270000000000000018, -6.096000000000000085, 2.540000000000000036 ) ) ;
#8329 = ADVANCED_FACE ( 'NONE', ( #2101 ), #3556, .F. ) ;
#8330 = CARTESIAN_POINT ( 'NONE',  ( -0.3200000000000000067, -13.01999999999999957, -2.839999999999999858 ) ) ;
#8331 = FILL_AREA_STYLE ('',( #3897 ) ) ;
#8332 =( NAMED_UNIT ( * ) SI_UNIT ( $, .STERADIAN. ) SOLID_ANGLE_UNIT ( ) );
#8333 = VECTOR ( 'NONE', #8128, 1000.000000000000000 ) ;
#8334 = CARTESIAN_POINT ( 'NONE',  ( 1.270000000000000018, -1.524000000000000021, 0.000000000000000000 ) ) ;
#8335 = SURFACE_SIDE_STYLE ('',( #493 ) ) ;
#8336 = COLOUR_RGB ( '',0.8588235294117646523, 0.7372549019607843590, 0.4941176470588235503 ) ;
#8337 = EDGE_CURVE ( 'NONE', #7522, #1015, #4728, .T. ) ;
#8338 = EDGE_CURVE ( 'NONE', #8492, #2952, #220, .T. ) ;
#8339 = MECHANICAL_DESIGN_GEOMETRIC_PRESENTATION_REPRESENTATION (  '', ( #1299 ), #1174 ) ;
#8340 = DIRECTION ( 'NONE',  ( 1.000000000000000000, 0.000000000000000000, 0.000000000000000000 ) ) ;
#8341 =( NAMED_UNIT ( * ) PLANE_ANGLE_UNIT ( ) SI_UNIT ( $, .RADIAN. ) );
#8342 = VECTOR ( 'NONE', #3785, 1000.000000000000000 ) ;
#8343 = VERTEX_POINT ( 'NONE', #5411 ) ;
#8344 = CARTESIAN_POINT ( 'NONE',  ( 1.016000000000000014, -3.810000000000000053, 2.540000000000000036 ) ) ;
#8345 = PLANE ( 'NONE',  #947 ) ;
#8346 = COLOUR_RGB ( '',0.8588235294117646523, 0.7372549019607843590, 0.4941176470588235503 ) ;
#8347 = VECTOR ( 'NONE', #5121, 1000.000000000000000 ) ;
#8348 = ADVANCED_FACE ( 'NONE', ( #2867 ), #5460, .F. ) ;
#8349 = SURFACE_SIDE_STYLE ('',( #4972 ) ) ;
#8350 = PRESENTATION_LAYER_ASSIGNMENT (  '', '', ( #2712 ) ) ;
#8351 = SURFACE_STYLE_USAGE ( .BOTH. , #6439 ) ;
#8352 = SURFACE_STYLE_USAGE ( .BOTH. , #2502 ) ;
#8353 = MECHANICAL_DESIGN_GEOMETRIC_PRESENTATION_REPRESENTATION (  '', ( #4762 ), #1188 ) ;
#8354 = PRESENTATION_STYLE_ASSIGNMENT (( #5017 ) ) ;
#8355 = ORIENTED_EDGE ( 'NONE', *, *, #2661, .T. ) ;
#8356 = ORIENTED_EDGE ( 'NONE', *, *, #3655, .F. ) ;
#8357 = LINE ( 'NONE', #6973, #607 ) ;
#8358 = LINE ( 'NONE', #7519, #117 ) ;
#8359 = EDGE_CURVE ( 'NONE', #6405, #4824, #5677, .T. ) ;
#8360 = DIRECTION ( 'NONE',  ( -0.7071067811865475727, -0.7071067811865475727, 0.000000000000000000 ) ) ;
#8361 = PRESENTATION_LAYER_ASSIGNMENT (  '', '', ( #5184 ) ) ;
#8362 = PRESENTATION_LAYER_ASSIGNMENT (  '', '', ( #377 ) ) ;
#8363 =( LENGTH_UNIT ( ) NAMED_UNIT ( * ) SI_UNIT ( .MILLI., .METRE. ) );
#8364 = EDGE_CURVE ( 'NONE', #5636, #1824, #3640, .T. ) ;
#8365 = UNCERTAINTY_MEASURE_WITH_UNIT (LENGTH_MEASURE( 1.000000000000000082E-05 ), #5198, 'distance_accuracy_value', 'NONE');
#8366 = DIRECTION ( 'NONE',  ( 1.000000000000000000, 0.000000000000000000, 0.000000000000000000 ) ) ;
#8367 = AXIS2_PLACEMENT_3D ( 'NONE', #5003, #7581, #1864 ) ;
#8368 = ORIENTED_EDGE ( 'NONE', *, *, #611, .T. ) ;
#8369 = DIRECTION ( 'NONE',  ( 0.000000000000000000, 1.000000000000000000, 0.000000000000000000 ) ) ;
#8370 = LINE ( 'NONE', #4515, #6472 ) ;
#8371 = UNCERTAINTY_MEASURE_WITH_UNIT (LENGTH_MEASURE( 1.000000000000000082E-05 ), #2131, 'distance_accuracy_value', 'NONE');
#8372 = CARTESIAN_POINT ( 'NONE',  ( 1.016000000000000014, -13.97000000000000064, 0.000000000000000000 ) ) ;
#8373 = DIRECTION ( 'NONE',  ( 0.7071067811865475727, 0.7071067811865475727, 0.000000000000000000 ) ) ;
#8374 = ORIENTED_EDGE ( 'NONE', *, *, #3427, .T. ) ;
#8375 = EDGE_LOOP ( 'NONE', ( #835, #4185, #6601, #5424 ) ) ;
#8376 = EDGE_CURVE ( 'NONE', #3256, #8085, #8315, .T. ) ;
#8377 = CARTESIAN_POINT ( 'NONE',  ( 1.270000000000000018, -11.17600000000000016, 2.540000000000000036 ) ) ;
#8378 = EDGE_CURVE ( 'NONE', #1015, #8309, #346, .T. ) ;
#8379 = DIRECTION ( 'NONE',  ( 0.000000000000000000, 1.000000000000000000, 0.000000000000000000 ) ) ;
#8380 = SURFACE_SIDE_STYLE ('',( #1132 ) ) ;
#8381 =( GEOMETRIC_REPRESENTATION_CONTEXT ( 3 ) GLOBAL_UNCERTAINTY_ASSIGNED_CONTEXT ( ( #4840 ) ) GLOBAL_UNIT_ASSIGNED_CONTEXT ( ( #2392, #1028, #6239 ) ) REPRESENTATION_CONTEXT ( 'NONE', 'WORKASPACE' ) );
#8382 = MECHANICAL_DESIGN_GEOMETRIC_PRESENTATION_REPRESENTATION (  '', ( #5331 ), #1208 ) ;
#8383 = SHAPE_REPRESENTATION ( 'Pins', ( #3033, #6014, #8386, #2878, #7660 ), #6710 ) ;
#8384 = DIRECTION ( 'NONE',  ( 0.000000000000000000, 0.000000000000000000, 1.000000000000000000 ) ) ;
#8385 = PLANE ( 'NONE',  #7498 ) ;
#8386 = AXIS2_PLACEMENT_3D ( 'NONE', #4120, #1402, #1447 ) ;
#8387 = VERTEX_POINT ( 'NONE', #2999 ) ;
#8388 = DIRECTION ( 'NONE',  ( 1.000000000000000000, 0.000000000000000000, 0.000000000000000000 ) ) ;
#8389 = CARTESIAN_POINT ( 'NONE',  ( 0.1600000000000000033, -18.10000000000000142, -3.000000000000000000 ) ) ;
#8390 = DIRECTION ( 'NONE',  ( -1.735167508356890344E-18, 0.7071067811865475727, -0.7071067811865475727 ) ) ;
#8391 = VECTOR ( 'NONE', #2036, 1000.000000000000114 ) ;
#8392 = DIRECTION ( 'NONE',  ( 0.7071067811865474617, 0.7071067811865474617, 0.000000000000000000 ) ) ;
#8393 = ORIENTED_EDGE ( 'NONE', *, *, #6003, .F. ) ;
#8394 = PLANE ( 'NONE',  #5427 ) ;
#8395 = EDGE_LOOP ( 'NONE', ( #911, #6218, #7564, #4257 ) ) ;
#8396 = DIRECTION ( 'NONE',  ( -0.000000000000000000, 1.000000000000000000, 0.000000000000000000 ) ) ;
#8397 = EDGE_CURVE ( 'NONE', #8109, #6746, #1678, .T. ) ;
#8398 = FILL_AREA_STYLE_COLOUR ( '', #3874 ) ;
#8399 =( LENGTH_UNIT ( ) NAMED_UNIT ( * ) SI_UNIT ( .MILLI., .METRE. ) );
#8400 = PRESENTATION_STYLE_ASSIGNMENT (( #6452 ) ) ;
#8401 = MECHANICAL_DESIGN_GEOMETRIC_PRESENTATION_REPRESENTATION (  '', ( #5088 ), #2207 ) ;
#8402 = CARTESIAN_POINT ( 'NONE',  ( 1.016000000000000014, -13.97000000000000064, 0.000000000000000000 ) ) ;
#8403 = LINE ( 'NONE', #642, #7004 ) ;
#8404 = EDGE_LOOP ( 'NONE', ( #8059, #741, #5868, #7416 ) ) ;
#8405 = EDGE_CURVE ( 'NONE', #8181, #544, #6373, .T. ) ;
#8406 = FILL_AREA_STYLE_COLOUR ( '', #2934 ) ;
#8407 = STYLED_ITEM ( 'NONE', ( #1252 ), #244 ) ;
#8408 = PRESENTATION_STYLE_ASSIGNMENT (( #5318 ) ) ;
#8409 = PRESENTATION_LAYER_ASSIGNMENT (  '', '', ( #3609 ) ) ;
#8410 = ORIENTED_EDGE ( 'NONE', *, *, #6040, .T. ) ;
#8411 = ORIENTED_EDGE ( 'NONE', *, *, #4328, .T. ) ;
#8412 = CARTESIAN_POINT ( 'NONE',  ( 0.1600000000000000033, -0.1600000000000000033, 8.540000000000000924 ) ) ;
#8414 = FACE_OUTER_BOUND ( 'NONE', #6464, .T. ) ;
#8413 = VECTOR ( 'NONE', #4775, 1000.000000000000114 ) ;
#8415 = CARTESIAN_POINT ( 'NONE',  ( -1.270000000000000018, -14.22400000000000020, 0.000000000000000000 ) ) ;
#8416 = EDGE_CURVE ( 'NONE', #4958, #1493, #4304, .T. ) ;
#8417 =( NAMED_UNIT ( * ) PLANE_ANGLE_UNIT ( ) SI_UNIT ( $, .RADIAN. ) );
#8418 = AXIS2_PLACEMENT_3D ( 'NONE', #6956, #372, #496 ) ;
#8419 = DIRECTION ( 'NONE',  ( 1.000000000000000000, 0.000000000000000000, 0.000000000000000000 ) ) ;
#8420 = ORIENTED_EDGE ( 'NONE', *, *, #193, .T. ) ;
#8421 = DIRECTION ( 'NONE',  ( 1.000000000000000000, 0.000000000000000000, 0.000000000000000000 ) ) ;
#8422 =( NAMED_UNIT ( * ) SI_UNIT ( $, .STERADIAN. ) SOLID_ANGLE_UNIT ( ) );
#8423 = COLOUR_RGB ( '',0.8588235294117646523, 0.7372549019607843590, 0.4941176470588235503 ) ;
#8424 = LINE ( 'NONE', #7845, #7766 ) ;
#8425 = DIRECTION ( 'NONE',  ( 0.000000000000000000, 1.000000000000000000, 0.000000000000000000 ) ) ;
#8426 = DIRECTION ( 'NONE',  ( 0.000000000000000000, 0.000000000000000000, 1.000000000000000000 ) ) ;
#8427 =( NAMED_UNIT ( * ) SI_UNIT ( $, .STERADIAN. ) SOLID_ANGLE_UNIT ( ) );
#8428 = SURFACE_SIDE_STYLE ('',( #4457 ) ) ;
#8429 = VERTEX_POINT ( 'NONE', #3040 ) ;
#8430 = FILL_AREA_STYLE ('',( #5139 ) ) ;
#8431 = ORIENTED_EDGE ( 'NONE', *, *, #7566, .T. ) ;
#8432 = FILL_AREA_STYLE ('',( #7598 ) ) ;
#8433 = LINE ( 'NONE', #3752, #2931 ) ;
#8434 = SURFACE_STYLE_FILL_AREA ( #1199 ) ;
#8435 = PRODUCT_RELATED_PRODUCT_CATEGORY ( 'part', '', ( #4673 ) ) ;
#8436 = EDGE_CURVE ( 'NONE', #6926, #5574, #8276, .T. ) ;
#8437 = UNCERTAINTY_MEASURE_WITH_UNIT (LENGTH_MEASURE( 1.000000000000000082E-05 ), #6023, 'distance_accuracy_value', 'NONE');
#8438 = SURFACE_STYLE_USAGE ( .BOTH. , #1929 ) ;
#8439 = ORIENTED_EDGE ( 'NONE', *, *, #2987, .T. ) ;
#8440 = LINE ( 'NONE', #4513, #797 ) ;
#8441 = FILL_AREA_STYLE ('',( #2648 ) ) ;
#8442 = FILL_AREA_STYLE ('',( #1896 ) ) ;
#8443 = EDGE_CURVE ( 'NONE', #2744, #977, #2305, .T. ) ;
#8444 = FACE_OUTER_BOUND ( 'NONE', #4667, .T. ) ;
#8445 = UNCERTAINTY_MEASURE_WITH_UNIT (LENGTH_MEASURE( 1.000000000000000082E-05 ), #1108, 'distance_accuracy_value', 'NONE');
#8446 =( NAMED_UNIT ( * ) SI_UNIT ( $, .STERADIAN. ) SOLID_ANGLE_UNIT ( ) );
#8447 = ORIENTED_EDGE ( 'NONE', *, *, #6962, .T. ) ;
#8448 = ORIENTED_EDGE ( 'NONE', *, *, #1698, .T. ) ;
#8449 = DIRECTION ( 'NONE',  ( 0.000000000000000000, 1.000000000000000000, 0.000000000000000000 ) ) ;
#8450 = CARTESIAN_POINT ( 'NONE',  ( 0.1600000000000000033, -7.779999999999999361, 8.540000000000000924 ) ) ;
#8451 = SURFACE_STYLE_FILL_AREA ( #2538 ) ;
#8452 = VECTOR ( 'NONE', #1351, 1000.000000000000000 ) ;
#8453 = CARTESIAN_POINT ( 'NONE',  ( -0.3200000000000000067, -2.779999999999999805, 8.460000000000000853 ) ) ;
#8454 = MECHANICAL_DESIGN_GEOMETRIC_PRESENTATION_REPRESENTATION (  '', ( #5692 ), #4872 ) ;
#8455 = UNCERTAINTY_MEASURE_WITH_UNIT (LENGTH_MEASURE( 1.000000000000000082E-05 ), #4003, 'distance_accuracy_value', 'NONE');
#8456 =( NAMED_UNIT ( * ) SI_UNIT ( $, .STERADIAN. ) SOLID_ANGLE_UNIT ( ) );
#8457 = FACE_OUTER_BOUND ( 'NONE', #6972, .T. ) ;
#8458 = VERTEX_POINT ( 'NONE', #1772 ) ;
#8459 = FILL_AREA_STYLE_COLOUR ( '', #2196 ) ;
#8460 = VECTOR ( 'NONE', #4505, 1000.000000000000114 ) ;
#8461 =( GEOMETRIC_REPRESENTATION_CONTEXT ( 3 ) GLOBAL_UNCERTAINTY_ASSIGNED_CONTEXT ( ( #3890 ) ) GLOBAL_UNIT_ASSIGNED_CONTEXT ( ( #773, #3511, #7266 ) ) REPRESENTATION_CONTEXT ( 'NONE', 'WORKASPACE' ) );
#8462 = LINE ( 'NONE', #3829, #219 ) ;
#8463 = CARTESIAN_POINT ( 'NONE',  ( -0.2666666666669999519, -2.806666666667000154, -2.893333333333000024 ) ) ;
#8464 = COLOUR_RGB ( '',0.8588235294117646523, 0.7372549019607843590, 0.4941176470588235503 ) ;
#8465 = VECTOR ( 'NONE', #5532, 1000.000000000000000 ) ;
#8466 = CARTESIAN_POINT ( 'NONE',  ( -0.3200000000000000067, -5.240000000000000213, -3.000000000000000000 ) ) ;
#8467 = ORIENTED_EDGE ( 'NONE', *, *, #4528, .F. ) ;
#8468 =( GEOMETRIC_REPRESENTATION_CONTEXT ( 3 ) GLOBAL_UNCERTAINTY_ASSIGNED_CONTEXT ( ( #7297 ) ) GLOBAL_UNIT_ASSIGNED_CONTEXT ( ( #1229, #5232, #5947 ) ) REPRESENTATION_CONTEXT ( 'NONE', 'WORKASPACE' ) );
#8469 = ORIENTED_EDGE ( 'NONE', *, *, #800, .F. ) ;
#8470 = FILL_AREA_STYLE ('',( #7850 ) ) ;
#8471 = SURFACE_STYLE_USAGE ( .BOTH. , #1196 ) ;
#8472 = EDGE_CURVE ( 'NONE', #7690, #6813, #1719, .T. ) ;
#8473 = FILL_AREA_STYLE_COLOUR ( '', #4960 ) ;
#8474 = VECTOR ( 'NONE', #4685, 1000.000000000000000 ) ;
#8475 = FILL_AREA_STYLE ('',( #7137 ) ) ;
#8476 = LINE ( 'NONE', #2560, #3473 ) ;
#8477 = STYLED_ITEM ( 'NONE', ( #7409 ), #3306 ) ;
#8478 = PRESENTATION_LAYER_ASSIGNMENT (  '', '', ( #3685 ) ) ;
#8479 = FACE_OUTER_BOUND ( 'NONE', #5242, .T. ) ;
#8480 = SURFACE_STYLE_FILL_AREA ( #3209 ) ;
#8481 = VERTEX_POINT ( 'NONE', #4385 ) ;
#8482 = STYLED_ITEM ( 'NONE', ( #39 ), #993 ) ;
#8483 = DIRECTION ( 'NONE',  ( 0.000000000000000000, 0.000000000000000000, 1.000000000000000000 ) ) ;
#8484 = ADVANCED_FACE ( 'NONE', ( #8191 ), #3803, .F. ) ;
#8485 = CARTESIAN_POINT ( 'NONE',  ( 0.3200000000000000067, -4.760000000000000675, 0.000000000000000000 ) ) ;
#8486 = VECTOR ( 'NONE', #2776, 1000.000000000000000 ) ;
#8487 = FILL_AREA_STYLE_COLOUR ( '', #764 ) ;
#8488 = PRESENTATION_LAYER_ASSIGNMENT (  '', '', ( #5867 ) ) ;
#8489 = SURFACE_SIDE_STYLE ('',( #3330 ) ) ;
#8490 = CARTESIAN_POINT ( 'NONE',  ( -0.3200000000000000067, -4.839999999999999858, -2.919999999999999929 ) ) ;
#8491 = ORIENTED_EDGE ( 'NONE', *, *, #3347, .T. ) ;
#8492 = VERTEX_POINT ( 'NONE', #5881 ) ;
#8493 = SURFACE_SIDE_STYLE ('',( #3931 ) ) ;
#8494 = DIRECTION ( 'NONE',  ( 0.5773502691896257311, -0.5773502691896257311, -0.5773502691896257311 ) ) ;
#8495 = FACE_OUTER_BOUND ( 'NONE', #5439, .T. ) ;
#8496 = MECHANICAL_DESIGN_GEOMETRIC_PRESENTATION_REPRESENTATION (  '', ( #7521 ), #525 ) ;
#8497 = FACE_OUTER_BOUND ( 'NONE', #1627, .T. ) ;
#8498 =( NAMED_UNIT ( * ) PLANE_ANGLE_UNIT ( ) SI_UNIT ( $, .RADIAN. ) );
#8499 =( NAMED_UNIT ( * ) PLANE_ANGLE_UNIT ( ) SI_UNIT ( $, .RADIAN. ) );
#8500 = ORIENTED_EDGE ( 'NONE', *, *, #416, .T. ) ;
#8501 = CARTESIAN_POINT ( 'NONE',  ( 1.270000000000000018, -13.71600000000000108, 0.000000000000000000 ) ) ;
#8502 = PRESENTATION_LAYER_ASSIGNMENT (  '', '', ( #4094 ) ) ;
#8503 = MECHANICAL_DESIGN_GEOMETRIC_PRESENTATION_REPRESENTATION (  '', ( #791 ), #1341 ) ;
#8504 = EDGE_CURVE ( 'NONE', #5472, #4356, #7109, .T. ) ;
#8505 = CARTESIAN_POINT ( 'NONE',  ( -0.3200000000000000067, -18.10000000000000142, -2.839999999999999858 ) ) ;
#8506 = PLANE ( 'NONE',  #1615 ) ;
#8507 =( GEOMETRIC_REPRESENTATION_CONTEXT ( 3 ) GLOBAL_UNCERTAINTY_ASSIGNED_CONTEXT ( ( #1387 ) ) GLOBAL_UNIT_ASSIGNED_CONTEXT ( ( #2476, #1722, #7659 ) ) REPRESENTATION_CONTEXT ( 'NONE', 'WORKASPACE' ) );
#8508 = EDGE_LOOP ( 'NONE', ( #7049, #2141, #6917, #5557 ) ) ;
#8509 = SURFACE_SIDE_STYLE ('',( #6365 ) ) ;
#8510 = ORIENTED_EDGE ( 'NONE', *, *, #5946, .F. ) ;
#8511 = DIRECTION ( 'NONE',  ( 0.000000000000000000, 1.000000000000000000, 0.000000000000000000 ) ) ;
#8512 = DIRECTION ( 'NONE',  ( 0.7071067811865474617, 0.7071067811865474617, 0.000000000000000000 ) ) ;
#8513 = COLOUR_RGB ( '',0.8588235294117646523, 0.7372549019607843590, 0.4941176470588235503 ) ;
#8514 = FACE_OUTER_BOUND ( 'NONE', #521, .T. ) ;
#8515 = CARTESIAN_POINT ( 'NONE',  ( -0.3200000000000000067, -13.49499999999999922, 2.540000000000000036 ) ) ;
#8516 = ADVANCED_FACE ( 'NONE', ( #2521 ), #1241, .T. ) ;
#8517 = EDGE_CURVE ( 'NONE', #7392, #22, #8403, .T. ) ;
#8518 = DIRECTION ( 'NONE',  ( 0.000000000000000000, 1.000000000000000000, 0.000000000000000000 ) ) ;
#8519 = VECTOR ( 'NONE', #624, 1000.000000000000000 ) ;
#8520 =( NAMED_UNIT ( * ) SI_UNIT ( $, .STERADIAN. ) SOLID_ANGLE_UNIT ( ) );
#8521 = MECHANICAL_DESIGN_GEOMETRIC_PRESENTATION_REPRESENTATION (  '', ( #4946 ), #7265 ) ;
#8522 = ORIENTED_EDGE ( 'NONE', *, *, #1178, .T. ) ;
#8523 =( NAMED_UNIT ( * ) SI_UNIT ( $, .STERADIAN. ) SOLID_ANGLE_UNIT ( ) );
#8524 =( NAMED_UNIT ( * ) PLANE_ANGLE_UNIT ( ) SI_UNIT ( $, .RADIAN. ) );
#8525 = DIRECTION ( 'NONE',  ( -0.7071067811865475727, 0.7071067811865475727, 0.000000000000000000 ) ) ;
#8526 = DIRECTION ( 'NONE',  ( 0.000000000000000000, 1.000000000000000000, 0.000000000000000000 ) ) ;
#8527 = UNCERTAINTY_MEASURE_WITH_UNIT (LENGTH_MEASURE( 1.000000000000000082E-05 ), #123, 'distance_accuracy_value', 'NONE');
#8528 = LINE ( 'NONE', #4649, #4674 ) ;
#8529 = NEXT_ASSEMBLY_USAGE_OCCURRENCE ( 'NAUO1', ' ', ' ', #793, #7420, $ ) ;
#8530 = NEXT_ASSEMBLY_USAGE_OCCURRENCE ( 'NAUO2', ' ', ' ', #793, #7420, $ ) ;
#8531 = NEXT_ASSEMBLY_USAGE_OCCURRENCE ( 'NAUO3', ' ', ' ', #793, #7420, $ ) ;
#8532 = NEXT_ASSEMBLY_USAGE_OCCURRENCE ( 'NAUO4', ' ', ' ', #793, #7420, $ ) ;
ENDSEC;
END-ISO-10303-21;
