ISO-10303-21;
HEADER;
FILE_DESCRIPTION(('Open CASCADE Model'),'2;1');
FILE_NAME('Open CASCADE Shape Model','2026-09-03T01:25:01',('Author'),(
    'Open CASCADE'),'Open CASCADE STEP processor 7.9','build123d',
  'Unknown');
FILE_SCHEMA(('AUTOMOTIVE_DESIGN { 1 0 10303 214 1 1 1 1 }'));
ENDSEC;
DATA;
#1 = APPLICATION_PROTOCOL_DEFINITION('international standard',
  'automotive_design',2000,#2);
#2 = APPLICATION_CONTEXT(
  'core data for automotive mechanical design processes');
#3 = SHAPE_DEFINITION_REPRESENTATION(#4,#10);
#4 = PRODUCT_DEFINITION_SHAPE('','',#5);
#5 = PRODUCT_DEFINITION('design','',#6,#9);
#6 = PRODUCT_DEFINITION_FORMATION('','',#7);
#7 = PRODUCT('SOLID','SOLID','',(#8));
#8 = PRODUCT_CONTEXT('',#2,'mechanical');
#9 = PRODUCT_DEFINITION_CONTEXT('part definition',#2,'design');
#10 = ADVANCED_BREP_SHAPE_REPRESENTATION('',(#11,#15),#6311);
#11 = AXIS2_PLACEMENT_3D('',#12,#13,#14);
#12 = CARTESIAN_POINT('',(0.,0.,0.));
#13 = DIRECTION('',(0.,0.,1.));
#14 = DIRECTION('',(1.,0.,-0.));
#15 = MANIFOLD_SOLID_BREP('',#16);
#16 = CLOSED_SHELL('',(#17,#3287,#3313,#3339,#3346,#3372,#3398,#3405,
    #3431,#3457,#3464,#3490,#3516,#3523,#3549,#3575,#3582,#3608,#3634,
    #3641,#3671,#3697,#3704,#3734,#3760,#3767,#3797,#3823,#3830,#3860,
    #3886,#3893,#3923,#3949,#3956,#3986,#4012,#4019,#4049,#4075,#4082,
    #4112,#4138,#4145,#4175,#4201,#4208,#4238,#4264,#4271,#4301,#4327,
    #4334,#4360,#4386,#4393,#4419,#4445,#4452,#4478,#4504,#4511,#4537,
    #4563,#4570,#4596,#4622,#4629,#4682,#4686,#4713,#4739,#4765,#5271,
    #6018,#6126,#6130,#6165,#6220,#6250,#6280,#6286));
#17 = ADVANCED_FACE('',(#18,#933,#1040,#1147,#1254,#1361,#1468,#1575,
    #1682,#1789,#1896,#2003,#2110,#2217,#2324,#2431,#2538,#2645,#2752,
    #2859,#2966,#3073,#3180),#31,.T.);
#18 = FACE_BOUND('',#19,.T.);
#19 = EDGE_LOOP('',(#20,#54,#77,#106,#132,#161,#184,#211,#212,#236,#257,
    #429,#455,#484,#505,#534,#555,#722,#889,#910,#932));
#20 = ORIENTED_EDGE('',*,*,#21,.T.);
#21 = EDGE_CURVE('',#22,#22,#24,.T.);
#22 = VERTEX_POINT('',#23);
#23 = CARTESIAN_POINT('',(10.,0.,16.2));
#24 = SURFACE_CURVE('',#25,(#30,#42),.PCURVE_S1.);
#25 = CIRCLE('',#26,10.);
#26 = AXIS2_PLACEMENT_3D('',#27,#28,#29);
#27 = CARTESIAN_POINT('',(0.,0.,16.2));
#28 = DIRECTION('',(0.,0.,1.));
#29 = DIRECTION('',(1.,0.,-0.));
#30 = PCURVE('',#31,#36);
#31 = CYLINDRICAL_SURFACE('',#32,10.);
#32 = AXIS2_PLACEMENT_3D('',#33,#34,#35);
#33 = CARTESIAN_POINT('',(0.,0.,15.2));
#34 = DIRECTION('',(0.,0.,1.));
#35 = DIRECTION('',(1.,0.,-0.));
#36 = DEFINITIONAL_REPRESENTATION('',(#37),#41);
#37 = LINE('',#38,#39);
#38 = CARTESIAN_POINT('',(0.,1.));
#39 = VECTOR('',#40,1.);
#40 = DIRECTION('',(1.,0.));
#41 = ( GEOMETRIC_REPRESENTATION_CONTEXT(2) 
PARAMETRIC_REPRESENTATION_CONTEXT() REPRESENTATION_CONTEXT('2D SPACE',''
  ) );
#42 = PCURVE('',#43,#48);
#43 = CONICAL_SURFACE('',#44,10.,0.785398163397);
#44 = AXIS2_PLACEMENT_3D('',#45,#46,#47);
#45 = CARTESIAN_POINT('',(0.,0.,16.2));
#46 = DIRECTION('',(0.,0.,1.));
#47 = DIRECTION('',(1.,0.,-0.));
#48 = DEFINITIONAL_REPRESENTATION('',(#49),#53);
#49 = LINE('',#50,#51);
#50 = CARTESIAN_POINT('',(0.,-0.));
#51 = VECTOR('',#52,1.);
#52 = DIRECTION('',(1.,-0.));
#53 = ( GEOMETRIC_REPRESENTATION_CONTEXT(2) 
PARAMETRIC_REPRESENTATION_CONTEXT() REPRESENTATION_CONTEXT('2D SPACE',''
  ) );
#54 = ORIENTED_EDGE('',*,*,#55,.T.);
#55 = EDGE_CURVE('',#22,#56,#58,.T.);
#56 = VERTEX_POINT('',#57);
#57 = CARTESIAN_POINT('',(10.,-2.449293598295E-15,17.7));
#58 = SEAM_CURVE('',#59,(#63,#70),.PCURVE_S1.);
#59 = LINE('',#60,#61);
#60 = CARTESIAN_POINT('',(10.,-2.449293598295E-15,15.2));
#61 = VECTOR('',#62,1.);
#62 = DIRECTION('',(0.,0.,1.));
#63 = PCURVE('',#31,#64);
#64 = DEFINITIONAL_REPRESENTATION('',(#65),#69);
#65 = LINE('',#66,#67);
#66 = CARTESIAN_POINT('',(0.,-0.));
#67 = VECTOR('',#68,1.);
#68 = DIRECTION('',(0.,1.));
#69 = ( GEOMETRIC_REPRESENTATION_CONTEXT(2) 
PARAMETRIC_REPRESENTATION_CONTEXT() REPRESENTATION_CONTEXT('2D SPACE',''
  ) );
#70 = PCURVE('',#31,#71);
#71 = DEFINITIONAL_REPRESENTATION('',(#72),#76);
#72 = LINE('',#73,#74);
#73 = CARTESIAN_POINT('',(6.28318530718,-0.));
#74 = VECTOR('',#75,1.);
#75 = DIRECTION('',(0.,1.));
#76 = ( GEOMETRIC_REPRESENTATION_CONTEXT(2) 
PARAMETRIC_REPRESENTATION_CONTEXT() REPRESENTATION_CONTEXT('2D SPACE',''
  ) );
#77 = ORIENTED_EDGE('',*,*,#78,.F.);
#78 = EDGE_CURVE('',#79,#56,#81,.T.);
#79 = VERTEX_POINT('',#80);
#80 = CARTESIAN_POINT('',(9.95,-0.998749217772,17.7));
#81 = SURFACE_CURVE('',#82,(#87,#94),.PCURVE_S1.);
#82 = CIRCLE('',#83,10.);
#83 = AXIS2_PLACEMENT_3D('',#84,#85,#86);
#84 = CARTESIAN_POINT('',(0.,0.,17.7));
#85 = DIRECTION('',(0.,0.,1.));
#86 = DIRECTION('',(1.,0.,-0.));
#87 = PCURVE('',#31,#88);
#88 = DEFINITIONAL_REPRESENTATION('',(#89),#93);
#89 = LINE('',#90,#91);
#90 = CARTESIAN_POINT('',(0.,2.5));
#91 = VECTOR('',#92,1.);
#92 = DIRECTION('',(1.,0.));
#93 = ( GEOMETRIC_REPRESENTATION_CONTEXT(2) 
PARAMETRIC_REPRESENTATION_CONTEXT() REPRESENTATION_CONTEXT('2D SPACE',''
  ) );
#94 = PCURVE('',#95,#100);
#95 = PLANE('',#96);
#96 = AXIS2_PLACEMENT_3D('',#97,#98,#99);
#97 = CARTESIAN_POINT('',(10.,0.,17.7));
#98 = DIRECTION('',(0.,0.,1.));
#99 = DIRECTION('',(1.,0.,-0.));
#100 = DEFINITIONAL_REPRESENTATION('',(#101),#105);
#101 = CIRCLE('',#102,10.);
#102 = AXIS2_PLACEMENT_2D('',#103,#104);
#103 = CARTESIAN_POINT('',(-10.,0.));
#104 = DIRECTION('',(1.,0.));
#105 = ( GEOMETRIC_REPRESENTATION_CONTEXT(2) 
PARAMETRIC_REPRESENTATION_CONTEXT() REPRESENTATION_CONTEXT('2D SPACE',''
  ) );
#106 = ORIENTED_EDGE('',*,*,#107,.T.);
#107 = EDGE_CURVE('',#79,#108,#110,.T.);
#108 = VERTEX_POINT('',#109);
#109 = CARTESIAN_POINT('',(9.95,-0.998749217772,33.8));
#110 = SURFACE_CURVE('',#111,(#115,#121),.PCURVE_S1.);
#111 = LINE('',#112,#113);
#112 = CARTESIAN_POINT('',(9.95,-0.998749217772,15.2));
#113 = VECTOR('',#114,1.);
#114 = DIRECTION('',(0.,0.,1.));
#115 = PCURVE('',#31,#116);
#116 = DEFINITIONAL_REPRESENTATION('',(#117),#120);
#117 = B_SPLINE_CURVE_WITH_KNOTS('',1,(#118,#119),.UNSPECIFIED.,.F.,.F.,
  (2,2),(2.4999994,18.6000006),.PIECEWISE_BEZIER_KNOTS.);
#118 = CARTESIAN_POINT('',(6.183143593568,2.4999994));
#119 = CARTESIAN_POINT('',(6.183143593568,18.6000006));
#120 = ( GEOMETRIC_REPRESENTATION_CONTEXT(2) 
PARAMETRIC_REPRESENTATION_CONTEXT() REPRESENTATION_CONTEXT('2D SPACE',''
  ) );
#121 = PCURVE('',#122,#127);
#122 = CYLINDRICAL_SURFACE('',#123,1.);
#123 = AXIS2_PLACEMENT_3D('',#124,#125,#126);
#124 = CARTESIAN_POINT('',(10.,0.,17.7));
#125 = DIRECTION('',(0.,0.,1.));
#126 = DIRECTION('',(1.,0.,-0.));
#127 = DEFINITIONAL_REPRESENTATION('',(#128),#131);
#128 = B_SPLINE_CURVE_WITH_KNOTS('',1,(#129,#130),.UNSPECIFIED.,.F.,.F.,
  (2,2),(2.4999994,18.6000006),.PIECEWISE_BEZIER_KNOTS.);
#129 = CARTESIAN_POINT('',(4.662368123579,-5.999999999062E-07));
#130 = CARTESIAN_POINT('',(4.662368123579,16.1000006));
#131 = ( GEOMETRIC_REPRESENTATION_CONTEXT(2) 
PARAMETRIC_REPRESENTATION_CONTEXT() REPRESENTATION_CONTEXT('2D SPACE',''
  ) );
#132 = ORIENTED_EDGE('',*,*,#133,.T.);
#133 = EDGE_CURVE('',#108,#134,#136,.T.);
#134 = VERTEX_POINT('',#135);
#135 = CARTESIAN_POINT('',(10.,-2.449293598295E-15,33.8));
#136 = SURFACE_CURVE('',#137,(#142,#149),.PCURVE_S1.);
#137 = CIRCLE('',#138,10.);
#138 = AXIS2_PLACEMENT_3D('',#139,#140,#141);
#139 = CARTESIAN_POINT('',(0.,0.,33.8));
#140 = DIRECTION('',(0.,0.,1.));
#141 = DIRECTION('',(1.,0.,-0.));
#142 = PCURVE('',#31,#143);
#143 = DEFINITIONAL_REPRESENTATION('',(#144),#148);
#144 = LINE('',#145,#146);
#145 = CARTESIAN_POINT('',(0.,18.6));
#146 = VECTOR('',#147,1.);
#147 = DIRECTION('',(1.,0.));
#148 = ( GEOMETRIC_REPRESENTATION_CONTEXT(2) 
PARAMETRIC_REPRESENTATION_CONTEXT() REPRESENTATION_CONTEXT('2D SPACE',''
  ) );
#149 = PCURVE('',#150,#155);
#150 = PLANE('',#151);
#151 = AXIS2_PLACEMENT_3D('',#152,#153,#154);
#152 = CARTESIAN_POINT('',(10.,0.,33.8));
#153 = DIRECTION('',(0.,0.,1.));
#154 = DIRECTION('',(1.,0.,-0.));
#155 = DEFINITIONAL_REPRESENTATION('',(#156),#160);
#156 = CIRCLE('',#157,10.);
#157 = AXIS2_PLACEMENT_2D('',#158,#159);
#158 = CARTESIAN_POINT('',(-10.,0.));
#159 = DIRECTION('',(1.,0.));
#160 = ( GEOMETRIC_REPRESENTATION_CONTEXT(2) 
PARAMETRIC_REPRESENTATION_CONTEXT() REPRESENTATION_CONTEXT('2D SPACE',''
  ) );
#161 = ORIENTED_EDGE('',*,*,#162,.T.);
#162 = EDGE_CURVE('',#134,#163,#165,.T.);
#163 = VERTEX_POINT('',#164);
#164 = CARTESIAN_POINT('',(10.,0.,34.5));
#165 = SEAM_CURVE('',#166,(#170,#177),.PCURVE_S1.);
#166 = LINE('',#167,#168);
#167 = CARTESIAN_POINT('',(10.,-2.449293598295E-15,15.2));
#168 = VECTOR('',#169,1.);
#169 = DIRECTION('',(0.,0.,1.));
#170 = PCURVE('',#31,#171);
#171 = DEFINITIONAL_REPRESENTATION('',(#172),#176);
#172 = LINE('',#173,#174);
#173 = CARTESIAN_POINT('',(0.,-0.));
#174 = VECTOR('',#175,1.);
#175 = DIRECTION('',(0.,1.));
#176 = ( GEOMETRIC_REPRESENTATION_CONTEXT(2) 
PARAMETRIC_REPRESENTATION_CONTEXT() REPRESENTATION_CONTEXT('2D SPACE',''
  ) );
#177 = PCURVE('',#31,#178);
#178 = DEFINITIONAL_REPRESENTATION('',(#179),#183);
#179 = LINE('',#180,#181);
#180 = CARTESIAN_POINT('',(6.28318530718,-0.));
#181 = VECTOR('',#182,1.);
#182 = DIRECTION('',(0.,1.));
#183 = ( GEOMETRIC_REPRESENTATION_CONTEXT(2) 
PARAMETRIC_REPRESENTATION_CONTEXT() REPRESENTATION_CONTEXT('2D SPACE',''
  ) );
#184 = ORIENTED_EDGE('',*,*,#185,.F.);
#185 = EDGE_CURVE('',#163,#163,#186,.T.);
#186 = SURFACE_CURVE('',#187,(#192,#199),.PCURVE_S1.);
#187 = CIRCLE('',#188,10.);
#188 = AXIS2_PLACEMENT_3D('',#189,#190,#191);
#189 = CARTESIAN_POINT('',(0.,0.,34.5));
#190 = DIRECTION('',(0.,0.,1.));
#191 = DIRECTION('',(1.,0.,-0.));
#192 = PCURVE('',#31,#193);
#193 = DEFINITIONAL_REPRESENTATION('',(#194),#198);
#194 = LINE('',#195,#196);
#195 = CARTESIAN_POINT('',(0.,19.3));
#196 = VECTOR('',#197,1.);
#197 = DIRECTION('',(1.,0.));
#198 = ( GEOMETRIC_REPRESENTATION_CONTEXT(2) 
PARAMETRIC_REPRESENTATION_CONTEXT() REPRESENTATION_CONTEXT('2D SPACE',''
  ) );
#199 = PCURVE('',#200,#205);
#200 = CONICAL_SURFACE('',#201,10.,0.785398163397);
#201 = AXIS2_PLACEMENT_3D('',#202,#203,#204);
#202 = CARTESIAN_POINT('',(0.,0.,34.5));
#203 = DIRECTION('',(-0.,-0.,-1.));
#204 = DIRECTION('',(1.,0.,0.));
#205 = DEFINITIONAL_REPRESENTATION('',(#206),#210);
#206 = LINE('',#207,#208);
#207 = CARTESIAN_POINT('',(-0.,-0.));
#208 = VECTOR('',#209,1.);
#209 = DIRECTION('',(-1.,-0.));
#210 = ( GEOMETRIC_REPRESENTATION_CONTEXT(2) 
PARAMETRIC_REPRESENTATION_CONTEXT() REPRESENTATION_CONTEXT('2D SPACE',''
  ) );
#211 = ORIENTED_EDGE('',*,*,#162,.F.);
#212 = ORIENTED_EDGE('',*,*,#213,.T.);
#213 = EDGE_CURVE('',#134,#214,#216,.T.);
#214 = VERTEX_POINT('',#215);
#215 = CARTESIAN_POINT('',(9.95,0.998749217772,33.8));
#216 = SURFACE_CURVE('',#217,(#222,#229),.PCURVE_S1.);
#217 = CIRCLE('',#218,10.);
#218 = AXIS2_PLACEMENT_3D('',#219,#220,#221);
#219 = CARTESIAN_POINT('',(0.,0.,33.8));
#220 = DIRECTION('',(0.,0.,1.));
#221 = DIRECTION('',(1.,0.,-0.));
#222 = PCURVE('',#31,#223);
#223 = DEFINITIONAL_REPRESENTATION('',(#224),#228);
#224 = LINE('',#225,#226);
#225 = CARTESIAN_POINT('',(0.,18.6));
#226 = VECTOR('',#227,1.);
#227 = DIRECTION('',(1.,0.));
#228 = ( GEOMETRIC_REPRESENTATION_CONTEXT(2) 
PARAMETRIC_REPRESENTATION_CONTEXT() REPRESENTATION_CONTEXT('2D SPACE',''
  ) );
#229 = PCURVE('',#150,#230);
#230 = DEFINITIONAL_REPRESENTATION('',(#231),#235);
#231 = CIRCLE('',#232,10.);
#232 = AXIS2_PLACEMENT_2D('',#233,#234);
#233 = CARTESIAN_POINT('',(-10.,0.));
#234 = DIRECTION('',(1.,0.));
#235 = ( GEOMETRIC_REPRESENTATION_CONTEXT(2) 
PARAMETRIC_REPRESENTATION_CONTEXT() REPRESENTATION_CONTEXT('2D SPACE',''
  ) );
#236 = ORIENTED_EDGE('',*,*,#237,.F.);
#237 = EDGE_CURVE('',#238,#214,#240,.T.);
#238 = VERTEX_POINT('',#239);
#239 = CARTESIAN_POINT('',(9.950000001287,0.998749208659,32.111325190511
    ));
#240 = SURFACE_CURVE('',#241,(#245,#251),.PCURVE_S1.);
#241 = LINE('',#242,#243);
#242 = CARTESIAN_POINT('',(9.95,0.998749217772,15.2));
#243 = VECTOR('',#244,1.);
#244 = DIRECTION('',(0.,0.,1.));
#245 = PCURVE('',#31,#246);
#246 = DEFINITIONAL_REPRESENTATION('',(#247),#250);
#247 = B_SPLINE_CURVE_WITH_KNOTS('',1,(#248,#249),.UNSPECIFIED.,.F.,.F.,
  (2,2),(2.4999994,18.6000006),.PIECEWISE_BEZIER_KNOTS.);
#248 = CARTESIAN_POINT('',(0.100041713612,2.4999994));
#249 = CARTESIAN_POINT('',(0.100041713612,18.6000006));
#250 = ( GEOMETRIC_REPRESENTATION_CONTEXT(2) 
PARAMETRIC_REPRESENTATION_CONTEXT() REPRESENTATION_CONTEXT('2D SPACE',''
  ) );
#251 = PCURVE('',#122,#252);
#252 = DEFINITIONAL_REPRESENTATION('',(#253),#256);
#253 = B_SPLINE_CURVE_WITH_KNOTS('',1,(#254,#255),.UNSPECIFIED.,.F.,.F.,
  (2,2),(2.4999994,18.6000006),.PIECEWISE_BEZIER_KNOTS.);
#254 = CARTESIAN_POINT('',(1.620817183601,-5.999999999062E-07));
#255 = CARTESIAN_POINT('',(1.620817183601,16.1000006));
#256 = ( GEOMETRIC_REPRESENTATION_CONTEXT(2) 
PARAMETRIC_REPRESENTATION_CONTEXT() REPRESENTATION_CONTEXT('2D SPACE',''
  ) );
#257 = ORIENTED_EDGE('',*,*,#258,.F.);
#258 = EDGE_CURVE('',#259,#238,#261,.T.);
#259 = VERTEX_POINT('',#260);
#260 = CARTESIAN_POINT('',(9.869457273561,1.610531859333,32.11132517799)
  );
#261 = SURFACE_CURVE('',#262,(#314,#369),.PCURVE_S1.);
#262 = B_SPLINE_CURVE_WITH_KNOTS('',8,(#263,#264,#265,#266,#267,#268,
    #269,#270,#271,#272,#273,#274,#275,#276,#277,#278,#279,#280,#281,
    #282,#283,#284,#285,#286,#287,#288,#289,#290,#291,#292,#293,#294,
    #295,#296,#297,#298,#299,#300,#301,#302,#303,#304,#305,#306,#307,
    #308,#309,#310,#311,#312,#313),.UNSPECIFIED.,.T.,.F.,(9,7,7,7,7,7,7,
    9),(0.,0.130416052228,0.250340432672,0.400556440314,0.535623795981,
    0.749997641331,0.869778260762,1.),.UNSPECIFIED.);
#263 = CARTESIAN_POINT('',(9.914448613738,1.305261922201,29.65));
#264 = CARTESIAN_POINT('',(9.895133390077,1.451975611761,29.65));
#265 = CARTESIAN_POINT('',(9.873685542505,1.595714239442,29.670020886089
    ));
#266 = CARTESIAN_POINT('',(9.850670037898,1.73340145882,29.708798477546)
  );
#267 = CARTESIAN_POINT('',(9.826892214664,1.862330434777,29.76452701192)
  );
#268 = CARTESIAN_POINT('',(9.803320627741,1.980239704241,29.83488203684)
  );
#269 = CARTESIAN_POINT('',(9.780930479725,2.085406815964,29.917044078203
    ));
#270 = CARTESIAN_POINT('',(9.760531107606,2.176770920807,30.007727630226
    ));
#271 = CARTESIAN_POINT('',(9.72619010002,2.32519946373,30.191030252608)
  );
#272 = CARTESIAN_POINT('',(9.711587472801,2.385614269057,30.284367025437
    ));
#273 = CARTESIAN_POINT('',(9.699109724828,2.435547272886,30.381919591144
    ));
#274 = CARTESIAN_POINT('',(9.688956436476,2.47521651676,30.482613268161)
  );
#275 = CARTESIAN_POINT('',(9.681261750945,2.504815798321,30.585537153137
    ));
#276 = CARTESIAN_POINT('',(9.676106703506,2.52449249835,30.689891594881)
  );
#277 = CARTESIAN_POINT('',(9.67352929158,2.534330492447,30.79494630655)
  );
#278 = CARTESIAN_POINT('',(9.67352929158,2.534330492447,31.031589142753)
  );
#279 = CARTESIAN_POINT('',(9.677573076839,2.518895097316,31.163224173281
    ));
#280 = CARTESIAN_POINT('',(9.685666522643,2.488003571751,31.293533459331
    ));
#281 = CARTESIAN_POINT('',(9.69772044503,2.441429438212,31.421041788537)
  );
#282 = CARTESIAN_POINT('',(9.713532294234,2.378822390841,31.544054559491
    ));
#283 = CARTESIAN_POINT('',(9.73274392407,2.299772059836,31.660544430582)
  );
#284 = CARTESIAN_POINT('',(9.75479936077,2.203906148741,31.767993182898)
  );
#285 = CARTESIAN_POINT('',(9.800620508974,1.989623284607,31.948694611435
    ));
#286 = CARTESIAN_POINT('',(9.82449020744,1.872111159919,32.026280066616)
  );
#287 = CARTESIAN_POINT('',(9.84949192783,1.740229986139,32.090263571859)
  );
#288 = CARTESIAN_POINT('',(9.874257662469,1.597015837672,32.136449652236
    ));
#289 = CARTESIAN_POINT('',(9.89744687334,1.44645713146,32.162092076515)
  );
#290 = CARTESIAN_POINT('',(9.91807657066,1.293102051605,32.165919124533)
  );
#291 = CARTESIAN_POINT('',(9.935691052395,1.14163967164,32.148181289147)
  );
#292 = CARTESIAN_POINT('',(9.973312663411,0.765954016693,32.051286004458
    ));
#293 = CARTESIAN_POINT('',(9.987540706021,0.562334573236,31.945047509709
    ));
#294 = CARTESIAN_POINT('',(9.994897226123,0.39149528134,31.805499583473)
  );
#295 = CARTESIAN_POINT('',(9.998143123055,0.255377312989,31.642588912614
    ));
#296 = CARTESIAN_POINT('',(9.999292361642,0.154497035714,31.464465823127
    ));
#297 = CARTESIAN_POINT('',(9.99966369586,8.829246123721E-02,
    31.277766686748));
#298 = CARTESIAN_POINT('',(9.99984477213,5.5718339012E-02,
    31.088013948051));
#299 = CARTESIAN_POINT('',(9.99984477213,5.5718339012E-02,
    30.794947878915));
#300 = CARTESIAN_POINT('',(9.999788238677,6.588770222363E-02,
    30.689894169593));
#301 = CARTESIAN_POINT('',(9.999674576123,8.62283168204E-02,
    30.585538776163));
#302 = CARTESIAN_POINT('',(9.999446432569,0.116810287155,30.482614110727
    ));
#303 = CARTESIAN_POINT('',(9.998986820757,0.157755968322,30.381919295536
    ));
#304 = CARTESIAN_POINT('',(9.998115420466,0.209218453622,30.284364934483
    ));
#305 = CARTESIAN_POINT('',(9.996584062412,0.27135451495,30.191028453921)
  );
#306 = CARTESIAN_POINT('',(9.991339698848,0.423587341954,30.007757424834
    ));
#307 = CARTESIAN_POINT('',(9.98739776044,0.517115027277,29.91706380027)
  );
#308 = CARTESIAN_POINT('',(9.981805443161,0.62451232787,29.834878556866)
  );
#309 = CARTESIAN_POINT('',(9.974054922383,0.744536779945,29.764505352975
    ));
#310 = CARTESIAN_POINT('',(9.963649911551,0.875258700899,29.708772858863
    ));
#311 = CARTESIAN_POINT('',(9.950241692651,1.01422715238,29.670005626817)
  );
#312 = CARTESIAN_POINT('',(9.93375647577,1.158604149766,29.65));
#313 = CARTESIAN_POINT('',(9.914448613738,1.305261922201,29.65));
#314 = PCURVE('',#31,#315);
#315 = DEFINITIONAL_REPRESENTATION('',(#316),#368);
#316 = B_SPLINE_CURVE_WITH_KNOTS('',8,(#317,#318,#319,#320,#321,#322,
    #323,#324,#325,#326,#327,#328,#329,#330,#331,#332,#333,#334,#335,
    #336,#337,#338,#339,#340,#341,#342,#343,#344,#345,#346,#347,#348,
    #349,#350,#351,#352,#353,#354,#355,#356,#357,#358,#359,#360,#361,
    #362,#363,#364,#365,#366,#367),.UNSPECIFIED.,.T.,.F.,(9,7,7,7,7,7,7,
    9),(0.,0.130416052228,0.250340432672,0.400556440314,0.535623795981,
    0.749997641331,0.869778260762,1.),.UNSPECIFIED.);
#317 = CARTESIAN_POINT('',(0.1308996939,14.45));
#318 = CARTESIAN_POINT('',(0.14569766152,14.45));
#319 = CARTESIAN_POINT('',(0.160228512954,14.470020886089));
#320 = CARTESIAN_POINT('',(0.174184755823,14.508798477545));
#321 = CARTESIAN_POINT('',(0.187291848522,14.56452701192));
#322 = CARTESIAN_POINT('',(0.199314036318,14.63488203684));
#323 = CARTESIAN_POINT('',(0.210065577111,14.717044078203));
#324 = CARTESIAN_POINT('',(0.21942666785,14.807727630226));
#325 = CARTESIAN_POINT('',(0.234661607021,14.991030252608));
#326 = CARTESIAN_POINT('',(0.240876761743,15.084367025437));
#327 = CARTESIAN_POINT('',(0.246023407941,15.181919591144));
#328 = CARTESIAN_POINT('',(0.250118142786,15.282613268161));
#329 = CARTESIAN_POINT('',(0.253176446319,15.385537153137));
#330 = CARTESIAN_POINT('',(0.255210523704,15.489891594881));
#331 = CARTESIAN_POINT('',(0.256227525068,15.59494630655));
#332 = CARTESIAN_POINT('',(0.256227525068,15.831589142753));
#333 = CARTESIAN_POINT('',(0.254631893404,15.963224173281));
#334 = CARTESIAN_POINT('',(0.251438482791,16.09353345933));
#335 = CARTESIAN_POINT('',(0.246627627987,16.221041788537));
#336 = CARTESIAN_POINT('',(0.240170590783,16.344054559491));
#337 = CARTESIAN_POINT('',(0.232036238551,16.460544430582));
#338 = CARTESIAN_POINT('',(0.222200387464,16.567993182898));
#339 = CARTESIAN_POINT('',(0.2002876689,16.748694611435));
#340 = CARTESIAN_POINT('',(0.18829713344,16.826280066616));
#341 = CARTESIAN_POINT('',(0.174875967616,16.890263571859));
#342 = CARTESIAN_POINT('',(0.160346147665,16.936449652236));
#343 = CARTESIAN_POINT('',(0.145118015404,16.962092076515));
#344 = CARTESIAN_POINT('',(0.129648622652,16.965919124533));
#345 = CARTESIAN_POINT('',(0.114402224669,16.948181289147));
#346 = CARTESIAN_POINT('',(7.66457554284E-02,16.851286004458));
#347 = CARTESIAN_POINT('',(5.624338916498E-02,16.74504750971));
#348 = CARTESIAN_POINT('',(3.9152152202E-02,16.605499583472));
#349 = CARTESIAN_POINT('',(2.553820590277E-02,16.442588912614));
#350 = CARTESIAN_POINT('',(1.544996340059E-02,16.264465823127));
#351 = CARTESIAN_POINT('',(8.829309210523E-03,16.077766686748));
#352 = CARTESIAN_POINT('',(5.571862731509E-03,15.888013948051));
#353 = CARTESIAN_POINT('',(5.571862731509E-03,15.594947878915));
#354 = CARTESIAN_POINT('',(6.588816037934E-03,15.489894169594));
#355 = CARTESIAN_POINT('',(8.622906027952E-03,15.385538776163));
#356 = CARTESIAN_POINT('',(1.168118435097E-02,15.282614110727));
#357 = CARTESIAN_POINT('',(1.577594806695E-02,15.181919295536));
#358 = CARTESIAN_POINT('',(2.092273399517E-02,15.084364934483));
#359 = CARTESIAN_POINT('',(2.713793027331E-02,14.991028453921));
#360 = CARTESIAN_POINT('',(4.237024361272E-02,14.807757424834));
#361 = CARTESIAN_POINT('',(5.173103154068E-02,14.71706380027));
#362 = CARTESIAN_POINT('',(6.248443965523E-02,14.634878556866));
#363 = CARTESIAN_POINT('',(7.450983618128E-02,14.564505352975));
#364 = CARTESIAN_POINT('',(8.762013561562E-02,14.508772858863));
#365 = CARTESIAN_POINT('',(0.101577999255,14.470005626817));
#366 = CARTESIAN_POINT('',(0.116107366242,14.45));
#367 = CARTESIAN_POINT('',(0.1308996939,14.45));
#368 = ( GEOMETRIC_REPRESENTATION_CONTEXT(2) 
PARAMETRIC_REPRESENTATION_CONTEXT() REPRESENTATION_CONTEXT('2D SPACE',''
  ) );
#369 = PCURVE('',#370,#375);
#370 = CYLINDRICAL_SURFACE('',#371,1.25);
#371 = AXIS2_PLACEMENT_3D('',#372,#373,#374);
#372 = CARTESIAN_POINT('',(1.982889722748,0.26105238444,30.9));
#373 = DIRECTION('',(0.991444861374,0.13052619222,0.));
#374 = DIRECTION('',(0.,0.,-1.));
#375 = DEFINITIONAL_REPRESENTATION('',(#376),#428);
#376 = B_SPLINE_CURVE_WITH_KNOTS('',8,(#377,#378,#379,#380,#381,#382,
    #383,#384,#385,#386,#387,#388,#389,#390,#391,#392,#393,#394,#395,
    #396,#397,#398,#399,#400,#401,#402,#403,#404,#405,#406,#407,#408,
    #409,#410,#411,#412,#413,#414,#415,#416,#417,#418,#419,#420,#421,
    #422,#423,#424,#425,#426,#427),.UNSPECIFIED.,.F.,.F.,(9,7,7,7,7,7,7,
    9),(0.,0.130416052228,0.250340432672,0.400556440314,0.535623795981,
    0.749997641331,0.869778260762,1.),.UNSPECIFIED.);
#377 = CARTESIAN_POINT('',(0.,8.));
#378 = CARTESIAN_POINT('',(0.118383740963,8.));
#379 = CARTESIAN_POINT('',(0.23463044107,7.997497297483));
#380 = CARTESIAN_POINT('',(0.348769437876,7.992650482171));
#381 = CARTESIAN_POINT('',(0.46071446633,7.98590468981));
#382 = CARTESIAN_POINT('',(0.570260726792,7.977925009051));
#383 = CARTESIAN_POINT('',(0.677051483086,7.969453474496));
#384 = CARTESIAN_POINT('',(0.780499164171,7.961154030544));
#385 = CARTESIAN_POINT('',(0.970816591263,7.946480627563));
#386 = CARTESIAN_POINT('',(1.059866679588,7.939888642337));
#387 = CARTESIAN_POINT('',(1.147229144551,7.934035208083));
#388 = CARTESIAN_POINT('',(1.233268710278,7.929146657871));
#389 = CARTESIAN_POINT('',(1.318321380309,7.925381282956));
#390 = CARTESIAN_POINT('',(1.402709645744,7.922838662394));
#391 = CARTESIAN_POINT('',(1.486753372035,7.921567416492));
#392 = CARTESIAN_POINT('',(1.676067640998,7.921567416492));
#393 = CARTESIAN_POINT('',(1.781375322931,7.923561883256));
#394 = CARTESIAN_POINT('',(1.88740165466,7.927553935305));
#395 = CARTESIAN_POINT('',(1.994745426981,7.933425590408));
#396 = CARTESIAN_POINT('',(2.104019520597,7.940930307551));
#397 = CARTESIAN_POINT('',(2.215871737627,7.949659440531));
#398 = CARTESIAN_POINT('',(2.33102615481,7.959013177573));
#399 = CARTESIAN_POINT('',(2.557815772325,7.976472793189));
#400 = CARTESIAN_POINT('',(2.671116849788,7.984799872901));
#401 = CARTESIAN_POINT('',(2.788236774005,7.992373752668));
#402 = CARTESIAN_POINT('',(2.907846062053,7.998234415542));
#403 = CARTESIAN_POINT('',(3.0289671984,8.001573384872));
#404 = CARTESIAN_POINT('',(3.15077214045,8.002009737641));
#405 = CARTESIAN_POINT('',(3.272441221599,7.999703717322));
#406 = CARTESIAN_POINT('',(3.584139572647,7.987966652228));
#407 = CARTESIAN_POINT('',(3.763145438298,7.975495301345));
#408 = CARTESIAN_POINT('',(3.933536042957,7.960489883144));
#409 = CARTESIAN_POINT('',(4.097154703122,7.945941050877));
#410 = CARTESIAN_POINT('',(4.255639402898,7.933912939106));
#411 = CARTESIAN_POINT('',(4.410173779968,7.925639665494));
#412 = CARTESIAN_POINT('',(4.561977821944,7.921567416492));
#413 = CARTESIAN_POINT('',(4.796430677253,7.921567416492));
#414 = CARTESIAN_POINT('',(4.880474350979,7.922838734948));
#415 = CARTESIAN_POINT('',(4.964861393762,7.925381027764));
#416 = CARTESIAN_POINT('',(5.049915818371,7.929146584148));
#417 = CARTESIAN_POINT('',(5.13595750823,7.934035388229));
#418 = CARTESIAN_POINT('',(5.223319683542,7.939888645137));
#419 = CARTESIAN_POINT('',(5.312370583438,7.946480771548));
#420 = CARTESIAN_POINT('',(5.502655208191,7.961151645481));
#421 = CARTESIAN_POINT('',(5.606107548637,7.969451243535));
#422 = CARTESIAN_POINT('',(5.712920638885,7.977924930006));
#423 = CARTESIAN_POINT('',(5.822494489276,7.985907050711));
#424 = CARTESIAN_POINT('',(5.934462709131,7.99265369077));
#425 = CARTESIAN_POINT('',(6.048611869975,7.997499203853));
#426 = CARTESIAN_POINT('',(6.164846685922,8.));
#427 = CARTESIAN_POINT('',(6.28318530718,8.));
#428 = ( GEOMETRIC_REPRESENTATION_CONTEXT(2) 
PARAMETRIC_REPRESENTATION_CONTEXT() REPRESENTATION_CONTEXT('2D SPACE',''
  ) );
#429 = ORIENTED_EDGE('',*,*,#430,.T.);
#430 = EDGE_CURVE('',#259,#431,#433,.T.);
#431 = VERTEX_POINT('',#432);
#432 = CARTESIAN_POINT('',(9.869457290417,1.610531835338,33.8));
#433 = SURFACE_CURVE('',#434,(#438,#444),.PCURVE_S1.);
#434 = LINE('',#435,#436);
#435 = CARTESIAN_POINT('',(9.869457290417,1.610531835338,15.2));
#436 = VECTOR('',#437,1.);
#437 = DIRECTION('',(0.,0.,1.));
#438 = PCURVE('',#31,#439);
#439 = DEFINITIONAL_REPRESENTATION('',(#440),#443);
#440 = B_SPLINE_CURVE_WITH_KNOTS('',1,(#441,#442),.UNSPECIFIED.,.F.,.F.,
  (2,2),(2.4999994,18.6000006),.PIECEWISE_BEZIER_KNOTS.);
#441 = CARTESIAN_POINT('',(0.161757674188,2.4999994));
#442 = CARTESIAN_POINT('',(0.161757674188,18.6000006));
#443 = ( GEOMETRIC_REPRESENTATION_CONTEXT(2) 
PARAMETRIC_REPRESENTATION_CONTEXT() REPRESENTATION_CONTEXT('2D SPACE',''
  ) );
#444 = PCURVE('',#445,#450);
#445 = CYLINDRICAL_SURFACE('',#446,1.);
#446 = AXIS2_PLACEMENT_3D('',#447,#448,#449);
#447 = CARTESIAN_POINT('',(9.659258262891,2.588190451025,17.7));
#448 = DIRECTION('',(0.,0.,1.));
#449 = DIRECTION('',(1.,0.,-0.));
#450 = DEFINITIONAL_REPRESENTATION('',(#451),#454);
#451 = B_SPLINE_CURVE_WITH_KNOTS('',1,(#452,#453),.UNSPECIFIED.,.F.,.F.,
  (2,2),(2.4999994,18.6000006),.PIECEWISE_BEZIER_KNOTS.);
#452 = CARTESIAN_POINT('',(4.924167511378,-5.999999999062E-07));
#453 = CARTESIAN_POINT('',(4.924167511378,16.1000006));
#454 = ( GEOMETRIC_REPRESENTATION_CONTEXT(2) 
PARAMETRIC_REPRESENTATION_CONTEXT() REPRESENTATION_CONTEXT('2D SPACE',''
  ) );
#455 = ORIENTED_EDGE('',*,*,#456,.T.);
#456 = EDGE_CURVE('',#431,#457,#459,.T.);
#457 = VERTEX_POINT('',#458);
#458 = CARTESIAN_POINT('',(9.352466652736,3.539967162202,33.8));
#459 = SURFACE_CURVE('',#460,(#465,#472),.PCURVE_S1.);
#460 = CIRCLE('',#461,10.);
#461 = AXIS2_PLACEMENT_3D('',#462,#463,#464);
#462 = CARTESIAN_POINT('',(0.,0.,33.8));
#463 = DIRECTION('',(0.,0.,1.));
#464 = DIRECTION('',(1.,0.,-0.));
#465 = PCURVE('',#31,#466);
#466 = DEFINITIONAL_REPRESENTATION('',(#467),#471);
#467 = LINE('',#468,#469);
#468 = CARTESIAN_POINT('',(0.,18.6));
#469 = VECTOR('',#470,1.);
#470 = DIRECTION('',(1.,0.));
#471 = ( GEOMETRIC_REPRESENTATION_CONTEXT(2) 
PARAMETRIC_REPRESENTATION_CONTEXT() REPRESENTATION_CONTEXT('2D SPACE',''
  ) );
#472 = PCURVE('',#473,#478);
#473 = PLANE('',#474);
#474 = AXIS2_PLACEMENT_3D('',#475,#476,#477);
#475 = CARTESIAN_POINT('',(9.659258262891,2.588190451025,33.8));
#476 = DIRECTION('',(0.,0.,1.));
#477 = DIRECTION('',(1.,0.,-0.));
#478 = DEFINITIONAL_REPRESENTATION('',(#479),#483);
#479 = CIRCLE('',#480,10.);
#480 = AXIS2_PLACEMENT_2D('',#481,#482);
#481 = CARTESIAN_POINT('',(-9.659258262891,-2.588190451025));
#482 = DIRECTION('',(1.,0.));
#483 = ( GEOMETRIC_REPRESENTATION_CONTEXT(2) 
PARAMETRIC_REPRESENTATION_CONTEXT() REPRESENTATION_CONTEXT('2D SPACE',''
  ) );
#484 = ORIENTED_EDGE('',*,*,#485,.F.);
#485 = EDGE_CURVE('',#486,#457,#488,.T.);
#486 = VERTEX_POINT('',#487);
#487 = CARTESIAN_POINT('',(9.352466652736,3.539967162202,17.7));
#488 = SURFACE_CURVE('',#489,(#493,#499),.PCURVE_S1.);
#489 = LINE('',#490,#491);
#490 = CARTESIAN_POINT('',(9.352466652736,3.539967162202,15.2));
#491 = VECTOR('',#492,1.);
#492 = DIRECTION('',(0.,0.,1.));
#493 = PCURVE('',#31,#494);
#494 = DEFINITIONAL_REPRESENTATION('',(#495),#498);
#495 = B_SPLINE_CURVE_WITH_KNOTS('',1,(#496,#497),.UNSPECIFIED.,.F.,.F.,
  (2,2),(2.4999994,18.6000006),.PIECEWISE_BEZIER_KNOTS.);
#496 = CARTESIAN_POINT('',(0.361841101411,2.4999994));
#497 = CARTESIAN_POINT('',(0.361841101411,18.6000006));
#498 = ( GEOMETRIC_REPRESENTATION_CONTEXT(2) 
PARAMETRIC_REPRESENTATION_CONTEXT() REPRESENTATION_CONTEXT('2D SPACE',''
  ) );
#499 = PCURVE('',#445,#500);
#500 = DEFINITIONAL_REPRESENTATION('',(#501),#504);
#501 = B_SPLINE_CURVE_WITH_KNOTS('',1,(#502,#503),.UNSPECIFIED.,.F.,.F.,
  (2,2),(2.4999994,18.6000006),.PIECEWISE_BEZIER_KNOTS.);
#502 = CARTESIAN_POINT('',(1.8826165714,-5.999999999062E-07));
#503 = CARTESIAN_POINT('',(1.8826165714,16.1000006));
#504 = ( GEOMETRIC_REPRESENTATION_CONTEXT(2) 
PARAMETRIC_REPRESENTATION_CONTEXT() REPRESENTATION_CONTEXT('2D SPACE',''
  ) );
#505 = ORIENTED_EDGE('',*,*,#506,.F.);
#506 = EDGE_CURVE('',#507,#486,#509,.T.);
#507 = VERTEX_POINT('',#508);
#508 = CARTESIAN_POINT('',(9.869457290417,1.610531835338,17.7));
#509 = SURFACE_CURVE('',#510,(#515,#522),.PCURVE_S1.);
#510 = CIRCLE('',#511,10.);
#511 = AXIS2_PLACEMENT_3D('',#512,#513,#514);
#512 = CARTESIAN_POINT('',(0.,0.,17.7));
#513 = DIRECTION('',(0.,0.,1.));
#514 = DIRECTION('',(1.,0.,-0.));
#515 = PCURVE('',#31,#516);
#516 = DEFINITIONAL_REPRESENTATION('',(#517),#521);
#517 = LINE('',#518,#519);
#518 = CARTESIAN_POINT('',(0.,2.5));
#519 = VECTOR('',#520,1.);
#520 = DIRECTION('',(1.,0.));
#521 = ( GEOMETRIC_REPRESENTATION_CONTEXT(2) 
PARAMETRIC_REPRESENTATION_CONTEXT() REPRESENTATION_CONTEXT('2D SPACE',''
  ) );
#522 = PCURVE('',#523,#528);
#523 = PLANE('',#524);
#524 = AXIS2_PLACEMENT_3D('',#525,#526,#527);
#525 = CARTESIAN_POINT('',(9.659258262891,2.588190451025,17.7));
#526 = DIRECTION('',(0.,0.,1.));
#527 = DIRECTION('',(1.,0.,-0.));
#528 = DEFINITIONAL_REPRESENTATION('',(#529),#533);
#529 = CIRCLE('',#530,10.);
#530 = AXIS2_PLACEMENT_2D('',#531,#532);
#531 = CARTESIAN_POINT('',(-9.659258262891,-2.588190451025));
#532 = DIRECTION('',(1.,0.));
#533 = ( GEOMETRIC_REPRESENTATION_CONTEXT(2) 
PARAMETRIC_REPRESENTATION_CONTEXT() REPRESENTATION_CONTEXT('2D SPACE',''
  ) );
#534 = ORIENTED_EDGE('',*,*,#535,.T.);
#535 = EDGE_CURVE('',#507,#536,#538,.T.);
#536 = VERTEX_POINT('',#537);
#537 = CARTESIAN_POINT('',(9.869457287828,1.610531862151,29.688674828668
    ));
#538 = SURFACE_CURVE('',#539,(#543,#549),.PCURVE_S1.);
#539 = LINE('',#540,#541);
#540 = CARTESIAN_POINT('',(9.869457290417,1.610531835338,15.2));
#541 = VECTOR('',#542,1.);
#542 = DIRECTION('',(0.,0.,1.));
#543 = PCURVE('',#31,#544);
#544 = DEFINITIONAL_REPRESENTATION('',(#545),#548);
#545 = B_SPLINE_CURVE_WITH_KNOTS('',1,(#546,#547),.UNSPECIFIED.,.F.,.F.,
  (2,2),(2.4999994,18.6000006),.PIECEWISE_BEZIER_KNOTS.);
#546 = CARTESIAN_POINT('',(0.161757674188,2.4999994));
#547 = CARTESIAN_POINT('',(0.161757674188,18.6000006));
#548 = ( GEOMETRIC_REPRESENTATION_CONTEXT(2) 
PARAMETRIC_REPRESENTATION_CONTEXT() REPRESENTATION_CONTEXT('2D SPACE',''
  ) );
#549 = PCURVE('',#445,#550);
#550 = DEFINITIONAL_REPRESENTATION('',(#551),#554);
#551 = B_SPLINE_CURVE_WITH_KNOTS('',1,(#552,#553),.UNSPECIFIED.,.F.,.F.,
  (2,2),(2.4999994,18.6000006),.PIECEWISE_BEZIER_KNOTS.);
#552 = CARTESIAN_POINT('',(4.924167511378,-5.999999999062E-07));
#553 = CARTESIAN_POINT('',(4.924167511378,16.1000006));
#554 = ( GEOMETRIC_REPRESENTATION_CONTEXT(2) 
PARAMETRIC_REPRESENTATION_CONTEXT() REPRESENTATION_CONTEXT('2D SPACE',''
  ) );
#555 = ORIENTED_EDGE('',*,*,#556,.F.);
#556 = EDGE_CURVE('',#557,#536,#559,.T.);
#557 = VERTEX_POINT('',#558);
#558 = CARTESIAN_POINT('',(9.914448613738,1.305261922201,29.65));
#559 = SURFACE_CURVE('',#560,(#612,#667),.PCURVE_S1.);
#560 = B_SPLINE_CURVE_WITH_KNOTS('',8,(#561,#562,#563,#564,#565,#566,
    #567,#568,#569,#570,#571,#572,#573,#574,#575,#576,#577,#578,#579,
    #580,#581,#582,#583,#584,#585,#586,#587,#588,#589,#590,#591,#592,
    #593,#594,#595,#596,#597,#598,#599,#600,#601,#602,#603,#604,#605,
    #606,#607,#608,#609,#610,#611),.UNSPECIFIED.,.T.,.F.,(9,7,7,7,7,7,7,
    9),(0.,0.130416052228,0.250340432672,0.400556440314,0.535623795981,
    0.749997641331,0.869778260762,1.),.UNSPECIFIED.);
#561 = CARTESIAN_POINT('',(9.914448613738,1.305261922201,29.65));
#562 = CARTESIAN_POINT('',(9.895133390077,1.451975611761,29.65));
#563 = CARTESIAN_POINT('',(9.873685542505,1.595714239442,29.670020886089
    ));
#564 = CARTESIAN_POINT('',(9.850670037898,1.73340145882,29.708798477546)
  );
#565 = CARTESIAN_POINT('',(9.826892214664,1.862330434777,29.76452701192)
  );
#566 = CARTESIAN_POINT('',(9.803320627741,1.980239704241,29.83488203684)
  );
#567 = CARTESIAN_POINT('',(9.780930479725,2.085406815964,29.917044078203
    ));
#568 = CARTESIAN_POINT('',(9.760531107606,2.176770920807,30.007727630226
    ));
#569 = CARTESIAN_POINT('',(9.72619010002,2.32519946373,30.191030252608)
  );
#570 = CARTESIAN_POINT('',(9.711587472801,2.385614269057,30.284367025437
    ));
#571 = CARTESIAN_POINT('',(9.699109724828,2.435547272886,30.381919591144
    ));
#572 = CARTESIAN_POINT('',(9.688956436476,2.47521651676,30.482613268161)
  );
#573 = CARTESIAN_POINT('',(9.681261750945,2.504815798321,30.585537153137
    ));
#574 = CARTESIAN_POINT('',(9.676106703506,2.52449249835,30.689891594881)
  );
#575 = CARTESIAN_POINT('',(9.67352929158,2.534330492447,30.79494630655)
  );
#576 = CARTESIAN_POINT('',(9.67352929158,2.534330492447,31.031589142753)
  );
#577 = CARTESIAN_POINT('',(9.677573076839,2.518895097316,31.163224173281
    ));
#578 = CARTESIAN_POINT('',(9.685666522643,2.488003571751,31.293533459331
    ));
#579 = CARTESIAN_POINT('',(9.69772044503,2.441429438212,31.421041788537)
  );
#580 = CARTESIAN_POINT('',(9.713532294234,2.378822390841,31.544054559491
    ));
#581 = CARTESIAN_POINT('',(9.73274392407,2.299772059836,31.660544430582)
  );
#582 = CARTESIAN_POINT('',(9.75479936077,2.203906148741,31.767993182898)
  );
#583 = CARTESIAN_POINT('',(9.800620508974,1.989623284607,31.948694611435
    ));
#584 = CARTESIAN_POINT('',(9.82449020744,1.872111159919,32.026280066616)
  );
#585 = CARTESIAN_POINT('',(9.84949192783,1.740229986139,32.090263571859)
  );
#586 = CARTESIAN_POINT('',(9.874257662469,1.597015837672,32.136449652236
    ));
#587 = CARTESIAN_POINT('',(9.89744687334,1.44645713146,32.162092076515)
  );
#588 = CARTESIAN_POINT('',(9.91807657066,1.293102051605,32.165919124533)
  );
#589 = CARTESIAN_POINT('',(9.935691052395,1.14163967164,32.148181289147)
  );
#590 = CARTESIAN_POINT('',(9.973312663411,0.765954016693,32.051286004458
    ));
#591 = CARTESIAN_POINT('',(9.987540706021,0.562334573236,31.945047509709
    ));
#592 = CARTESIAN_POINT('',(9.994897226123,0.39149528134,31.805499583473)
  );
#593 = CARTESIAN_POINT('',(9.998143123055,0.255377312989,31.642588912614
    ));
#594 = CARTESIAN_POINT('',(9.999292361642,0.154497035714,31.464465823127
    ));
#595 = CARTESIAN_POINT('',(9.99966369586,8.829246123721E-02,
    31.277766686748));
#596 = CARTESIAN_POINT('',(9.99984477213,5.5718339012E-02,
    31.088013948051));
#597 = CARTESIAN_POINT('',(9.99984477213,5.5718339012E-02,
    30.794947878915));
#598 = CARTESIAN_POINT('',(9.999788238677,6.588770222363E-02,
    30.689894169593));
#599 = CARTESIAN_POINT('',(9.999674576123,8.62283168204E-02,
    30.585538776163));
#600 = CARTESIAN_POINT('',(9.999446432569,0.116810287155,30.482614110727
    ));
#601 = CARTESIAN_POINT('',(9.998986820757,0.157755968322,30.381919295536
    ));
#602 = CARTESIAN_POINT('',(9.998115420466,0.209218453622,30.284364934483
    ));
#603 = CARTESIAN_POINT('',(9.996584062412,0.27135451495,30.191028453921)
  );
#604 = CARTESIAN_POINT('',(9.991339698848,0.423587341954,30.007757424834
    ));
#605 = CARTESIAN_POINT('',(9.98739776044,0.517115027277,29.91706380027)
  );
#606 = CARTESIAN_POINT('',(9.981805443161,0.62451232787,29.834878556866)
  );
#607 = CARTESIAN_POINT('',(9.974054922383,0.744536779945,29.764505352975
    ));
#608 = CARTESIAN_POINT('',(9.963649911551,0.875258700899,29.708772858863
    ));
#609 = CARTESIAN_POINT('',(9.950241692651,1.01422715238,29.670005626817)
  );
#610 = CARTESIAN_POINT('',(9.93375647577,1.158604149766,29.65));
#611 = CARTESIAN_POINT('',(9.914448613738,1.305261922201,29.65));
#612 = PCURVE('',#31,#613);
#613 = DEFINITIONAL_REPRESENTATION('',(#614),#666);
#614 = B_SPLINE_CURVE_WITH_KNOTS('',8,(#615,#616,#617,#618,#619,#620,
    #621,#622,#623,#624,#625,#626,#627,#628,#629,#630,#631,#632,#633,
    #634,#635,#636,#637,#638,#639,#640,#641,#642,#643,#644,#645,#646,
    #647,#648,#649,#650,#651,#652,#653,#654,#655,#656,#657,#658,#659,
    #660,#661,#662,#663,#664,#665),.UNSPECIFIED.,.T.,.F.,(9,7,7,7,7,7,7,
    9),(0.,0.130416052228,0.250340432672,0.400556440314,0.535623795981,
    0.749997641331,0.869778260762,1.),.UNSPECIFIED.);
#615 = CARTESIAN_POINT('',(0.1308996939,14.45));
#616 = CARTESIAN_POINT('',(0.14569766152,14.45));
#617 = CARTESIAN_POINT('',(0.160228512954,14.470020886089));
#618 = CARTESIAN_POINT('',(0.174184755823,14.508798477545));
#619 = CARTESIAN_POINT('',(0.187291848522,14.56452701192));
#620 = CARTESIAN_POINT('',(0.199314036318,14.63488203684));
#621 = CARTESIAN_POINT('',(0.210065577111,14.717044078203));
#622 = CARTESIAN_POINT('',(0.21942666785,14.807727630226));
#623 = CARTESIAN_POINT('',(0.234661607021,14.991030252608));
#624 = CARTESIAN_POINT('',(0.240876761743,15.084367025437));
#625 = CARTESIAN_POINT('',(0.246023407941,15.181919591144));
#626 = CARTESIAN_POINT('',(0.250118142786,15.282613268161));
#627 = CARTESIAN_POINT('',(0.253176446319,15.385537153137));
#628 = CARTESIAN_POINT('',(0.255210523704,15.489891594881));
#629 = CARTESIAN_POINT('',(0.256227525068,15.59494630655));
#630 = CARTESIAN_POINT('',(0.256227525068,15.831589142753));
#631 = CARTESIAN_POINT('',(0.254631893404,15.963224173281));
#632 = CARTESIAN_POINT('',(0.251438482791,16.09353345933));
#633 = CARTESIAN_POINT('',(0.246627627987,16.221041788537));
#634 = CARTESIAN_POINT('',(0.240170590783,16.344054559491));
#635 = CARTESIAN_POINT('',(0.232036238551,16.460544430582));
#636 = CARTESIAN_POINT('',(0.222200387464,16.567993182898));
#637 = CARTESIAN_POINT('',(0.2002876689,16.748694611435));
#638 = CARTESIAN_POINT('',(0.18829713344,16.826280066616));
#639 = CARTESIAN_POINT('',(0.174875967616,16.890263571859));
#640 = CARTESIAN_POINT('',(0.160346147665,16.936449652236));
#641 = CARTESIAN_POINT('',(0.145118015404,16.962092076515));
#642 = CARTESIAN_POINT('',(0.129648622652,16.965919124533));
#643 = CARTESIAN_POINT('',(0.114402224669,16.948181289147));
#644 = CARTESIAN_POINT('',(7.66457554284E-02,16.851286004458));
#645 = CARTESIAN_POINT('',(5.624338916498E-02,16.74504750971));
#646 = CARTESIAN_POINT('',(3.9152152202E-02,16.605499583472));
#647 = CARTESIAN_POINT('',(2.553820590277E-02,16.442588912614));
#648 = CARTESIAN_POINT('',(1.544996340059E-02,16.264465823127));
#649 = CARTESIAN_POINT('',(8.829309210523E-03,16.077766686748));
#650 = CARTESIAN_POINT('',(5.571862731509E-03,15.888013948051));
#651 = CARTESIAN_POINT('',(5.571862731509E-03,15.594947878915));
#652 = CARTESIAN_POINT('',(6.588816037934E-03,15.489894169594));
#653 = CARTESIAN_POINT('',(8.622906027952E-03,15.385538776163));
#654 = CARTESIAN_POINT('',(1.168118435097E-02,15.282614110727));
#655 = CARTESIAN_POINT('',(1.577594806695E-02,15.181919295536));
#656 = CARTESIAN_POINT('',(2.092273399517E-02,15.084364934483));
#657 = CARTESIAN_POINT('',(2.713793027331E-02,14.991028453921));
#658 = CARTESIAN_POINT('',(4.237024361272E-02,14.807757424834));
#659 = CARTESIAN_POINT('',(5.173103154068E-02,14.71706380027));
#660 = CARTESIAN_POINT('',(6.248443965523E-02,14.634878556866));
#661 = CARTESIAN_POINT('',(7.450983618128E-02,14.564505352975));
#662 = CARTESIAN_POINT('',(8.762013561562E-02,14.508772858863));
#663 = CARTESIAN_POINT('',(0.101577999255,14.470005626817));
#664 = CARTESIAN_POINT('',(0.116107366242,14.45));
#665 = CARTESIAN_POINT('',(0.1308996939,14.45));
#666 = ( GEOMETRIC_REPRESENTATION_CONTEXT(2) 
PARAMETRIC_REPRESENTATION_CONTEXT() REPRESENTATION_CONTEXT('2D SPACE',''
  ) );
#667 = PCURVE('',#370,#668);
#668 = DEFINITIONAL_REPRESENTATION('',(#669),#721);
#669 = B_SPLINE_CURVE_WITH_KNOTS('',8,(#670,#671,#672,#673,#674,#675,
    #676,#677,#678,#679,#680,#681,#682,#683,#684,#685,#686,#687,#688,
    #689,#690,#691,#692,#693,#694,#695,#696,#697,#698,#699,#700,#701,
    #702,#703,#704,#705,#706,#707,#708,#709,#710,#711,#712,#713,#714,
    #715,#716,#717,#718,#719,#720),.UNSPECIFIED.,.F.,.F.,(9,7,7,7,7,7,7,
    9),(0.,0.130416052228,0.250340432672,0.400556440314,0.535623795981,
    0.749997641331,0.869778260762,1.),.UNSPECIFIED.);
#670 = CARTESIAN_POINT('',(0.,8.));
#671 = CARTESIAN_POINT('',(0.118383740963,8.));
#672 = CARTESIAN_POINT('',(0.23463044107,7.997497297483));
#673 = CARTESIAN_POINT('',(0.348769437876,7.992650482171));
#674 = CARTESIAN_POINT('',(0.46071446633,7.98590468981));
#675 = CARTESIAN_POINT('',(0.570260726792,7.977925009051));
#676 = CARTESIAN_POINT('',(0.677051483086,7.969453474496));
#677 = CARTESIAN_POINT('',(0.780499164171,7.961154030544));
#678 = CARTESIAN_POINT('',(0.970816591263,7.946480627563));
#679 = CARTESIAN_POINT('',(1.059866679588,7.939888642337));
#680 = CARTESIAN_POINT('',(1.147229144551,7.934035208083));
#681 = CARTESIAN_POINT('',(1.233268710278,7.929146657871));
#682 = CARTESIAN_POINT('',(1.318321380309,7.925381282956));
#683 = CARTESIAN_POINT('',(1.402709645744,7.922838662394));
#684 = CARTESIAN_POINT('',(1.486753372035,7.921567416492));
#685 = CARTESIAN_POINT('',(1.676067640998,7.921567416492));
#686 = CARTESIAN_POINT('',(1.781375322931,7.923561883256));
#687 = CARTESIAN_POINT('',(1.88740165466,7.927553935305));
#688 = CARTESIAN_POINT('',(1.994745426981,7.933425590408));
#689 = CARTESIAN_POINT('',(2.104019520597,7.940930307551));
#690 = CARTESIAN_POINT('',(2.215871737627,7.949659440531));
#691 = CARTESIAN_POINT('',(2.33102615481,7.959013177573));
#692 = CARTESIAN_POINT('',(2.557815772325,7.976472793189));
#693 = CARTESIAN_POINT('',(2.671116849788,7.984799872901));
#694 = CARTESIAN_POINT('',(2.788236774005,7.992373752668));
#695 = CARTESIAN_POINT('',(2.907846062053,7.998234415542));
#696 = CARTESIAN_POINT('',(3.0289671984,8.001573384872));
#697 = CARTESIAN_POINT('',(3.15077214045,8.002009737641));
#698 = CARTESIAN_POINT('',(3.272441221599,7.999703717322));
#699 = CARTESIAN_POINT('',(3.584139572647,7.987966652228));
#700 = CARTESIAN_POINT('',(3.763145438298,7.975495301345));
#701 = CARTESIAN_POINT('',(3.933536042957,7.960489883144));
#702 = CARTESIAN_POINT('',(4.097154703122,7.945941050877));
#703 = CARTESIAN_POINT('',(4.255639402898,7.933912939106));
#704 = CARTESIAN_POINT('',(4.410173779968,7.925639665494));
#705 = CARTESIAN_POINT('',(4.561977821944,7.921567416492));
#706 = CARTESIAN_POINT('',(4.796430677253,7.921567416492));
#707 = CARTESIAN_POINT('',(4.880474350979,7.922838734948));
#708 = CARTESIAN_POINT('',(4.964861393762,7.925381027764));
#709 = CARTESIAN_POINT('',(5.049915818371,7.929146584148));
#710 = CARTESIAN_POINT('',(5.13595750823,7.934035388229));
#711 = CARTESIAN_POINT('',(5.223319683542,7.939888645137));
#712 = CARTESIAN_POINT('',(5.312370583438,7.946480771548));
#713 = CARTESIAN_POINT('',(5.502655208191,7.961151645481));
#714 = CARTESIAN_POINT('',(5.606107548637,7.969451243535));
#715 = CARTESIAN_POINT('',(5.712920638885,7.977924930006));
#716 = CARTESIAN_POINT('',(5.822494489276,7.985907050711));
#717 = CARTESIAN_POINT('',(5.934462709131,7.99265369077));
#718 = CARTESIAN_POINT('',(6.048611869975,7.997499203853));
#719 = CARTESIAN_POINT('',(6.164846685922,8.));
#720 = CARTESIAN_POINT('',(6.28318530718,8.));
#721 = ( GEOMETRIC_REPRESENTATION_CONTEXT(2) 
PARAMETRIC_REPRESENTATION_CONTEXT() REPRESENTATION_CONTEXT('2D SPACE',''
  ) );
#722 = ORIENTED_EDGE('',*,*,#723,.F.);
#723 = EDGE_CURVE('',#724,#557,#726,.T.);
#724 = VERTEX_POINT('',#725);
#725 = CARTESIAN_POINT('',(9.950000000589,0.998749224367,29.688674809131
    ));
#726 = SURFACE_CURVE('',#727,(#779,#834),.PCURVE_S1.);
#727 = B_SPLINE_CURVE_WITH_KNOTS('',8,(#728,#729,#730,#731,#732,#733,
    #734,#735,#736,#737,#738,#739,#740,#741,#742,#743,#744,#745,#746,
    #747,#748,#749,#750,#751,#752,#753,#754,#755,#756,#757,#758,#759,
    #760,#761,#762,#763,#764,#765,#766,#767,#768,#769,#770,#771,#772,
    #773,#774,#775,#776,#777,#778),.UNSPECIFIED.,.T.,.F.,(9,7,7,7,7,7,7,
    9),(0.,0.130416052228,0.250340432672,0.400556440314,0.535623795981,
    0.749997641331,0.869778260762,1.),.UNSPECIFIED.);
#728 = CARTESIAN_POINT('',(9.914448613738,1.305261922201,29.65));
#729 = CARTESIAN_POINT('',(9.895133390077,1.451975611761,29.65));
#730 = CARTESIAN_POINT('',(9.873685542505,1.595714239442,29.670020886089
    ));
#731 = CARTESIAN_POINT('',(9.850670037898,1.73340145882,29.708798477546)
  );
#732 = CARTESIAN_POINT('',(9.826892214664,1.862330434777,29.76452701192)
  );
#733 = CARTESIAN_POINT('',(9.803320627741,1.980239704241,29.83488203684)
  );
#734 = CARTESIAN_POINT('',(9.780930479725,2.085406815964,29.917044078203
    ));
#735 = CARTESIAN_POINT('',(9.760531107606,2.176770920807,30.007727630226
    ));
#736 = CARTESIAN_POINT('',(9.72619010002,2.32519946373,30.191030252608)
  );
#737 = CARTESIAN_POINT('',(9.711587472801,2.385614269057,30.284367025437
    ));
#738 = CARTESIAN_POINT('',(9.699109724828,2.435547272886,30.381919591144
    ));
#739 = CARTESIAN_POINT('',(9.688956436476,2.47521651676,30.482613268161)
  );
#740 = CARTESIAN_POINT('',(9.681261750945,2.504815798321,30.585537153137
    ));
#741 = CARTESIAN_POINT('',(9.676106703506,2.52449249835,30.689891594881)
  );
#742 = CARTESIAN_POINT('',(9.67352929158,2.534330492447,30.79494630655)
  );
#743 = CARTESIAN_POINT('',(9.67352929158,2.534330492447,31.031589142753)
  );
#744 = CARTESIAN_POINT('',(9.677573076839,2.518895097316,31.163224173281
    ));
#745 = CARTESIAN_POINT('',(9.685666522643,2.488003571751,31.293533459331
    ));
#746 = CARTESIAN_POINT('',(9.69772044503,2.441429438212,31.421041788537)
  );
#747 = CARTESIAN_POINT('',(9.713532294234,2.378822390841,31.544054559491
    ));
#748 = CARTESIAN_POINT('',(9.73274392407,2.299772059836,31.660544430582)
  );
#749 = CARTESIAN_POINT('',(9.75479936077,2.203906148741,31.767993182898)
  );
#750 = CARTESIAN_POINT('',(9.800620508974,1.989623284607,31.948694611435
    ));
#751 = CARTESIAN_POINT('',(9.82449020744,1.872111159919,32.026280066616)
  );
#752 = CARTESIAN_POINT('',(9.84949192783,1.740229986139,32.090263571859)
  );
#753 = CARTESIAN_POINT('',(9.874257662469,1.597015837672,32.136449652236
    ));
#754 = CARTESIAN_POINT('',(9.89744687334,1.44645713146,32.162092076515)
  );
#755 = CARTESIAN_POINT('',(9.91807657066,1.293102051605,32.165919124533)
  );
#756 = CARTESIAN_POINT('',(9.935691052395,1.14163967164,32.148181289147)
  );
#757 = CARTESIAN_POINT('',(9.973312663411,0.765954016693,32.051286004458
    ));
#758 = CARTESIAN_POINT('',(9.987540706021,0.562334573236,31.945047509709
    ));
#759 = CARTESIAN_POINT('',(9.994897226123,0.39149528134,31.805499583473)
  );
#760 = CARTESIAN_POINT('',(9.998143123055,0.255377312989,31.642588912614
    ));
#761 = CARTESIAN_POINT('',(9.999292361642,0.154497035714,31.464465823127
    ));
#762 = CARTESIAN_POINT('',(9.99966369586,8.829246123721E-02,
    31.277766686748));
#763 = CARTESIAN_POINT('',(9.99984477213,5.5718339012E-02,
    31.088013948051));
#764 = CARTESIAN_POINT('',(9.99984477213,5.5718339012E-02,
    30.794947878915));
#765 = CARTESIAN_POINT('',(9.999788238677,6.588770222363E-02,
    30.689894169593));
#766 = CARTESIAN_POINT('',(9.999674576123,8.62283168204E-02,
    30.585538776163));
#767 = CARTESIAN_POINT('',(9.999446432569,0.116810287155,30.482614110727
    ));
#768 = CARTESIAN_POINT('',(9.998986820757,0.157755968322,30.381919295536
    ));
#769 = CARTESIAN_POINT('',(9.998115420466,0.209218453622,30.284364934483
    ));
#770 = CARTESIAN_POINT('',(9.996584062412,0.27135451495,30.191028453921)
  );
#771 = CARTESIAN_POINT('',(9.991339698848,0.423587341954,30.007757424834
    ));
#772 = CARTESIAN_POINT('',(9.98739776044,0.517115027277,29.91706380027)
  );
#773 = CARTESIAN_POINT('',(9.981805443161,0.62451232787,29.834878556866)
  );
#774 = CARTESIAN_POINT('',(9.974054922383,0.744536779945,29.764505352975
    ));
#775 = CARTESIAN_POINT('',(9.963649911551,0.875258700899,29.708772858863
    ));
#776 = CARTESIAN_POINT('',(9.950241692651,1.01422715238,29.670005626817)
  );
#777 = CARTESIAN_POINT('',(9.93375647577,1.158604149766,29.65));
#778 = CARTESIAN_POINT('',(9.914448613738,1.305261922201,29.65));
#779 = PCURVE('',#31,#780);
#780 = DEFINITIONAL_REPRESENTATION('',(#781),#833);
#781 = B_SPLINE_CURVE_WITH_KNOTS('',8,(#782,#783,#784,#785,#786,#787,
    #788,#789,#790,#791,#792,#793,#794,#795,#796,#797,#798,#799,#800,
    #801,#802,#803,#804,#805,#806,#807,#808,#809,#810,#811,#812,#813,
    #814,#815,#816,#817,#818,#819,#820,#821,#822,#823,#824,#825,#826,
    #827,#828,#829,#830,#831,#832),.UNSPECIFIED.,.T.,.F.,(9,7,7,7,7,7,7,
    9),(0.,0.130416052228,0.250340432672,0.400556440314,0.535623795981,
    0.749997641331,0.869778260762,1.),.UNSPECIFIED.);
#782 = CARTESIAN_POINT('',(0.1308996939,14.45));
#783 = CARTESIAN_POINT('',(0.14569766152,14.45));
#784 = CARTESIAN_POINT('',(0.160228512954,14.470020886089));
#785 = CARTESIAN_POINT('',(0.174184755823,14.508798477545));
#786 = CARTESIAN_POINT('',(0.187291848522,14.56452701192));
#787 = CARTESIAN_POINT('',(0.199314036318,14.63488203684));
#788 = CARTESIAN_POINT('',(0.210065577111,14.717044078203));
#789 = CARTESIAN_POINT('',(0.21942666785,14.807727630226));
#790 = CARTESIAN_POINT('',(0.234661607021,14.991030252608));
#791 = CARTESIAN_POINT('',(0.240876761743,15.084367025437));
#792 = CARTESIAN_POINT('',(0.246023407941,15.181919591144));
#793 = CARTESIAN_POINT('',(0.250118142786,15.282613268161));
#794 = CARTESIAN_POINT('',(0.253176446319,15.385537153137));
#795 = CARTESIAN_POINT('',(0.255210523704,15.489891594881));
#796 = CARTESIAN_POINT('',(0.256227525068,15.59494630655));
#797 = CARTESIAN_POINT('',(0.256227525068,15.831589142753));
#798 = CARTESIAN_POINT('',(0.254631893404,15.963224173281));
#799 = CARTESIAN_POINT('',(0.251438482791,16.09353345933));
#800 = CARTESIAN_POINT('',(0.246627627987,16.221041788537));
#801 = CARTESIAN_POINT('',(0.240170590783,16.344054559491));
#802 = CARTESIAN_POINT('',(0.232036238551,16.460544430582));
#803 = CARTESIAN_POINT('',(0.222200387464,16.567993182898));
#804 = CARTESIAN_POINT('',(0.2002876689,16.748694611435));
#805 = CARTESIAN_POINT('',(0.18829713344,16.826280066616));
#806 = CARTESIAN_POINT('',(0.174875967616,16.890263571859));
#807 = CARTESIAN_POINT('',(0.160346147665,16.936449652236));
#808 = CARTESIAN_POINT('',(0.145118015404,16.962092076515));
#809 = CARTESIAN_POINT('',(0.129648622652,16.965919124533));
#810 = CARTESIAN_POINT('',(0.114402224669,16.948181289147));
#811 = CARTESIAN_POINT('',(7.66457554284E-02,16.851286004458));
#812 = CARTESIAN_POINT('',(5.624338916498E-02,16.74504750971));
#813 = CARTESIAN_POINT('',(3.9152152202E-02,16.605499583472));
#814 = CARTESIAN_POINT('',(2.553820590277E-02,16.442588912614));
#815 = CARTESIAN_POINT('',(1.544996340059E-02,16.264465823127));
#816 = CARTESIAN_POINT('',(8.829309210523E-03,16.077766686748));
#817 = CARTESIAN_POINT('',(5.571862731509E-03,15.888013948051));
#818 = CARTESIAN_POINT('',(5.571862731509E-03,15.594947878915));
#819 = CARTESIAN_POINT('',(6.588816037934E-03,15.489894169594));
#820 = CARTESIAN_POINT('',(8.622906027952E-03,15.385538776163));
#821 = CARTESIAN_POINT('',(1.168118435097E-02,15.282614110727));
#822 = CARTESIAN_POINT('',(1.577594806695E-02,15.181919295536));
#823 = CARTESIAN_POINT('',(2.092273399517E-02,15.084364934483));
#824 = CARTESIAN_POINT('',(2.713793027331E-02,14.991028453921));
#825 = CARTESIAN_POINT('',(4.237024361272E-02,14.807757424834));
#826 = CARTESIAN_POINT('',(5.173103154068E-02,14.71706380027));
#827 = CARTESIAN_POINT('',(6.248443965523E-02,14.634878556866));
#828 = CARTESIAN_POINT('',(7.450983618128E-02,14.564505352975));
#829 = CARTESIAN_POINT('',(8.762013561562E-02,14.508772858863));
#830 = CARTESIAN_POINT('',(0.101577999255,14.470005626817));
#831 = CARTESIAN_POINT('',(0.116107366242,14.45));
#832 = CARTESIAN_POINT('',(0.1308996939,14.45));
#833 = ( GEOMETRIC_REPRESENTATION_CONTEXT(2) 
PARAMETRIC_REPRESENTATION_CONTEXT() REPRESENTATION_CONTEXT('2D SPACE',''
  ) );
#834 = PCURVE('',#370,#835);
#835 = DEFINITIONAL_REPRESENTATION('',(#836),#888);
#836 = B_SPLINE_CURVE_WITH_KNOTS('',8,(#837,#838,#839,#840,#841,#842,
    #843,#844,#845,#846,#847,#848,#849,#850,#851,#852,#853,#854,#855,
    #856,#857,#858,#859,#860,#861,#862,#863,#864,#865,#866,#867,#868,
    #869,#870,#871,#872,#873,#874,#875,#876,#877,#878,#879,#880,#881,
    #882,#883,#884,#885,#886,#887),.UNSPECIFIED.,.F.,.F.,(9,7,7,7,7,7,7,
    9),(0.,0.130416052228,0.250340432672,0.400556440314,0.535623795981,
    0.749997641331,0.869778260762,1.),.UNSPECIFIED.);
#837 = CARTESIAN_POINT('',(0.,8.));
#838 = CARTESIAN_POINT('',(0.118383740963,8.));
#839 = CARTESIAN_POINT('',(0.23463044107,7.997497297483));
#840 = CARTESIAN_POINT('',(0.348769437876,7.992650482171));
#841 = CARTESIAN_POINT('',(0.46071446633,7.98590468981));
#842 = CARTESIAN_POINT('',(0.570260726792,7.977925009051));
#843 = CARTESIAN_POINT('',(0.677051483086,7.969453474496));
#844 = CARTESIAN_POINT('',(0.780499164171,7.961154030544));
#845 = CARTESIAN_POINT('',(0.970816591263,7.946480627563));
#846 = CARTESIAN_POINT('',(1.059866679588,7.939888642337));
#847 = CARTESIAN_POINT('',(1.147229144551,7.934035208083));
#848 = CARTESIAN_POINT('',(1.233268710278,7.929146657871));
#849 = CARTESIAN_POINT('',(1.318321380309,7.925381282956));
#850 = CARTESIAN_POINT('',(1.402709645744,7.922838662394));
#851 = CARTESIAN_POINT('',(1.486753372035,7.921567416492));
#852 = CARTESIAN_POINT('',(1.676067640998,7.921567416492));
#853 = CARTESIAN_POINT('',(1.781375322931,7.923561883256));
#854 = CARTESIAN_POINT('',(1.88740165466,7.927553935305));
#855 = CARTESIAN_POINT('',(1.994745426981,7.933425590408));
#856 = CARTESIAN_POINT('',(2.104019520597,7.940930307551));
#857 = CARTESIAN_POINT('',(2.215871737627,7.949659440531));
#858 = CARTESIAN_POINT('',(2.33102615481,7.959013177573));
#859 = CARTESIAN_POINT('',(2.557815772325,7.976472793189));
#860 = CARTESIAN_POINT('',(2.671116849788,7.984799872901));
#861 = CARTESIAN_POINT('',(2.788236774005,7.992373752668));
#862 = CARTESIAN_POINT('',(2.907846062053,7.998234415542));
#863 = CARTESIAN_POINT('',(3.0289671984,8.001573384872));
#864 = CARTESIAN_POINT('',(3.15077214045,8.002009737641));
#865 = CARTESIAN_POINT('',(3.272441221599,7.999703717322));
#866 = CARTESIAN_POINT('',(3.584139572647,7.987966652228));
#867 = CARTESIAN_POINT('',(3.763145438298,7.975495301345));
#868 = CARTESIAN_POINT('',(3.933536042957,7.960489883144));
#869 = CARTESIAN_POINT('',(4.097154703122,7.945941050877));
#870 = CARTESIAN_POINT('',(4.255639402898,7.933912939106));
#871 = CARTESIAN_POINT('',(4.410173779968,7.925639665494));
#872 = CARTESIAN_POINT('',(4.561977821944,7.921567416492));
#873 = CARTESIAN_POINT('',(4.796430677253,7.921567416492));
#874 = CARTESIAN_POINT('',(4.880474350979,7.922838734948));
#875 = CARTESIAN_POINT('',(4.964861393762,7.925381027764));
#876 = CARTESIAN_POINT('',(5.049915818371,7.929146584148));
#877 = CARTESIAN_POINT('',(5.13595750823,7.934035388229));
#878 = CARTESIAN_POINT('',(5.223319683542,7.939888645137));
#879 = CARTESIAN_POINT('',(5.312370583438,7.946480771548));
#880 = CARTESIAN_POINT('',(5.502655208191,7.961151645481));
#881 = CARTESIAN_POINT('',(5.606107548637,7.969451243535));
#882 = CARTESIAN_POINT('',(5.712920638885,7.977924930006));
#883 = CARTESIAN_POINT('',(5.822494489276,7.985907050711));
#884 = CARTESIAN_POINT('',(5.934462709131,7.99265369077));
#885 = CARTESIAN_POINT('',(6.048611869975,7.997499203853));
#886 = CARTESIAN_POINT('',(6.164846685922,8.));
#887 = CARTESIAN_POINT('',(6.28318530718,8.));
#888 = ( GEOMETRIC_REPRESENTATION_CONTEXT(2) 
PARAMETRIC_REPRESENTATION_CONTEXT() REPRESENTATION_CONTEXT('2D SPACE',''
  ) );
#889 = ORIENTED_EDGE('',*,*,#890,.F.);
#890 = EDGE_CURVE('',#891,#724,#893,.T.);
#891 = VERTEX_POINT('',#892);
#892 = CARTESIAN_POINT('',(9.95,0.998749217772,17.7));
#893 = SURFACE_CURVE('',#894,(#898,#904),.PCURVE_S1.);
#894 = LINE('',#895,#896);
#895 = CARTESIAN_POINT('',(9.95,0.998749217772,15.2));
#896 = VECTOR('',#897,1.);
#897 = DIRECTION('',(0.,0.,1.));
#898 = PCURVE('',#31,#899);
#899 = DEFINITIONAL_REPRESENTATION('',(#900),#903);
#900 = B_SPLINE_CURVE_WITH_KNOTS('',1,(#901,#902),.UNSPECIFIED.,.F.,.F.,
  (2,2),(2.4999994,18.6000006),.PIECEWISE_BEZIER_KNOTS.);
#901 = CARTESIAN_POINT('',(0.100041713612,2.4999994));
#902 = CARTESIAN_POINT('',(0.100041713612,18.6000006));
#903 = ( GEOMETRIC_REPRESENTATION_CONTEXT(2) 
PARAMETRIC_REPRESENTATION_CONTEXT() REPRESENTATION_CONTEXT('2D SPACE',''
  ) );
#904 = PCURVE('',#122,#905);
#905 = DEFINITIONAL_REPRESENTATION('',(#906),#909);
#906 = B_SPLINE_CURVE_WITH_KNOTS('',1,(#907,#908),.UNSPECIFIED.,.F.,.F.,
  (2,2),(2.4999994,18.6000006),.PIECEWISE_BEZIER_KNOTS.);
#907 = CARTESIAN_POINT('',(1.620817183601,-5.999999999062E-07));
#908 = CARTESIAN_POINT('',(1.620817183601,16.1000006));
#909 = ( GEOMETRIC_REPRESENTATION_CONTEXT(2) 
PARAMETRIC_REPRESENTATION_CONTEXT() REPRESENTATION_CONTEXT('2D SPACE',''
  ) );
#910 = ORIENTED_EDGE('',*,*,#911,.F.);
#911 = EDGE_CURVE('',#56,#891,#912,.T.);
#912 = SURFACE_CURVE('',#913,(#918,#925),.PCURVE_S1.);
#913 = CIRCLE('',#914,10.);
#914 = AXIS2_PLACEMENT_3D('',#915,#916,#917);
#915 = CARTESIAN_POINT('',(0.,0.,17.7));
#916 = DIRECTION('',(0.,0.,1.));
#917 = DIRECTION('',(1.,0.,-0.));
#918 = PCURVE('',#31,#919);
#919 = DEFINITIONAL_REPRESENTATION('',(#920),#924);
#920 = LINE('',#921,#922);
#921 = CARTESIAN_POINT('',(0.,2.5));
#922 = VECTOR('',#923,1.);
#923 = DIRECTION('',(1.,0.));
#924 = ( GEOMETRIC_REPRESENTATION_CONTEXT(2) 
PARAMETRIC_REPRESENTATION_CONTEXT() REPRESENTATION_CONTEXT('2D SPACE',''
  ) );
#925 = PCURVE('',#95,#926);
#926 = DEFINITIONAL_REPRESENTATION('',(#927),#931);
#927 = CIRCLE('',#928,10.);
#928 = AXIS2_PLACEMENT_2D('',#929,#930);
#929 = CARTESIAN_POINT('',(-10.,0.));
#930 = DIRECTION('',(1.,0.));
#931 = ( GEOMETRIC_REPRESENTATION_CONTEXT(2) 
PARAMETRIC_REPRESENTATION_CONTEXT() REPRESENTATION_CONTEXT('2D SPACE',''
  ) );
#932 = ORIENTED_EDGE('',*,*,#55,.F.);
#933 = FACE_BOUND('',#934,.T.);
#934 = EDGE_LOOP('',(#935,#963,#992,#1013));
#935 = ORIENTED_EDGE('',*,*,#936,.F.);
#936 = EDGE_CURVE('',#937,#939,#941,.T.);
#937 = VERTEX_POINT('',#938);
#938 = CARTESIAN_POINT('',(8.117578158769,5.8399421946,17.7));
#939 = VERTEX_POINT('',#940);
#940 = CARTESIAN_POINT('',(8.117578158769,5.8399421946,33.8));
#941 = SURFACE_CURVE('',#942,(#946,#952),.PCURVE_S1.);
#942 = LINE('',#943,#944);
#943 = CARTESIAN_POINT('',(8.117578158769,5.8399421946,15.2));
#944 = VECTOR('',#945,1.);
#945 = DIRECTION('',(0.,0.,1.));
#946 = PCURVE('',#31,#947);
#947 = DEFINITIONAL_REPRESENTATION('',(#948),#951);
#948 = B_SPLINE_CURVE_WITH_KNOTS('',1,(#949,#950),.UNSPECIFIED.,.F.,.F.,
  (2,2),(2.4999994,18.6000006),.PIECEWISE_BEZIER_KNOTS.);
#949 = CARTESIAN_POINT('',(0.62364048921,2.4999994));
#950 = CARTESIAN_POINT('',(0.62364048921,18.6000006));
#951 = ( GEOMETRIC_REPRESENTATION_CONTEXT(2) 
PARAMETRIC_REPRESENTATION_CONTEXT() REPRESENTATION_CONTEXT('2D SPACE',''
  ) );
#952 = PCURVE('',#953,#958);
#953 = CYLINDRICAL_SURFACE('',#954,1.);
#954 = AXIS2_PLACEMENT_3D('',#955,#956,#957);
#955 = CARTESIAN_POINT('',(8.660254037844,5.,17.7));
#956 = DIRECTION('',(0.,0.,1.));
#957 = DIRECTION('',(1.,0.,-0.));
#958 = DEFINITIONAL_REPRESENTATION('',(#959),#962);
#959 = B_SPLINE_CURVE_WITH_KNOTS('',1,(#960,#961),.UNSPECIFIED.,.F.,.F.,
  (2,2),(2.4999994,18.6000006),.PIECEWISE_BEZIER_KNOTS.);
#960 = CARTESIAN_POINT('',(2.144415959199,-5.999999999062E-07));
#961 = CARTESIAN_POINT('',(2.144415959199,16.1000006));
#962 = ( GEOMETRIC_REPRESENTATION_CONTEXT(2) 
PARAMETRIC_REPRESENTATION_CONTEXT() REPRESENTATION_CONTEXT('2D SPACE',''
  ) );
#963 = ORIENTED_EDGE('',*,*,#964,.F.);
#964 = EDGE_CURVE('',#965,#937,#967,.T.);
#965 = VERTEX_POINT('',#966);
#966 = CARTESIAN_POINT('',(9.116327376541,4.1100578054,17.7));
#967 = SURFACE_CURVE('',#968,(#973,#980),.PCURVE_S1.);
#968 = CIRCLE('',#969,10.);
#969 = AXIS2_PLACEMENT_3D('',#970,#971,#972);
#970 = CARTESIAN_POINT('',(0.,0.,17.7));
#971 = DIRECTION('',(0.,0.,1.));
#972 = DIRECTION('',(1.,0.,-0.));
#973 = PCURVE('',#31,#974);
#974 = DEFINITIONAL_REPRESENTATION('',(#975),#979);
#975 = LINE('',#976,#977);
#976 = CARTESIAN_POINT('',(0.,2.5));
#977 = VECTOR('',#978,1.);
#978 = DIRECTION('',(1.,0.));
#979 = ( GEOMETRIC_REPRESENTATION_CONTEXT(2) 
PARAMETRIC_REPRESENTATION_CONTEXT() REPRESENTATION_CONTEXT('2D SPACE',''
  ) );
#980 = PCURVE('',#981,#986);
#981 = PLANE('',#982);
#982 = AXIS2_PLACEMENT_3D('',#983,#984,#985);
#983 = CARTESIAN_POINT('',(8.660254037844,5.,17.7));
#984 = DIRECTION('',(0.,0.,1.));
#985 = DIRECTION('',(1.,0.,-0.));
#986 = DEFINITIONAL_REPRESENTATION('',(#987),#991);
#987 = CIRCLE('',#988,10.);
#988 = AXIS2_PLACEMENT_2D('',#989,#990);
#989 = CARTESIAN_POINT('',(-8.660254037844,-5.));
#990 = DIRECTION('',(1.,0.));
#991 = ( GEOMETRIC_REPRESENTATION_CONTEXT(2) 
PARAMETRIC_REPRESENTATION_CONTEXT() REPRESENTATION_CONTEXT('2D SPACE',''
  ) );
#992 = ORIENTED_EDGE('',*,*,#993,.T.);
#993 = EDGE_CURVE('',#965,#994,#996,.T.);
#994 = VERTEX_POINT('',#995);
#995 = CARTESIAN_POINT('',(9.116327376541,4.1100578054,33.8));
#996 = SURFACE_CURVE('',#997,(#1001,#1007),.PCURVE_S1.);
#997 = LINE('',#998,#999);
#998 = CARTESIAN_POINT('',(9.116327376541,4.1100578054,15.2));
#999 = VECTOR('',#1000,1.);
#1000 = DIRECTION('',(0.,0.,1.));
#1001 = PCURVE('',#31,#1002);
#1002 = DEFINITIONAL_REPRESENTATION('',(#1003),#1006);
#1003 = B_SPLINE_CURVE_WITH_KNOTS('',1,(#1004,#1005),.UNSPECIFIED.,.F.,
  .F.,(2,2),(2.4999994,18.6000006),.PIECEWISE_BEZIER_KNOTS.);
#1004 = CARTESIAN_POINT('',(0.423557061987,2.4999994));
#1005 = CARTESIAN_POINT('',(0.423557061987,18.6000006));
#1006 = ( GEOMETRIC_REPRESENTATION_CONTEXT(2) 
PARAMETRIC_REPRESENTATION_CONTEXT() REPRESENTATION_CONTEXT('2D SPACE',''
  ) );
#1007 = PCURVE('',#953,#1008);
#1008 = DEFINITIONAL_REPRESENTATION('',(#1009),#1012);
#1009 = B_SPLINE_CURVE_WITH_KNOTS('',1,(#1010,#1011),.UNSPECIFIED.,.F.,
  .F.,(2,2),(2.4999994,18.6000006),.PIECEWISE_BEZIER_KNOTS.);
#1010 = CARTESIAN_POINT('',(5.185966899177,-5.999999999062E-07));
#1011 = CARTESIAN_POINT('',(5.185966899177,16.1000006));
#1012 = ( GEOMETRIC_REPRESENTATION_CONTEXT(2) 
PARAMETRIC_REPRESENTATION_CONTEXT() REPRESENTATION_CONTEXT('2D SPACE',''
  ) );
#1013 = ORIENTED_EDGE('',*,*,#1014,.T.);
#1014 = EDGE_CURVE('',#994,#939,#1015,.T.);
#1015 = SURFACE_CURVE('',#1016,(#1021,#1028),.PCURVE_S1.);
#1016 = CIRCLE('',#1017,10.);
#1017 = AXIS2_PLACEMENT_3D('',#1018,#1019,#1020);
#1018 = CARTESIAN_POINT('',(0.,0.,33.8));
#1019 = DIRECTION('',(0.,0.,1.));
#1020 = DIRECTION('',(1.,0.,-0.));
#1021 = PCURVE('',#31,#1022);
#1022 = DEFINITIONAL_REPRESENTATION('',(#1023),#1027);
#1023 = LINE('',#1024,#1025);
#1024 = CARTESIAN_POINT('',(0.,18.6));
#1025 = VECTOR('',#1026,1.);
#1026 = DIRECTION('',(1.,0.));
#1027 = ( GEOMETRIC_REPRESENTATION_CONTEXT(2) 
PARAMETRIC_REPRESENTATION_CONTEXT() REPRESENTATION_CONTEXT('2D SPACE',''
  ) );
#1028 = PCURVE('',#1029,#1034);
#1029 = PLANE('',#1030);
#1030 = AXIS2_PLACEMENT_3D('',#1031,#1032,#1033);
#1031 = CARTESIAN_POINT('',(8.660254037844,5.,33.8));
#1032 = DIRECTION('',(0.,0.,1.));
#1033 = DIRECTION('',(1.,0.,-0.));
#1034 = DEFINITIONAL_REPRESENTATION('',(#1035),#1039);
#1035 = CIRCLE('',#1036,10.);
#1036 = AXIS2_PLACEMENT_2D('',#1037,#1038);
#1037 = CARTESIAN_POINT('',(-8.660254037844,-5.));
#1038 = DIRECTION('',(1.,0.));
#1039 = ( GEOMETRIC_REPRESENTATION_CONTEXT(2) 
PARAMETRIC_REPRESENTATION_CONTEXT() REPRESENTATION_CONTEXT('2D SPACE',''
  ) );
#1040 = FACE_BOUND('',#1041,.T.);
#1041 = EDGE_LOOP('',(#1042,#1070,#1099,#1120));
#1042 = ORIENTED_EDGE('',*,*,#1043,.F.);
#1043 = EDGE_CURVE('',#1044,#1046,#1048,.T.);
#1044 = VERTEX_POINT('',#1045);
#1045 = CARTESIAN_POINT('',(6.329490128215,7.741934817397,17.7));
#1046 = VERTEX_POINT('',#1047);
#1047 = CARTESIAN_POINT('',(6.329490128215,7.741934817397,33.8));
#1048 = SURFACE_CURVE('',#1049,(#1053,#1059),.PCURVE_S1.);
#1049 = LINE('',#1050,#1051);
#1050 = CARTESIAN_POINT('',(6.329490128215,7.741934817397,15.2));
#1051 = VECTOR('',#1052,1.);
#1052 = DIRECTION('',(0.,0.,1.));
#1053 = PCURVE('',#31,#1054);
#1054 = DEFINITIONAL_REPRESENTATION('',(#1055),#1058);
#1055 = B_SPLINE_CURVE_WITH_KNOTS('',1,(#1056,#1057),.UNSPECIFIED.,.F.,
  .F.,(2,2),(2.4999994,18.6000006),.PIECEWISE_BEZIER_KNOTS.);
#1056 = CARTESIAN_POINT('',(0.885439877009,2.4999994));
#1057 = CARTESIAN_POINT('',(0.885439877009,18.6000006));
#1058 = ( GEOMETRIC_REPRESENTATION_CONTEXT(2) 
PARAMETRIC_REPRESENTATION_CONTEXT() REPRESENTATION_CONTEXT('2D SPACE',''
  ) );
#1059 = PCURVE('',#1060,#1065);
#1060 = CYLINDRICAL_SURFACE('',#1061,1.);
#1061 = AXIS2_PLACEMENT_3D('',#1062,#1063,#1064);
#1062 = CARTESIAN_POINT('',(7.071067811865,7.071067811865,17.7));
#1063 = DIRECTION('',(0.,0.,1.));
#1064 = DIRECTION('',(1.,0.,-0.));
#1065 = DEFINITIONAL_REPRESENTATION('',(#1066),#1069);
#1066 = B_SPLINE_CURVE_WITH_KNOTS('',1,(#1067,#1068),.UNSPECIFIED.,.F.,
  .F.,(2,2),(2.4999994,18.6000006),.PIECEWISE_BEZIER_KNOTS.);
#1067 = CARTESIAN_POINT('',(2.406215346998,-5.999999999062E-07));
#1068 = CARTESIAN_POINT('',(2.406215346998,16.1000006));
#1069 = ( GEOMETRIC_REPRESENTATION_CONTEXT(2) 
PARAMETRIC_REPRESENTATION_CONTEXT() REPRESENTATION_CONTEXT('2D SPACE',''
  ) );
#1070 = ORIENTED_EDGE('',*,*,#1071,.F.);
#1071 = EDGE_CURVE('',#1072,#1044,#1074,.T.);
#1072 = VERTEX_POINT('',#1073);
#1073 = CARTESIAN_POINT('',(7.741934817397,6.329490128215,17.7));
#1074 = SURFACE_CURVE('',#1075,(#1080,#1087),.PCURVE_S1.);
#1075 = CIRCLE('',#1076,10.);
#1076 = AXIS2_PLACEMENT_3D('',#1077,#1078,#1079);
#1077 = CARTESIAN_POINT('',(0.,0.,17.7));
#1078 = DIRECTION('',(0.,0.,1.));
#1079 = DIRECTION('',(1.,0.,-0.));
#1080 = PCURVE('',#31,#1081);
#1081 = DEFINITIONAL_REPRESENTATION('',(#1082),#1086);
#1082 = LINE('',#1083,#1084);
#1083 = CARTESIAN_POINT('',(0.,2.5));
#1084 = VECTOR('',#1085,1.);
#1085 = DIRECTION('',(1.,0.));
#1086 = ( GEOMETRIC_REPRESENTATION_CONTEXT(2) 
PARAMETRIC_REPRESENTATION_CONTEXT() REPRESENTATION_CONTEXT('2D SPACE',''
  ) );
#1087 = PCURVE('',#1088,#1093);
#1088 = PLANE('',#1089);
#1089 = AXIS2_PLACEMENT_3D('',#1090,#1091,#1092);
#1090 = CARTESIAN_POINT('',(7.071067811865,7.071067811865,17.7));
#1091 = DIRECTION('',(0.,0.,1.));
#1092 = DIRECTION('',(1.,0.,-0.));
#1093 = DEFINITIONAL_REPRESENTATION('',(#1094),#1098);
#1094 = CIRCLE('',#1095,10.);
#1095 = AXIS2_PLACEMENT_2D('',#1096,#1097);
#1096 = CARTESIAN_POINT('',(-7.071067811865,-7.071067811865));
#1097 = DIRECTION('',(1.,0.));
#1098 = ( GEOMETRIC_REPRESENTATION_CONTEXT(2) 
PARAMETRIC_REPRESENTATION_CONTEXT() REPRESENTATION_CONTEXT('2D SPACE',''
  ) );
#1099 = ORIENTED_EDGE('',*,*,#1100,.T.);
#1100 = EDGE_CURVE('',#1072,#1101,#1103,.T.);
#1101 = VERTEX_POINT('',#1102);
#1102 = CARTESIAN_POINT('',(7.741934817397,6.329490128215,33.8));
#1103 = SURFACE_CURVE('',#1104,(#1108,#1114),.PCURVE_S1.);
#1104 = LINE('',#1105,#1106);
#1105 = CARTESIAN_POINT('',(7.741934817397,6.329490128215,15.2));
#1106 = VECTOR('',#1107,1.);
#1107 = DIRECTION('',(0.,0.,1.));
#1108 = PCURVE('',#31,#1109);
#1109 = DEFINITIONAL_REPRESENTATION('',(#1110),#1113);
#1110 = B_SPLINE_CURVE_WITH_KNOTS('',1,(#1111,#1112),.UNSPECIFIED.,.F.,
  .F.,(2,2),(2.4999994,18.6000006),.PIECEWISE_BEZIER_KNOTS.);
#1111 = CARTESIAN_POINT('',(0.685356449786,2.4999994));
#1112 = CARTESIAN_POINT('',(0.685356449786,18.6000006));
#1113 = ( GEOMETRIC_REPRESENTATION_CONTEXT(2) 
PARAMETRIC_REPRESENTATION_CONTEXT() REPRESENTATION_CONTEXT('2D SPACE',''
  ) );
#1114 = PCURVE('',#1060,#1115);
#1115 = DEFINITIONAL_REPRESENTATION('',(#1116),#1119);
#1116 = B_SPLINE_CURVE_WITH_KNOTS('',1,(#1117,#1118),.UNSPECIFIED.,.F.,
  .F.,(2,2),(2.4999994,18.6000006),.PIECEWISE_BEZIER_KNOTS.);
#1117 = CARTESIAN_POINT('',(5.447766286976,-5.999999999062E-07));
#1118 = CARTESIAN_POINT('',(5.447766286976,16.1000006));
#1119 = ( GEOMETRIC_REPRESENTATION_CONTEXT(2) 
PARAMETRIC_REPRESENTATION_CONTEXT() REPRESENTATION_CONTEXT('2D SPACE',''
  ) );
#1120 = ORIENTED_EDGE('',*,*,#1121,.T.);
#1121 = EDGE_CURVE('',#1101,#1046,#1122,.T.);
#1122 = SURFACE_CURVE('',#1123,(#1128,#1135),.PCURVE_S1.);
#1123 = CIRCLE('',#1124,10.);
#1124 = AXIS2_PLACEMENT_3D('',#1125,#1126,#1127);
#1125 = CARTESIAN_POINT('',(0.,0.,33.8));
#1126 = DIRECTION('',(0.,0.,1.));
#1127 = DIRECTION('',(1.,0.,-0.));
#1128 = PCURVE('',#31,#1129);
#1129 = DEFINITIONAL_REPRESENTATION('',(#1130),#1134);
#1130 = LINE('',#1131,#1132);
#1131 = CARTESIAN_POINT('',(0.,18.6));
#1132 = VECTOR('',#1133,1.);
#1133 = DIRECTION('',(1.,0.));
#1134 = ( GEOMETRIC_REPRESENTATION_CONTEXT(2) 
PARAMETRIC_REPRESENTATION_CONTEXT() REPRESENTATION_CONTEXT('2D SPACE',''
  ) );
#1135 = PCURVE('',#1136,#1141);
#1136 = PLANE('',#1137);
#1137 = AXIS2_PLACEMENT_3D('',#1138,#1139,#1140);
#1138 = CARTESIAN_POINT('',(7.071067811865,7.071067811865,33.8));
#1139 = DIRECTION('',(0.,0.,1.));
#1140 = DIRECTION('',(1.,0.,-0.));
#1141 = DEFINITIONAL_REPRESENTATION('',(#1142),#1146);
#1142 = CIRCLE('',#1143,10.);
#1143 = AXIS2_PLACEMENT_2D('',#1144,#1145);
#1144 = CARTESIAN_POINT('',(-7.071067811865,-7.071067811865));
#1145 = DIRECTION('',(1.,0.));
#1146 = ( GEOMETRIC_REPRESENTATION_CONTEXT(2) 
PARAMETRIC_REPRESENTATION_CONTEXT() REPRESENTATION_CONTEXT('2D SPACE',''
  ) );
#1147 = FACE_BOUND('',#1148,.T.);
#1148 = EDGE_LOOP('',(#1149,#1177,#1206,#1227));
#1149 = ORIENTED_EDGE('',*,*,#1150,.F.);
#1150 = EDGE_CURVE('',#1151,#1153,#1155,.T.);
#1151 = VERTEX_POINT('',#1152);
#1152 = CARTESIAN_POINT('',(4.1100578054,9.116327376541,17.7));
#1153 = VERTEX_POINT('',#1154);
#1154 = CARTESIAN_POINT('',(4.1100578054,9.116327376541,33.8));
#1155 = SURFACE_CURVE('',#1156,(#1160,#1166),.PCURVE_S1.);
#1156 = LINE('',#1157,#1158);
#1157 = CARTESIAN_POINT('',(4.1100578054,9.116327376541,15.2));
#1158 = VECTOR('',#1159,1.);
#1159 = DIRECTION('',(0.,0.,1.));
#1160 = PCURVE('',#31,#1161);
#1161 = DEFINITIONAL_REPRESENTATION('',(#1162),#1165);
#1162 = B_SPLINE_CURVE_WITH_KNOTS('',1,(#1163,#1164),.UNSPECIFIED.,.F.,
  .F.,(2,2),(2.4999994,18.6000006),.PIECEWISE_BEZIER_KNOTS.);
#1163 = CARTESIAN_POINT('',(1.147239264808,2.4999994));
#1164 = CARTESIAN_POINT('',(1.147239264808,18.6000006));
#1165 = ( GEOMETRIC_REPRESENTATION_CONTEXT(2) 
PARAMETRIC_REPRESENTATION_CONTEXT() REPRESENTATION_CONTEXT('2D SPACE',''
  ) );
#1166 = PCURVE('',#1167,#1172);
#1167 = CYLINDRICAL_SURFACE('',#1168,1.);
#1168 = AXIS2_PLACEMENT_3D('',#1169,#1170,#1171);
#1169 = CARTESIAN_POINT('',(5.,8.660254037844,17.7));
#1170 = DIRECTION('',(0.,0.,1.));
#1171 = DIRECTION('',(1.,0.,-0.));
#1172 = DEFINITIONAL_REPRESENTATION('',(#1173),#1176);
#1173 = B_SPLINE_CURVE_WITH_KNOTS('',1,(#1174,#1175),.UNSPECIFIED.,.F.,
  .F.,(2,2),(2.4999994,18.6000006),.PIECEWISE_BEZIER_KNOTS.);
#1174 = CARTESIAN_POINT('',(2.668014734797,-5.999999999062E-07));
#1175 = CARTESIAN_POINT('',(2.668014734797,16.1000006));
#1176 = ( GEOMETRIC_REPRESENTATION_CONTEXT(2) 
PARAMETRIC_REPRESENTATION_CONTEXT() REPRESENTATION_CONTEXT('2D SPACE',''
  ) );
#1177 = ORIENTED_EDGE('',*,*,#1178,.F.);
#1178 = EDGE_CURVE('',#1179,#1151,#1181,.T.);
#1179 = VERTEX_POINT('',#1180);
#1180 = CARTESIAN_POINT('',(5.8399421946,8.117578158769,17.7));
#1181 = SURFACE_CURVE('',#1182,(#1187,#1194),.PCURVE_S1.);
#1182 = CIRCLE('',#1183,10.);
#1183 = AXIS2_PLACEMENT_3D('',#1184,#1185,#1186);
#1184 = CARTESIAN_POINT('',(0.,0.,17.7));
#1185 = DIRECTION('',(0.,0.,1.));
#1186 = DIRECTION('',(1.,0.,-0.));
#1187 = PCURVE('',#31,#1188);
#1188 = DEFINITIONAL_REPRESENTATION('',(#1189),#1193);
#1189 = LINE('',#1190,#1191);
#1190 = CARTESIAN_POINT('',(0.,2.5));
#1191 = VECTOR('',#1192,1.);
#1192 = DIRECTION('',(1.,0.));
#1193 = ( GEOMETRIC_REPRESENTATION_CONTEXT(2) 
PARAMETRIC_REPRESENTATION_CONTEXT() REPRESENTATION_CONTEXT('2D SPACE',''
  ) );
#1194 = PCURVE('',#1195,#1200);
#1195 = PLANE('',#1196);
#1196 = AXIS2_PLACEMENT_3D('',#1197,#1198,#1199);
#1197 = CARTESIAN_POINT('',(5.,8.660254037844,17.7));
#1198 = DIRECTION('',(0.,0.,1.));
#1199 = DIRECTION('',(1.,0.,-0.));
#1200 = DEFINITIONAL_REPRESENTATION('',(#1201),#1205);
#1201 = CIRCLE('',#1202,10.);
#1202 = AXIS2_PLACEMENT_2D('',#1203,#1204);
#1203 = CARTESIAN_POINT('',(-5.,-8.660254037844));
#1204 = DIRECTION('',(1.,0.));
#1205 = ( GEOMETRIC_REPRESENTATION_CONTEXT(2) 
PARAMETRIC_REPRESENTATION_CONTEXT() REPRESENTATION_CONTEXT('2D SPACE',''
  ) );
#1206 = ORIENTED_EDGE('',*,*,#1207,.T.);
#1207 = EDGE_CURVE('',#1179,#1208,#1210,.T.);
#1208 = VERTEX_POINT('',#1209);
#1209 = CARTESIAN_POINT('',(5.8399421946,8.117578158769,33.8));
#1210 = SURFACE_CURVE('',#1211,(#1215,#1221),.PCURVE_S1.);
#1211 = LINE('',#1212,#1213);
#1212 = CARTESIAN_POINT('',(5.8399421946,8.117578158769,15.2));
#1213 = VECTOR('',#1214,1.);
#1214 = DIRECTION('',(0.,0.,1.));
#1215 = PCURVE('',#31,#1216);
#1216 = DEFINITIONAL_REPRESENTATION('',(#1217),#1220);
#1217 = B_SPLINE_CURVE_WITH_KNOTS('',1,(#1218,#1219),.UNSPECIFIED.,.F.,
  .F.,(2,2),(2.4999994,18.6000006),.PIECEWISE_BEZIER_KNOTS.);
#1218 = CARTESIAN_POINT('',(0.947155837585,2.4999994));
#1219 = CARTESIAN_POINT('',(0.947155837585,18.6000006));
#1220 = ( GEOMETRIC_REPRESENTATION_CONTEXT(2) 
PARAMETRIC_REPRESENTATION_CONTEXT() REPRESENTATION_CONTEXT('2D SPACE',''
  ) );
#1221 = PCURVE('',#1167,#1222);
#1222 = DEFINITIONAL_REPRESENTATION('',(#1223),#1226);
#1223 = B_SPLINE_CURVE_WITH_KNOTS('',1,(#1224,#1225),.UNSPECIFIED.,.F.,
  .F.,(2,2),(2.4999994,18.6000006),.PIECEWISE_BEZIER_KNOTS.);
#1224 = CARTESIAN_POINT('',(5.709565674776,-5.999999999062E-07));
#1225 = CARTESIAN_POINT('',(5.709565674776,16.1000006));
#1226 = ( GEOMETRIC_REPRESENTATION_CONTEXT(2) 
PARAMETRIC_REPRESENTATION_CONTEXT() REPRESENTATION_CONTEXT('2D SPACE',''
  ) );
#1227 = ORIENTED_EDGE('',*,*,#1228,.T.);
#1228 = EDGE_CURVE('',#1208,#1153,#1229,.T.);
#1229 = SURFACE_CURVE('',#1230,(#1235,#1242),.PCURVE_S1.);
#1230 = CIRCLE('',#1231,10.);
#1231 = AXIS2_PLACEMENT_3D('',#1232,#1233,#1234);
#1232 = CARTESIAN_POINT('',(0.,0.,33.8));
#1233 = DIRECTION('',(0.,0.,1.));
#1234 = DIRECTION('',(1.,0.,-0.));
#1235 = PCURVE('',#31,#1236);
#1236 = DEFINITIONAL_REPRESENTATION('',(#1237),#1241);
#1237 = LINE('',#1238,#1239);
#1238 = CARTESIAN_POINT('',(0.,18.6));
#1239 = VECTOR('',#1240,1.);
#1240 = DIRECTION('',(1.,0.));
#1241 = ( GEOMETRIC_REPRESENTATION_CONTEXT(2) 
PARAMETRIC_REPRESENTATION_CONTEXT() REPRESENTATION_CONTEXT('2D SPACE',''
  ) );
#1242 = PCURVE('',#1243,#1248);
#1243 = PLANE('',#1244);
#1244 = AXIS2_PLACEMENT_3D('',#1245,#1246,#1247);
#1245 = CARTESIAN_POINT('',(5.,8.660254037844,33.8));
#1246 = DIRECTION('',(0.,0.,1.));
#1247 = DIRECTION('',(1.,0.,-0.));
#1248 = DEFINITIONAL_REPRESENTATION('',(#1249),#1253);
#1249 = CIRCLE('',#1250,10.);
#1250 = AXIS2_PLACEMENT_2D('',#1251,#1252);
#1251 = CARTESIAN_POINT('',(-5.,-8.660254037844));
#1252 = DIRECTION('',(1.,0.));
#1253 = ( GEOMETRIC_REPRESENTATION_CONTEXT(2) 
PARAMETRIC_REPRESENTATION_CONTEXT() REPRESENTATION_CONTEXT('2D SPACE',''
  ) );
#1254 = FACE_BOUND('',#1255,.T.);
#1255 = EDGE_LOOP('',(#1256,#1284,#1313,#1334));
#1256 = ORIENTED_EDGE('',*,*,#1257,.F.);
#1257 = EDGE_CURVE('',#1258,#1260,#1262,.T.);
#1258 = VERTEX_POINT('',#1259);
#1259 = CARTESIAN_POINT('',(1.610531835338,9.869457290417,17.7));
#1260 = VERTEX_POINT('',#1261);
#1261 = CARTESIAN_POINT('',(1.610531835338,9.869457290417,33.8));
#1262 = SURFACE_CURVE('',#1263,(#1267,#1273),.PCURVE_S1.);
#1263 = LINE('',#1264,#1265);
#1264 = CARTESIAN_POINT('',(1.610531835338,9.869457290417,15.2));
#1265 = VECTOR('',#1266,1.);
#1266 = DIRECTION('',(0.,0.,1.));
#1267 = PCURVE('',#31,#1268);
#1268 = DEFINITIONAL_REPRESENTATION('',(#1269),#1272);
#1269 = B_SPLINE_CURVE_WITH_KNOTS('',1,(#1270,#1271),.UNSPECIFIED.,.F.,
  .F.,(2,2),(2.4999994,18.6000006),.PIECEWISE_BEZIER_KNOTS.);
#1270 = CARTESIAN_POINT('',(1.409038652607,2.4999994));
#1271 = CARTESIAN_POINT('',(1.409038652607,18.6000006));
#1272 = ( GEOMETRIC_REPRESENTATION_CONTEXT(2) 
PARAMETRIC_REPRESENTATION_CONTEXT() REPRESENTATION_CONTEXT('2D SPACE',''
  ) );
#1273 = PCURVE('',#1274,#1279);
#1274 = CYLINDRICAL_SURFACE('',#1275,1.);
#1275 = AXIS2_PLACEMENT_3D('',#1276,#1277,#1278);
#1276 = CARTESIAN_POINT('',(2.588190451025,9.659258262891,17.7));
#1277 = DIRECTION('',(0.,0.,1.));
#1278 = DIRECTION('',(1.,0.,-0.));
#1279 = DEFINITIONAL_REPRESENTATION('',(#1280),#1283);
#1280 = B_SPLINE_CURVE_WITH_KNOTS('',1,(#1281,#1282),.UNSPECIFIED.,.F.,
  .F.,(2,2),(2.4999994,18.6000006),.PIECEWISE_BEZIER_KNOTS.);
#1281 = CARTESIAN_POINT('',(2.929814122596,-5.999999999062E-07));
#1282 = CARTESIAN_POINT('',(2.929814122596,16.1000006));
#1283 = ( GEOMETRIC_REPRESENTATION_CONTEXT(2) 
PARAMETRIC_REPRESENTATION_CONTEXT() REPRESENTATION_CONTEXT('2D SPACE',''
  ) );
#1284 = ORIENTED_EDGE('',*,*,#1285,.F.);
#1285 = EDGE_CURVE('',#1286,#1258,#1288,.T.);
#1286 = VERTEX_POINT('',#1287);
#1287 = CARTESIAN_POINT('',(3.539967162202,9.352466652736,17.7));
#1288 = SURFACE_CURVE('',#1289,(#1294,#1301),.PCURVE_S1.);
#1289 = CIRCLE('',#1290,10.);
#1290 = AXIS2_PLACEMENT_3D('',#1291,#1292,#1293);
#1291 = CARTESIAN_POINT('',(0.,0.,17.7));
#1292 = DIRECTION('',(0.,0.,1.));
#1293 = DIRECTION('',(1.,0.,-0.));
#1294 = PCURVE('',#31,#1295);
#1295 = DEFINITIONAL_REPRESENTATION('',(#1296),#1300);
#1296 = LINE('',#1297,#1298);
#1297 = CARTESIAN_POINT('',(0.,2.5));
#1298 = VECTOR('',#1299,1.);
#1299 = DIRECTION('',(1.,0.));
#1300 = ( GEOMETRIC_REPRESENTATION_CONTEXT(2) 
PARAMETRIC_REPRESENTATION_CONTEXT() REPRESENTATION_CONTEXT('2D SPACE',''
  ) );
#1301 = PCURVE('',#1302,#1307);
#1302 = PLANE('',#1303);
#1303 = AXIS2_PLACEMENT_3D('',#1304,#1305,#1306);
#1304 = CARTESIAN_POINT('',(2.588190451025,9.659258262891,17.7));
#1305 = DIRECTION('',(0.,0.,1.));
#1306 = DIRECTION('',(1.,0.,-0.));
#1307 = DEFINITIONAL_REPRESENTATION('',(#1308),#1312);
#1308 = CIRCLE('',#1309,10.);
#1309 = AXIS2_PLACEMENT_2D('',#1310,#1311);
#1310 = CARTESIAN_POINT('',(-2.588190451025,-9.659258262891));
#1311 = DIRECTION('',(1.,0.));
#1312 = ( GEOMETRIC_REPRESENTATION_CONTEXT(2) 
PARAMETRIC_REPRESENTATION_CONTEXT() REPRESENTATION_CONTEXT('2D SPACE',''
  ) );
#1313 = ORIENTED_EDGE('',*,*,#1314,.T.);
#1314 = EDGE_CURVE('',#1286,#1315,#1317,.T.);
#1315 = VERTEX_POINT('',#1316);
#1316 = CARTESIAN_POINT('',(3.539967162202,9.352466652736,33.8));
#1317 = SURFACE_CURVE('',#1318,(#1322,#1328),.PCURVE_S1.);
#1318 = LINE('',#1319,#1320);
#1319 = CARTESIAN_POINT('',(3.539967162202,9.352466652736,15.2));
#1320 = VECTOR('',#1321,1.);
#1321 = DIRECTION('',(0.,0.,1.));
#1322 = PCURVE('',#31,#1323);
#1323 = DEFINITIONAL_REPRESENTATION('',(#1324),#1327);
#1324 = B_SPLINE_CURVE_WITH_KNOTS('',1,(#1325,#1326),.UNSPECIFIED.,.F.,
  .F.,(2,2),(2.4999994,18.6000006),.PIECEWISE_BEZIER_KNOTS.);
#1325 = CARTESIAN_POINT('',(1.208955225384,2.4999994));
#1326 = CARTESIAN_POINT('',(1.208955225384,18.6000006));
#1327 = ( GEOMETRIC_REPRESENTATION_CONTEXT(2) 
PARAMETRIC_REPRESENTATION_CONTEXT() REPRESENTATION_CONTEXT('2D SPACE',''
  ) );
#1328 = PCURVE('',#1274,#1329);
#1329 = DEFINITIONAL_REPRESENTATION('',(#1330),#1333);
#1330 = B_SPLINE_CURVE_WITH_KNOTS('',1,(#1331,#1332),.UNSPECIFIED.,.F.,
  .F.,(2,2),(2.4999994,18.6000006),.PIECEWISE_BEZIER_KNOTS.);
#1331 = CARTESIAN_POINT('',(5.971365062575,-5.999999999062E-07));
#1332 = CARTESIAN_POINT('',(5.971365062575,16.1000006));
#1333 = ( GEOMETRIC_REPRESENTATION_CONTEXT(2) 
PARAMETRIC_REPRESENTATION_CONTEXT() REPRESENTATION_CONTEXT('2D SPACE',''
  ) );
#1334 = ORIENTED_EDGE('',*,*,#1335,.T.);
#1335 = EDGE_CURVE('',#1315,#1260,#1336,.T.);
#1336 = SURFACE_CURVE('',#1337,(#1342,#1349),.PCURVE_S1.);
#1337 = CIRCLE('',#1338,10.);
#1338 = AXIS2_PLACEMENT_3D('',#1339,#1340,#1341);
#1339 = CARTESIAN_POINT('',(0.,0.,33.8));
#1340 = DIRECTION('',(0.,0.,1.));
#1341 = DIRECTION('',(1.,0.,-0.));
#1342 = PCURVE('',#31,#1343);
#1343 = DEFINITIONAL_REPRESENTATION('',(#1344),#1348);
#1344 = LINE('',#1345,#1346);
#1345 = CARTESIAN_POINT('',(0.,18.6));
#1346 = VECTOR('',#1347,1.);
#1347 = DIRECTION('',(1.,0.));
#1348 = ( GEOMETRIC_REPRESENTATION_CONTEXT(2) 
PARAMETRIC_REPRESENTATION_CONTEXT() REPRESENTATION_CONTEXT('2D SPACE',''
  ) );
#1349 = PCURVE('',#1350,#1355);
#1350 = PLANE('',#1351);
#1351 = AXIS2_PLACEMENT_3D('',#1352,#1353,#1354);
#1352 = CARTESIAN_POINT('',(2.588190451025,9.659258262891,33.8));
#1353 = DIRECTION('',(0.,0.,1.));
#1354 = DIRECTION('',(1.,0.,-0.));
#1355 = DEFINITIONAL_REPRESENTATION('',(#1356),#1360);
#1356 = CIRCLE('',#1357,10.);
#1357 = AXIS2_PLACEMENT_2D('',#1358,#1359);
#1358 = CARTESIAN_POINT('',(-2.588190451025,-9.659258262891));
#1359 = DIRECTION('',(1.,0.));
#1360 = ( GEOMETRIC_REPRESENTATION_CONTEXT(2) 
PARAMETRIC_REPRESENTATION_CONTEXT() REPRESENTATION_CONTEXT('2D SPACE',''
  ) );
#1361 = FACE_BOUND('',#1362,.T.);
#1362 = EDGE_LOOP('',(#1363,#1391,#1420,#1441));
#1363 = ORIENTED_EDGE('',*,*,#1364,.F.);
#1364 = EDGE_CURVE('',#1365,#1367,#1369,.T.);
#1365 = VERTEX_POINT('',#1366);
#1366 = CARTESIAN_POINT('',(-0.998749217772,9.95,17.7));
#1367 = VERTEX_POINT('',#1368);
#1368 = CARTESIAN_POINT('',(-0.998749217772,9.95,33.8));
#1369 = SURFACE_CURVE('',#1370,(#1374,#1380),.PCURVE_S1.);
#1370 = LINE('',#1371,#1372);
#1371 = CARTESIAN_POINT('',(-0.998749217772,9.95,15.2));
#1372 = VECTOR('',#1373,1.);
#1373 = DIRECTION('',(0.,0.,1.));
#1374 = PCURVE('',#31,#1375);
#1375 = DEFINITIONAL_REPRESENTATION('',(#1376),#1379);
#1376 = B_SPLINE_CURVE_WITH_KNOTS('',1,(#1377,#1378),.UNSPECIFIED.,.F.,
  .F.,(2,2),(2.4999994,18.6000006),.PIECEWISE_BEZIER_KNOTS.);
#1377 = CARTESIAN_POINT('',(1.670838040406,2.4999994));
#1378 = CARTESIAN_POINT('',(1.670838040406,18.6000006));
#1379 = ( GEOMETRIC_REPRESENTATION_CONTEXT(2) 
PARAMETRIC_REPRESENTATION_CONTEXT() REPRESENTATION_CONTEXT('2D SPACE',''
  ) );
#1380 = PCURVE('',#1381,#1386);
#1381 = CYLINDRICAL_SURFACE('',#1382,1.);
#1382 = AXIS2_PLACEMENT_3D('',#1383,#1384,#1385);
#1383 = CARTESIAN_POINT('',(6.123233995737E-16,10.,17.7));
#1384 = DIRECTION('',(0.,0.,1.));
#1385 = DIRECTION('',(1.,0.,-0.));
#1386 = DEFINITIONAL_REPRESENTATION('',(#1387),#1390);
#1387 = B_SPLINE_CURVE_WITH_KNOTS('',1,(#1388,#1389),.UNSPECIFIED.,.F.,
  .F.,(2,2),(2.4999994,18.6000006),.PIECEWISE_BEZIER_KNOTS.);
#1388 = CARTESIAN_POINT('',(3.191613510396,-5.999999999062E-07));
#1389 = CARTESIAN_POINT('',(3.191613510396,16.1000006));
#1390 = ( GEOMETRIC_REPRESENTATION_CONTEXT(2) 
PARAMETRIC_REPRESENTATION_CONTEXT() REPRESENTATION_CONTEXT('2D SPACE',''
  ) );
#1391 = ORIENTED_EDGE('',*,*,#1392,.F.);
#1392 = EDGE_CURVE('',#1393,#1365,#1395,.T.);
#1393 = VERTEX_POINT('',#1394);
#1394 = CARTESIAN_POINT('',(0.998749217772,9.95,17.7));
#1395 = SURFACE_CURVE('',#1396,(#1401,#1408),.PCURVE_S1.);
#1396 = CIRCLE('',#1397,10.);
#1397 = AXIS2_PLACEMENT_3D('',#1398,#1399,#1400);
#1398 = CARTESIAN_POINT('',(0.,0.,17.7));
#1399 = DIRECTION('',(0.,0.,1.));
#1400 = DIRECTION('',(1.,0.,-0.));
#1401 = PCURVE('',#31,#1402);
#1402 = DEFINITIONAL_REPRESENTATION('',(#1403),#1407);
#1403 = LINE('',#1404,#1405);
#1404 = CARTESIAN_POINT('',(0.,2.5));
#1405 = VECTOR('',#1406,1.);
#1406 = DIRECTION('',(1.,0.));
#1407 = ( GEOMETRIC_REPRESENTATION_CONTEXT(2) 
PARAMETRIC_REPRESENTATION_CONTEXT() REPRESENTATION_CONTEXT('2D SPACE',''
  ) );
#1408 = PCURVE('',#1409,#1414);
#1409 = PLANE('',#1410);
#1410 = AXIS2_PLACEMENT_3D('',#1411,#1412,#1413);
#1411 = CARTESIAN_POINT('',(6.123233995737E-16,10.,17.7));
#1412 = DIRECTION('',(0.,0.,1.));
#1413 = DIRECTION('',(1.,0.,-0.));
#1414 = DEFINITIONAL_REPRESENTATION('',(#1415),#1419);
#1415 = CIRCLE('',#1416,10.);
#1416 = AXIS2_PLACEMENT_2D('',#1417,#1418);
#1417 = CARTESIAN_POINT('',(-6.123233995737E-16,-10.));
#1418 = DIRECTION('',(1.,0.));
#1419 = ( GEOMETRIC_REPRESENTATION_CONTEXT(2) 
PARAMETRIC_REPRESENTATION_CONTEXT() REPRESENTATION_CONTEXT('2D SPACE',''
  ) );
#1420 = ORIENTED_EDGE('',*,*,#1421,.T.);
#1421 = EDGE_CURVE('',#1393,#1422,#1424,.T.);
#1422 = VERTEX_POINT('',#1423);
#1423 = CARTESIAN_POINT('',(0.998749217772,9.95,33.8));
#1424 = SURFACE_CURVE('',#1425,(#1429,#1435),.PCURVE_S1.);
#1425 = LINE('',#1426,#1427);
#1426 = CARTESIAN_POINT('',(0.998749217772,9.95,15.2));
#1427 = VECTOR('',#1428,1.);
#1428 = DIRECTION('',(0.,0.,1.));
#1429 = PCURVE('',#31,#1430);
#1430 = DEFINITIONAL_REPRESENTATION('',(#1431),#1434);
#1431 = B_SPLINE_CURVE_WITH_KNOTS('',1,(#1432,#1433),.UNSPECIFIED.,.F.,
  .F.,(2,2),(2.4999994,18.6000006),.PIECEWISE_BEZIER_KNOTS.);
#1432 = CARTESIAN_POINT('',(1.470754613183,2.4999994));
#1433 = CARTESIAN_POINT('',(1.470754613183,18.6000006));
#1434 = ( GEOMETRIC_REPRESENTATION_CONTEXT(2) 
PARAMETRIC_REPRESENTATION_CONTEXT() REPRESENTATION_CONTEXT('2D SPACE',''
  ) );
#1435 = PCURVE('',#1381,#1436);
#1436 = DEFINITIONAL_REPRESENTATION('',(#1437),#1440);
#1437 = B_SPLINE_CURVE_WITH_KNOTS('',1,(#1438,#1439),.UNSPECIFIED.,.F.,
  .F.,(2,2),(2.4999994,18.6000006),.PIECEWISE_BEZIER_KNOTS.);
#1438 = CARTESIAN_POINT('',(6.233164450374,-5.999999999062E-07));
#1439 = CARTESIAN_POINT('',(6.233164450374,16.1000006));
#1440 = ( GEOMETRIC_REPRESENTATION_CONTEXT(2) 
PARAMETRIC_REPRESENTATION_CONTEXT() REPRESENTATION_CONTEXT('2D SPACE',''
  ) );
#1441 = ORIENTED_EDGE('',*,*,#1442,.T.);
#1442 = EDGE_CURVE('',#1422,#1367,#1443,.T.);
#1443 = SURFACE_CURVE('',#1444,(#1449,#1456),.PCURVE_S1.);
#1444 = CIRCLE('',#1445,10.);
#1445 = AXIS2_PLACEMENT_3D('',#1446,#1447,#1448);
#1446 = CARTESIAN_POINT('',(0.,0.,33.8));
#1447 = DIRECTION('',(0.,0.,1.));
#1448 = DIRECTION('',(1.,0.,-0.));
#1449 = PCURVE('',#31,#1450);
#1450 = DEFINITIONAL_REPRESENTATION('',(#1451),#1455);
#1451 = LINE('',#1452,#1453);
#1452 = CARTESIAN_POINT('',(0.,18.6));
#1453 = VECTOR('',#1454,1.);
#1454 = DIRECTION('',(1.,0.));
#1455 = ( GEOMETRIC_REPRESENTATION_CONTEXT(2) 
PARAMETRIC_REPRESENTATION_CONTEXT() REPRESENTATION_CONTEXT('2D SPACE',''
  ) );
#1456 = PCURVE('',#1457,#1462);
#1457 = PLANE('',#1458);
#1458 = AXIS2_PLACEMENT_3D('',#1459,#1460,#1461);
#1459 = CARTESIAN_POINT('',(6.123233995737E-16,10.,33.8));
#1460 = DIRECTION('',(0.,0.,1.));
#1461 = DIRECTION('',(1.,0.,-0.));
#1462 = DEFINITIONAL_REPRESENTATION('',(#1463),#1467);
#1463 = CIRCLE('',#1464,10.);
#1464 = AXIS2_PLACEMENT_2D('',#1465,#1466);
#1465 = CARTESIAN_POINT('',(-6.123233995737E-16,-10.));
#1466 = DIRECTION('',(1.,0.));
#1467 = ( GEOMETRIC_REPRESENTATION_CONTEXT(2) 
PARAMETRIC_REPRESENTATION_CONTEXT() REPRESENTATION_CONTEXT('2D SPACE',''
  ) );
#1468 = FACE_BOUND('',#1469,.T.);
#1469 = EDGE_LOOP('',(#1470,#1498,#1527,#1548));
#1470 = ORIENTED_EDGE('',*,*,#1471,.F.);
#1471 = EDGE_CURVE('',#1472,#1474,#1476,.T.);
#1472 = VERTEX_POINT('',#1473);
#1473 = CARTESIAN_POINT('',(-3.539967162202,9.352466652736,17.7));
#1474 = VERTEX_POINT('',#1475);
#1475 = CARTESIAN_POINT('',(-3.539967162202,9.352466652736,33.8));
#1476 = SURFACE_CURVE('',#1477,(#1481,#1487),.PCURVE_S1.);
#1477 = LINE('',#1478,#1479);
#1478 = CARTESIAN_POINT('',(-3.539967162202,9.352466652736,15.2));
#1479 = VECTOR('',#1480,1.);
#1480 = DIRECTION('',(0.,0.,1.));
#1481 = PCURVE('',#31,#1482);
#1482 = DEFINITIONAL_REPRESENTATION('',(#1483),#1486);
#1483 = B_SPLINE_CURVE_WITH_KNOTS('',1,(#1484,#1485),.UNSPECIFIED.,.F.,
  .F.,(2,2),(2.4999994,18.6000006),.PIECEWISE_BEZIER_KNOTS.);
#1484 = CARTESIAN_POINT('',(1.932637428206,2.4999994));
#1485 = CARTESIAN_POINT('',(1.932637428206,18.6000006));
#1486 = ( GEOMETRIC_REPRESENTATION_CONTEXT(2) 
PARAMETRIC_REPRESENTATION_CONTEXT() REPRESENTATION_CONTEXT('2D SPACE',''
  ) );
#1487 = PCURVE('',#1488,#1493);
#1488 = CYLINDRICAL_SURFACE('',#1489,1.);
#1489 = AXIS2_PLACEMENT_3D('',#1490,#1491,#1492);
#1490 = CARTESIAN_POINT('',(-2.588190451025,9.659258262891,17.7));
#1491 = DIRECTION('',(0.,0.,1.));
#1492 = DIRECTION('',(1.,0.,-0.));
#1493 = DEFINITIONAL_REPRESENTATION('',(#1494),#1497);
#1494 = B_SPLINE_CURVE_WITH_KNOTS('',1,(#1495,#1496),.UNSPECIFIED.,.F.,
  .F.,(2,2),(2.5,18.6),.PIECEWISE_BEZIER_KNOTS.);
#1495 = CARTESIAN_POINT('',(3.453412898195,0.));
#1496 = CARTESIAN_POINT('',(3.453412898195,16.1));
#1497 = ( GEOMETRIC_REPRESENTATION_CONTEXT(2) 
PARAMETRIC_REPRESENTATION_CONTEXT() REPRESENTATION_CONTEXT('2D SPACE',''
  ) );
#1498 = ORIENTED_EDGE('',*,*,#1499,.F.);
#1499 = EDGE_CURVE('',#1500,#1472,#1502,.T.);
#1500 = VERTEX_POINT('',#1501);
#1501 = CARTESIAN_POINT('',(-1.610531835338,9.869457290417,17.7));
#1502 = SURFACE_CURVE('',#1503,(#1508,#1515),.PCURVE_S1.);
#1503 = CIRCLE('',#1504,10.);
#1504 = AXIS2_PLACEMENT_3D('',#1505,#1506,#1507);
#1505 = CARTESIAN_POINT('',(0.,0.,17.7));
#1506 = DIRECTION('',(0.,0.,1.));
#1507 = DIRECTION('',(1.,0.,-0.));
#1508 = PCURVE('',#31,#1509);
#1509 = DEFINITIONAL_REPRESENTATION('',(#1510),#1514);
#1510 = LINE('',#1511,#1512);
#1511 = CARTESIAN_POINT('',(0.,2.5));
#1512 = VECTOR('',#1513,1.);
#1513 = DIRECTION('',(1.,0.));
#1514 = ( GEOMETRIC_REPRESENTATION_CONTEXT(2) 
PARAMETRIC_REPRESENTATION_CONTEXT() REPRESENTATION_CONTEXT('2D SPACE',''
  ) );
#1515 = PCURVE('',#1516,#1521);
#1516 = PLANE('',#1517);
#1517 = AXIS2_PLACEMENT_3D('',#1518,#1519,#1520);
#1518 = CARTESIAN_POINT('',(-2.588190451025,9.659258262891,17.7));
#1519 = DIRECTION('',(0.,0.,1.));
#1520 = DIRECTION('',(1.,0.,-0.));
#1521 = DEFINITIONAL_REPRESENTATION('',(#1522),#1526);
#1522 = CIRCLE('',#1523,10.);
#1523 = AXIS2_PLACEMENT_2D('',#1524,#1525);
#1524 = CARTESIAN_POINT('',(2.588190451025,-9.659258262891));
#1525 = DIRECTION('',(1.,0.));
#1526 = ( GEOMETRIC_REPRESENTATION_CONTEXT(2) 
PARAMETRIC_REPRESENTATION_CONTEXT() REPRESENTATION_CONTEXT('2D SPACE',''
  ) );
#1527 = ORIENTED_EDGE('',*,*,#1528,.T.);
#1528 = EDGE_CURVE('',#1500,#1529,#1531,.T.);
#1529 = VERTEX_POINT('',#1530);
#1530 = CARTESIAN_POINT('',(-1.610531835338,9.869457290417,33.8));
#1531 = SURFACE_CURVE('',#1532,(#1536,#1542),.PCURVE_S1.);
#1532 = LINE('',#1533,#1534);
#1533 = CARTESIAN_POINT('',(-1.610531835338,9.869457290417,15.2));
#1534 = VECTOR('',#1535,1.);
#1535 = DIRECTION('',(0.,0.,1.));
#1536 = PCURVE('',#31,#1537);
#1537 = DEFINITIONAL_REPRESENTATION('',(#1538),#1541);
#1538 = B_SPLINE_CURVE_WITH_KNOTS('',1,(#1539,#1540),.UNSPECIFIED.,.F.,
  .F.,(2,2),(2.4999994,18.6000006),.PIECEWISE_BEZIER_KNOTS.);
#1539 = CARTESIAN_POINT('',(1.732554000983,2.4999994));
#1540 = CARTESIAN_POINT('',(1.732554000983,18.6000006));
#1541 = ( GEOMETRIC_REPRESENTATION_CONTEXT(2) 
PARAMETRIC_REPRESENTATION_CONTEXT() REPRESENTATION_CONTEXT('2D SPACE',''
  ) );
#1542 = PCURVE('',#1488,#1543);
#1543 = DEFINITIONAL_REPRESENTATION('',(#1544),#1547);
#1544 = B_SPLINE_CURVE_WITH_KNOTS('',1,(#1545,#1546),.UNSPECIFIED.,.F.,
  .F.,(2,2),(2.5,18.6),.PIECEWISE_BEZIER_KNOTS.);
#1545 = CARTESIAN_POINT('',(6.494963838173,0.));
#1546 = CARTESIAN_POINT('',(6.494963838173,16.1));
#1547 = ( GEOMETRIC_REPRESENTATION_CONTEXT(2) 
PARAMETRIC_REPRESENTATION_CONTEXT() REPRESENTATION_CONTEXT('2D SPACE',''
  ) );
#1548 = ORIENTED_EDGE('',*,*,#1549,.T.);
#1549 = EDGE_CURVE('',#1529,#1474,#1550,.T.);
#1550 = SURFACE_CURVE('',#1551,(#1556,#1563),.PCURVE_S1.);
#1551 = CIRCLE('',#1552,10.);
#1552 = AXIS2_PLACEMENT_3D('',#1553,#1554,#1555);
#1553 = CARTESIAN_POINT('',(0.,0.,33.8));
#1554 = DIRECTION('',(0.,0.,1.));
#1555 = DIRECTION('',(1.,0.,-0.));
#1556 = PCURVE('',#31,#1557);
#1557 = DEFINITIONAL_REPRESENTATION('',(#1558),#1562);
#1558 = LINE('',#1559,#1560);
#1559 = CARTESIAN_POINT('',(0.,18.6));
#1560 = VECTOR('',#1561,1.);
#1561 = DIRECTION('',(1.,0.));
#1562 = ( GEOMETRIC_REPRESENTATION_CONTEXT(2) 
PARAMETRIC_REPRESENTATION_CONTEXT() REPRESENTATION_CONTEXT('2D SPACE',''
  ) );
#1563 = PCURVE('',#1564,#1569);
#1564 = PLANE('',#1565);
#1565 = AXIS2_PLACEMENT_3D('',#1566,#1567,#1568);
#1566 = CARTESIAN_POINT('',(-2.588190451025,9.659258262891,33.8));
#1567 = DIRECTION('',(0.,0.,1.));
#1568 = DIRECTION('',(1.,0.,-0.));
#1569 = DEFINITIONAL_REPRESENTATION('',(#1570),#1574);
#1570 = CIRCLE('',#1571,10.);
#1571 = AXIS2_PLACEMENT_2D('',#1572,#1573);
#1572 = CARTESIAN_POINT('',(2.588190451025,-9.659258262891));
#1573 = DIRECTION('',(1.,0.));
#1574 = ( GEOMETRIC_REPRESENTATION_CONTEXT(2) 
PARAMETRIC_REPRESENTATION_CONTEXT() REPRESENTATION_CONTEXT('2D SPACE',''
  ) );
#1575 = FACE_BOUND('',#1576,.T.);
#1576 = EDGE_LOOP('',(#1577,#1605,#1634,#1655));
#1577 = ORIENTED_EDGE('',*,*,#1578,.F.);
#1578 = EDGE_CURVE('',#1579,#1581,#1583,.T.);
#1579 = VERTEX_POINT('',#1580);
#1580 = CARTESIAN_POINT('',(-5.8399421946,8.117578158769,17.7));
#1581 = VERTEX_POINT('',#1582);
#1582 = CARTESIAN_POINT('',(-5.8399421946,8.117578158769,33.8));
#1583 = SURFACE_CURVE('',#1584,(#1588,#1594),.PCURVE_S1.);
#1584 = LINE('',#1585,#1586);
#1585 = CARTESIAN_POINT('',(-5.8399421946,8.117578158769,15.2));
#1586 = VECTOR('',#1587,1.);
#1587 = DIRECTION('',(0.,0.,1.));
#1588 = PCURVE('',#31,#1589);
#1589 = DEFINITIONAL_REPRESENTATION('',(#1590),#1593);
#1590 = B_SPLINE_CURVE_WITH_KNOTS('',1,(#1591,#1592),.UNSPECIFIED.,.F.,
  .F.,(2,2),(2.4999994,18.6000006),.PIECEWISE_BEZIER_KNOTS.);
#1591 = CARTESIAN_POINT('',(2.194436816005,2.4999994));
#1592 = CARTESIAN_POINT('',(2.194436816005,18.6000006));
#1593 = ( GEOMETRIC_REPRESENTATION_CONTEXT(2) 
PARAMETRIC_REPRESENTATION_CONTEXT() REPRESENTATION_CONTEXT('2D SPACE',''
  ) );
#1594 = PCURVE('',#1595,#1600);
#1595 = CYLINDRICAL_SURFACE('',#1596,1.);
#1596 = AXIS2_PLACEMENT_3D('',#1597,#1598,#1599);
#1597 = CARTESIAN_POINT('',(-5.,8.660254037844,17.7));
#1598 = DIRECTION('',(0.,0.,1.));
#1599 = DIRECTION('',(1.,0.,-0.));
#1600 = DEFINITIONAL_REPRESENTATION('',(#1601),#1604);
#1601 = B_SPLINE_CURVE_WITH_KNOTS('',1,(#1602,#1603),.UNSPECIFIED.,.F.,
  .F.,(2,2),(2.5,18.6),.PIECEWISE_BEZIER_KNOTS.);
#1602 = CARTESIAN_POINT('',(3.715212285994,0.));
#1603 = CARTESIAN_POINT('',(3.715212285994,16.1));
#1604 = ( GEOMETRIC_REPRESENTATION_CONTEXT(2) 
PARAMETRIC_REPRESENTATION_CONTEXT() REPRESENTATION_CONTEXT('2D SPACE',''
  ) );
#1605 = ORIENTED_EDGE('',*,*,#1606,.F.);
#1606 = EDGE_CURVE('',#1607,#1579,#1609,.T.);
#1607 = VERTEX_POINT('',#1608);
#1608 = CARTESIAN_POINT('',(-4.1100578054,9.116327376541,17.7));
#1609 = SURFACE_CURVE('',#1610,(#1615,#1622),.PCURVE_S1.);
#1610 = CIRCLE('',#1611,10.);
#1611 = AXIS2_PLACEMENT_3D('',#1612,#1613,#1614);
#1612 = CARTESIAN_POINT('',(0.,0.,17.7));
#1613 = DIRECTION('',(0.,0.,1.));
#1614 = DIRECTION('',(1.,0.,-0.));
#1615 = PCURVE('',#31,#1616);
#1616 = DEFINITIONAL_REPRESENTATION('',(#1617),#1621);
#1617 = LINE('',#1618,#1619);
#1618 = CARTESIAN_POINT('',(0.,2.5));
#1619 = VECTOR('',#1620,1.);
#1620 = DIRECTION('',(1.,0.));
#1621 = ( GEOMETRIC_REPRESENTATION_CONTEXT(2) 
PARAMETRIC_REPRESENTATION_CONTEXT() REPRESENTATION_CONTEXT('2D SPACE',''
  ) );
#1622 = PCURVE('',#1623,#1628);
#1623 = PLANE('',#1624);
#1624 = AXIS2_PLACEMENT_3D('',#1625,#1626,#1627);
#1625 = CARTESIAN_POINT('',(-5.,8.660254037844,17.7));
#1626 = DIRECTION('',(0.,0.,1.));
#1627 = DIRECTION('',(1.,0.,-0.));
#1628 = DEFINITIONAL_REPRESENTATION('',(#1629),#1633);
#1629 = CIRCLE('',#1630,10.);
#1630 = AXIS2_PLACEMENT_2D('',#1631,#1632);
#1631 = CARTESIAN_POINT('',(5.,-8.660254037844));
#1632 = DIRECTION('',(1.,0.));
#1633 = ( GEOMETRIC_REPRESENTATION_CONTEXT(2) 
PARAMETRIC_REPRESENTATION_CONTEXT() REPRESENTATION_CONTEXT('2D SPACE',''
  ) );
#1634 = ORIENTED_EDGE('',*,*,#1635,.T.);
#1635 = EDGE_CURVE('',#1607,#1636,#1638,.T.);
#1636 = VERTEX_POINT('',#1637);
#1637 = CARTESIAN_POINT('',(-4.1100578054,9.116327376541,33.8));
#1638 = SURFACE_CURVE('',#1639,(#1643,#1649),.PCURVE_S1.);
#1639 = LINE('',#1640,#1641);
#1640 = CARTESIAN_POINT('',(-4.1100578054,9.116327376541,15.2));
#1641 = VECTOR('',#1642,1.);
#1642 = DIRECTION('',(0.,0.,1.));
#1643 = PCURVE('',#31,#1644);
#1644 = DEFINITIONAL_REPRESENTATION('',(#1645),#1648);
#1645 = B_SPLINE_CURVE_WITH_KNOTS('',1,(#1646,#1647),.UNSPECIFIED.,.F.,
  .F.,(2,2),(2.4999994,18.6000006),.PIECEWISE_BEZIER_KNOTS.);
#1646 = CARTESIAN_POINT('',(1.994353388782,2.4999994));
#1647 = CARTESIAN_POINT('',(1.994353388782,18.6000006));
#1648 = ( GEOMETRIC_REPRESENTATION_CONTEXT(2) 
PARAMETRIC_REPRESENTATION_CONTEXT() REPRESENTATION_CONTEXT('2D SPACE',''
  ) );
#1649 = PCURVE('',#1595,#1650);
#1650 = DEFINITIONAL_REPRESENTATION('',(#1651),#1654);
#1651 = B_SPLINE_CURVE_WITH_KNOTS('',1,(#1652,#1653),.UNSPECIFIED.,.F.,
  .F.,(2,2),(2.5,18.6),.PIECEWISE_BEZIER_KNOTS.);
#1652 = CARTESIAN_POINT('',(6.756763225972,0.));
#1653 = CARTESIAN_POINT('',(6.756763225972,16.1));
#1654 = ( GEOMETRIC_REPRESENTATION_CONTEXT(2) 
PARAMETRIC_REPRESENTATION_CONTEXT() REPRESENTATION_CONTEXT('2D SPACE',''
  ) );
#1655 = ORIENTED_EDGE('',*,*,#1656,.T.);
#1656 = EDGE_CURVE('',#1636,#1581,#1657,.T.);
#1657 = SURFACE_CURVE('',#1658,(#1663,#1670),.PCURVE_S1.);
#1658 = CIRCLE('',#1659,10.);
#1659 = AXIS2_PLACEMENT_3D('',#1660,#1661,#1662);
#1660 = CARTESIAN_POINT('',(0.,0.,33.8));
#1661 = DIRECTION('',(0.,0.,1.));
#1662 = DIRECTION('',(1.,0.,-0.));
#1663 = PCURVE('',#31,#1664);
#1664 = DEFINITIONAL_REPRESENTATION('',(#1665),#1669);
#1665 = LINE('',#1666,#1667);
#1666 = CARTESIAN_POINT('',(0.,18.6));
#1667 = VECTOR('',#1668,1.);
#1668 = DIRECTION('',(1.,0.));
#1669 = ( GEOMETRIC_REPRESENTATION_CONTEXT(2) 
PARAMETRIC_REPRESENTATION_CONTEXT() REPRESENTATION_CONTEXT('2D SPACE',''
  ) );
#1670 = PCURVE('',#1671,#1676);
#1671 = PLANE('',#1672);
#1672 = AXIS2_PLACEMENT_3D('',#1673,#1674,#1675);
#1673 = CARTESIAN_POINT('',(-5.,8.660254037844,33.8));
#1674 = DIRECTION('',(0.,0.,1.));
#1675 = DIRECTION('',(1.,0.,-0.));
#1676 = DEFINITIONAL_REPRESENTATION('',(#1677),#1681);
#1677 = CIRCLE('',#1678,10.);
#1678 = AXIS2_PLACEMENT_2D('',#1679,#1680);
#1679 = CARTESIAN_POINT('',(5.,-8.660254037844));
#1680 = DIRECTION('',(1.,0.));
#1681 = ( GEOMETRIC_REPRESENTATION_CONTEXT(2) 
PARAMETRIC_REPRESENTATION_CONTEXT() REPRESENTATION_CONTEXT('2D SPACE',''
  ) );
#1682 = FACE_BOUND('',#1683,.T.);
#1683 = EDGE_LOOP('',(#1684,#1712,#1741,#1762));
#1684 = ORIENTED_EDGE('',*,*,#1685,.F.);
#1685 = EDGE_CURVE('',#1686,#1688,#1690,.T.);
#1686 = VERTEX_POINT('',#1687);
#1687 = CARTESIAN_POINT('',(-7.741934817397,6.329490128215,17.7));
#1688 = VERTEX_POINT('',#1689);
#1689 = CARTESIAN_POINT('',(-7.741934817397,6.329490128215,33.8));
#1690 = SURFACE_CURVE('',#1691,(#1695,#1701),.PCURVE_S1.);
#1691 = LINE('',#1692,#1693);
#1692 = CARTESIAN_POINT('',(-7.741934817397,6.329490128215,15.2));
#1693 = VECTOR('',#1694,1.);
#1694 = DIRECTION('',(0.,0.,1.));
#1695 = PCURVE('',#31,#1696);
#1696 = DEFINITIONAL_REPRESENTATION('',(#1697),#1700);
#1697 = B_SPLINE_CURVE_WITH_KNOTS('',1,(#1698,#1699),.UNSPECIFIED.,.F.,
  .F.,(2,2),(2.4999994,18.6000006),.PIECEWISE_BEZIER_KNOTS.);
#1698 = CARTESIAN_POINT('',(2.456236203804,2.4999994));
#1699 = CARTESIAN_POINT('',(2.456236203804,18.6000006));
#1700 = ( GEOMETRIC_REPRESENTATION_CONTEXT(2) 
PARAMETRIC_REPRESENTATION_CONTEXT() REPRESENTATION_CONTEXT('2D SPACE',''
  ) );
#1701 = PCURVE('',#1702,#1707);
#1702 = CYLINDRICAL_SURFACE('',#1703,1.);
#1703 = AXIS2_PLACEMENT_3D('',#1704,#1705,#1706);
#1704 = CARTESIAN_POINT('',(-7.071067811865,7.071067811865,17.7));
#1705 = DIRECTION('',(0.,0.,1.));
#1706 = DIRECTION('',(1.,0.,-0.));
#1707 = DEFINITIONAL_REPRESENTATION('',(#1708),#1711);
#1708 = B_SPLINE_CURVE_WITH_KNOTS('',1,(#1709,#1710),.UNSPECIFIED.,.F.,
  .F.,(2,2),(2.5,18.6),.PIECEWISE_BEZIER_KNOTS.);
#1709 = CARTESIAN_POINT('',(3.977011673793,0.));
#1710 = CARTESIAN_POINT('',(3.977011673793,16.1));
#1711 = ( GEOMETRIC_REPRESENTATION_CONTEXT(2) 
PARAMETRIC_REPRESENTATION_CONTEXT() REPRESENTATION_CONTEXT('2D SPACE',''
  ) );
#1712 = ORIENTED_EDGE('',*,*,#1713,.F.);
#1713 = EDGE_CURVE('',#1714,#1686,#1716,.T.);
#1714 = VERTEX_POINT('',#1715);
#1715 = CARTESIAN_POINT('',(-6.329490128215,7.741934817397,17.7));
#1716 = SURFACE_CURVE('',#1717,(#1722,#1729),.PCURVE_S1.);
#1717 = CIRCLE('',#1718,10.);
#1718 = AXIS2_PLACEMENT_3D('',#1719,#1720,#1721);
#1719 = CARTESIAN_POINT('',(0.,0.,17.7));
#1720 = DIRECTION('',(0.,0.,1.));
#1721 = DIRECTION('',(1.,0.,-0.));
#1722 = PCURVE('',#31,#1723);
#1723 = DEFINITIONAL_REPRESENTATION('',(#1724),#1728);
#1724 = LINE('',#1725,#1726);
#1725 = CARTESIAN_POINT('',(0.,2.5));
#1726 = VECTOR('',#1727,1.);
#1727 = DIRECTION('',(1.,0.));
#1728 = ( GEOMETRIC_REPRESENTATION_CONTEXT(2) 
PARAMETRIC_REPRESENTATION_CONTEXT() REPRESENTATION_CONTEXT('2D SPACE',''
  ) );
#1729 = PCURVE('',#1730,#1735);
#1730 = PLANE('',#1731);
#1731 = AXIS2_PLACEMENT_3D('',#1732,#1733,#1734);
#1732 = CARTESIAN_POINT('',(-7.071067811865,7.071067811865,17.7));
#1733 = DIRECTION('',(0.,0.,1.));
#1734 = DIRECTION('',(1.,0.,-0.));
#1735 = DEFINITIONAL_REPRESENTATION('',(#1736),#1740);
#1736 = CIRCLE('',#1737,10.);
#1737 = AXIS2_PLACEMENT_2D('',#1738,#1739);
#1738 = CARTESIAN_POINT('',(7.071067811865,-7.071067811865));
#1739 = DIRECTION('',(1.,0.));
#1740 = ( GEOMETRIC_REPRESENTATION_CONTEXT(2) 
PARAMETRIC_REPRESENTATION_CONTEXT() REPRESENTATION_CONTEXT('2D SPACE',''
  ) );
#1741 = ORIENTED_EDGE('',*,*,#1742,.T.);
#1742 = EDGE_CURVE('',#1714,#1743,#1745,.T.);
#1743 = VERTEX_POINT('',#1744);
#1744 = CARTESIAN_POINT('',(-6.329490128215,7.741934817397,33.8));
#1745 = SURFACE_CURVE('',#1746,(#1750,#1756),.PCURVE_S1.);
#1746 = LINE('',#1747,#1748);
#1747 = CARTESIAN_POINT('',(-6.329490128215,7.741934817397,15.2));
#1748 = VECTOR('',#1749,1.);
#1749 = DIRECTION('',(0.,0.,1.));
#1750 = PCURVE('',#31,#1751);
#1751 = DEFINITIONAL_REPRESENTATION('',(#1752),#1755);
#1752 = B_SPLINE_CURVE_WITH_KNOTS('',1,(#1753,#1754),.UNSPECIFIED.,.F.,
  .F.,(2,2),(2.4999994,18.6000006),.PIECEWISE_BEZIER_KNOTS.);
#1753 = CARTESIAN_POINT('',(2.256152776581,2.4999994));
#1754 = CARTESIAN_POINT('',(2.256152776581,18.6000006));
#1755 = ( GEOMETRIC_REPRESENTATION_CONTEXT(2) 
PARAMETRIC_REPRESENTATION_CONTEXT() REPRESENTATION_CONTEXT('2D SPACE',''
  ) );
#1756 = PCURVE('',#1702,#1757);
#1757 = DEFINITIONAL_REPRESENTATION('',(#1758),#1761);
#1758 = B_SPLINE_CURVE_WITH_KNOTS('',1,(#1759,#1760),.UNSPECIFIED.,.F.,
  .F.,(2,2),(2.5,18.6),.PIECEWISE_BEZIER_KNOTS.);
#1759 = CARTESIAN_POINT('',(7.018562613771,0.));
#1760 = CARTESIAN_POINT('',(7.018562613771,16.1));
#1761 = ( GEOMETRIC_REPRESENTATION_CONTEXT(2) 
PARAMETRIC_REPRESENTATION_CONTEXT() REPRESENTATION_CONTEXT('2D SPACE',''
  ) );
#1762 = ORIENTED_EDGE('',*,*,#1763,.T.);
#1763 = EDGE_CURVE('',#1743,#1688,#1764,.T.);
#1764 = SURFACE_CURVE('',#1765,(#1770,#1777),.PCURVE_S1.);
#1765 = CIRCLE('',#1766,10.);
#1766 = AXIS2_PLACEMENT_3D('',#1767,#1768,#1769);
#1767 = CARTESIAN_POINT('',(0.,0.,33.8));
#1768 = DIRECTION('',(0.,0.,1.));
#1769 = DIRECTION('',(1.,0.,-0.));
#1770 = PCURVE('',#31,#1771);
#1771 = DEFINITIONAL_REPRESENTATION('',(#1772),#1776);
#1772 = LINE('',#1773,#1774);
#1773 = CARTESIAN_POINT('',(0.,18.6));
#1774 = VECTOR('',#1775,1.);
#1775 = DIRECTION('',(1.,0.));
#1776 = ( GEOMETRIC_REPRESENTATION_CONTEXT(2) 
PARAMETRIC_REPRESENTATION_CONTEXT() REPRESENTATION_CONTEXT('2D SPACE',''
  ) );
#1777 = PCURVE('',#1778,#1783);
#1778 = PLANE('',#1779);
#1779 = AXIS2_PLACEMENT_3D('',#1780,#1781,#1782);
#1780 = CARTESIAN_POINT('',(-7.071067811865,7.071067811865,33.8));
#1781 = DIRECTION('',(0.,0.,1.));
#1782 = DIRECTION('',(1.,0.,-0.));
#1783 = DEFINITIONAL_REPRESENTATION('',(#1784),#1788);
#1784 = CIRCLE('',#1785,10.);
#1785 = AXIS2_PLACEMENT_2D('',#1786,#1787);
#1786 = CARTESIAN_POINT('',(7.071067811865,-7.071067811865));
#1787 = DIRECTION('',(1.,0.));
#1788 = ( GEOMETRIC_REPRESENTATION_CONTEXT(2) 
PARAMETRIC_REPRESENTATION_CONTEXT() REPRESENTATION_CONTEXT('2D SPACE',''
  ) );
#1789 = FACE_BOUND('',#1790,.T.);
#1790 = EDGE_LOOP('',(#1791,#1819,#1848,#1869));
#1791 = ORIENTED_EDGE('',*,*,#1792,.F.);
#1792 = EDGE_CURVE('',#1793,#1795,#1797,.T.);
#1793 = VERTEX_POINT('',#1794);
#1794 = CARTESIAN_POINT('',(-9.116327376541,4.1100578054,17.7));
#1795 = VERTEX_POINT('',#1796);
#1796 = CARTESIAN_POINT('',(-9.116327376541,4.1100578054,33.8));
#1797 = SURFACE_CURVE('',#1798,(#1802,#1808),.PCURVE_S1.);
#1798 = LINE('',#1799,#1800);
#1799 = CARTESIAN_POINT('',(-9.116327376541,4.1100578054,15.2));
#1800 = VECTOR('',#1801,1.);
#1801 = DIRECTION('',(0.,0.,1.));
#1802 = PCURVE('',#31,#1803);
#1803 = DEFINITIONAL_REPRESENTATION('',(#1804),#1807);
#1804 = B_SPLINE_CURVE_WITH_KNOTS('',1,(#1805,#1806),.UNSPECIFIED.,.F.,
  .F.,(2,2),(2.4999994,18.6000006),.PIECEWISE_BEZIER_KNOTS.);
#1805 = CARTESIAN_POINT('',(2.718035591603,2.4999994));
#1806 = CARTESIAN_POINT('',(2.718035591603,18.6000006));
#1807 = ( GEOMETRIC_REPRESENTATION_CONTEXT(2) 
PARAMETRIC_REPRESENTATION_CONTEXT() REPRESENTATION_CONTEXT('2D SPACE',''
  ) );
#1808 = PCURVE('',#1809,#1814);
#1809 = CYLINDRICAL_SURFACE('',#1810,1.);
#1810 = AXIS2_PLACEMENT_3D('',#1811,#1812,#1813);
#1811 = CARTESIAN_POINT('',(-8.660254037844,5.,17.7));
#1812 = DIRECTION('',(0.,0.,1.));
#1813 = DIRECTION('',(1.,0.,-0.));
#1814 = DEFINITIONAL_REPRESENTATION('',(#1815),#1818);
#1815 = B_SPLINE_CURVE_WITH_KNOTS('',1,(#1816,#1817),.UNSPECIFIED.,.F.,
  .F.,(2,2),(2.5,18.6),.PIECEWISE_BEZIER_KNOTS.);
#1816 = CARTESIAN_POINT('',(4.238811061592,0.));
#1817 = CARTESIAN_POINT('',(4.238811061592,16.1));
#1818 = ( GEOMETRIC_REPRESENTATION_CONTEXT(2) 
PARAMETRIC_REPRESENTATION_CONTEXT() REPRESENTATION_CONTEXT('2D SPACE',''
  ) );
#1819 = ORIENTED_EDGE('',*,*,#1820,.F.);
#1820 = EDGE_CURVE('',#1821,#1793,#1823,.T.);
#1821 = VERTEX_POINT('',#1822);
#1822 = CARTESIAN_POINT('',(-8.117578158769,5.8399421946,17.7));
#1823 = SURFACE_CURVE('',#1824,(#1829,#1836),.PCURVE_S1.);
#1824 = CIRCLE('',#1825,10.);
#1825 = AXIS2_PLACEMENT_3D('',#1826,#1827,#1828);
#1826 = CARTESIAN_POINT('',(0.,0.,17.7));
#1827 = DIRECTION('',(0.,0.,1.));
#1828 = DIRECTION('',(1.,0.,-0.));
#1829 = PCURVE('',#31,#1830);
#1830 = DEFINITIONAL_REPRESENTATION('',(#1831),#1835);
#1831 = LINE('',#1832,#1833);
#1832 = CARTESIAN_POINT('',(0.,2.5));
#1833 = VECTOR('',#1834,1.);
#1834 = DIRECTION('',(1.,0.));
#1835 = ( GEOMETRIC_REPRESENTATION_CONTEXT(2) 
PARAMETRIC_REPRESENTATION_CONTEXT() REPRESENTATION_CONTEXT('2D SPACE',''
  ) );
#1836 = PCURVE('',#1837,#1842);
#1837 = PLANE('',#1838);
#1838 = AXIS2_PLACEMENT_3D('',#1839,#1840,#1841);
#1839 = CARTESIAN_POINT('',(-8.660254037844,5.,17.7));
#1840 = DIRECTION('',(0.,0.,1.));
#1841 = DIRECTION('',(1.,0.,-0.));
#1842 = DEFINITIONAL_REPRESENTATION('',(#1843),#1847);
#1843 = CIRCLE('',#1844,10.);
#1844 = AXIS2_PLACEMENT_2D('',#1845,#1846);
#1845 = CARTESIAN_POINT('',(8.660254037844,-5.));
#1846 = DIRECTION('',(1.,0.));
#1847 = ( GEOMETRIC_REPRESENTATION_CONTEXT(2) 
PARAMETRIC_REPRESENTATION_CONTEXT() REPRESENTATION_CONTEXT('2D SPACE',''
  ) );
#1848 = ORIENTED_EDGE('',*,*,#1849,.T.);
#1849 = EDGE_CURVE('',#1821,#1850,#1852,.T.);
#1850 = VERTEX_POINT('',#1851);
#1851 = CARTESIAN_POINT('',(-8.117578158769,5.8399421946,33.8));
#1852 = SURFACE_CURVE('',#1853,(#1857,#1863),.PCURVE_S1.);
#1853 = LINE('',#1854,#1855);
#1854 = CARTESIAN_POINT('',(-8.117578158769,5.8399421946,15.2));
#1855 = VECTOR('',#1856,1.);
#1856 = DIRECTION('',(0.,0.,1.));
#1857 = PCURVE('',#31,#1858);
#1858 = DEFINITIONAL_REPRESENTATION('',(#1859),#1862);
#1859 = B_SPLINE_CURVE_WITH_KNOTS('',1,(#1860,#1861),.UNSPECIFIED.,.F.,
  .F.,(2,2),(2.4999994,18.6000006),.PIECEWISE_BEZIER_KNOTS.);
#1860 = CARTESIAN_POINT('',(2.51795216438,2.4999994));
#1861 = CARTESIAN_POINT('',(2.51795216438,18.6000006));
#1862 = ( GEOMETRIC_REPRESENTATION_CONTEXT(2) 
PARAMETRIC_REPRESENTATION_CONTEXT() REPRESENTATION_CONTEXT('2D SPACE',''
  ) );
#1863 = PCURVE('',#1809,#1864);
#1864 = DEFINITIONAL_REPRESENTATION('',(#1865),#1868);
#1865 = B_SPLINE_CURVE_WITH_KNOTS('',1,(#1866,#1867),.UNSPECIFIED.,.F.,
  .F.,(2,2),(2.5,18.6),.PIECEWISE_BEZIER_KNOTS.);
#1866 = CARTESIAN_POINT('',(7.28036200157,0.));
#1867 = CARTESIAN_POINT('',(7.28036200157,16.1));
#1868 = ( GEOMETRIC_REPRESENTATION_CONTEXT(2) 
PARAMETRIC_REPRESENTATION_CONTEXT() REPRESENTATION_CONTEXT('2D SPACE',''
  ) );
#1869 = ORIENTED_EDGE('',*,*,#1870,.T.);
#1870 = EDGE_CURVE('',#1850,#1795,#1871,.T.);
#1871 = SURFACE_CURVE('',#1872,(#1877,#1884),.PCURVE_S1.);
#1872 = CIRCLE('',#1873,10.);
#1873 = AXIS2_PLACEMENT_3D('',#1874,#1875,#1876);
#1874 = CARTESIAN_POINT('',(0.,0.,33.8));
#1875 = DIRECTION('',(0.,0.,1.));
#1876 = DIRECTION('',(1.,0.,-0.));
#1877 = PCURVE('',#31,#1878);
#1878 = DEFINITIONAL_REPRESENTATION('',(#1879),#1883);
#1879 = LINE('',#1880,#1881);
#1880 = CARTESIAN_POINT('',(0.,18.6));
#1881 = VECTOR('',#1882,1.);
#1882 = DIRECTION('',(1.,0.));
#1883 = ( GEOMETRIC_REPRESENTATION_CONTEXT(2) 
PARAMETRIC_REPRESENTATION_CONTEXT() REPRESENTATION_CONTEXT('2D SPACE',''
  ) );
#1884 = PCURVE('',#1885,#1890);
#1885 = PLANE('',#1886);
#1886 = AXIS2_PLACEMENT_3D('',#1887,#1888,#1889);
#1887 = CARTESIAN_POINT('',(-8.660254037844,5.,33.8));
#1888 = DIRECTION('',(0.,0.,1.));
#1889 = DIRECTION('',(1.,0.,-0.));
#1890 = DEFINITIONAL_REPRESENTATION('',(#1891),#1895);
#1891 = CIRCLE('',#1892,10.);
#1892 = AXIS2_PLACEMENT_2D('',#1893,#1894);
#1893 = CARTESIAN_POINT('',(8.660254037844,-5.));
#1894 = DIRECTION('',(1.,0.));
#1895 = ( GEOMETRIC_REPRESENTATION_CONTEXT(2) 
PARAMETRIC_REPRESENTATION_CONTEXT() REPRESENTATION_CONTEXT('2D SPACE',''
  ) );
#1896 = FACE_BOUND('',#1897,.T.);
#1897 = EDGE_LOOP('',(#1898,#1926,#1955,#1976));
#1898 = ORIENTED_EDGE('',*,*,#1899,.F.);
#1899 = EDGE_CURVE('',#1900,#1902,#1904,.T.);
#1900 = VERTEX_POINT('',#1901);
#1901 = CARTESIAN_POINT('',(-9.869457290417,1.610531835338,17.7));
#1902 = VERTEX_POINT('',#1903);
#1903 = CARTESIAN_POINT('',(-9.869457290417,1.610531835338,33.8));
#1904 = SURFACE_CURVE('',#1905,(#1909,#1915),.PCURVE_S1.);
#1905 = LINE('',#1906,#1907);
#1906 = CARTESIAN_POINT('',(-9.869457290417,1.610531835338,15.2));
#1907 = VECTOR('',#1908,1.);
#1908 = DIRECTION('',(0.,0.,1.));
#1909 = PCURVE('',#31,#1910);
#1910 = DEFINITIONAL_REPRESENTATION('',(#1911),#1914);
#1911 = B_SPLINE_CURVE_WITH_KNOTS('',1,(#1912,#1913),.UNSPECIFIED.,.F.,
  .F.,(2,2),(2.4999994,18.6000006),.PIECEWISE_BEZIER_KNOTS.);
#1912 = CARTESIAN_POINT('',(2.979834979402,2.4999994));
#1913 = CARTESIAN_POINT('',(2.979834979402,18.6000006));
#1914 = ( GEOMETRIC_REPRESENTATION_CONTEXT(2) 
PARAMETRIC_REPRESENTATION_CONTEXT() REPRESENTATION_CONTEXT('2D SPACE',''
  ) );
#1915 = PCURVE('',#1916,#1921);
#1916 = CYLINDRICAL_SURFACE('',#1917,1.);
#1917 = AXIS2_PLACEMENT_3D('',#1918,#1919,#1920);
#1918 = CARTESIAN_POINT('',(-9.659258262891,2.588190451025,17.7));
#1919 = DIRECTION('',(0.,0.,1.));
#1920 = DIRECTION('',(1.,0.,-0.));
#1921 = DEFINITIONAL_REPRESENTATION('',(#1922),#1925);
#1922 = B_SPLINE_CURVE_WITH_KNOTS('',1,(#1923,#1924),.UNSPECIFIED.,.F.,
  .F.,(2,2),(2.5,18.6),.PIECEWISE_BEZIER_KNOTS.);
#1923 = CARTESIAN_POINT('',(4.500610449391,0.));
#1924 = CARTESIAN_POINT('',(4.500610449391,16.1));
#1925 = ( GEOMETRIC_REPRESENTATION_CONTEXT(2) 
PARAMETRIC_REPRESENTATION_CONTEXT() REPRESENTATION_CONTEXT('2D SPACE',''
  ) );
#1926 = ORIENTED_EDGE('',*,*,#1927,.F.);
#1927 = EDGE_CURVE('',#1928,#1900,#1930,.T.);
#1928 = VERTEX_POINT('',#1929);
#1929 = CARTESIAN_POINT('',(-9.352466652736,3.539967162202,17.7));
#1930 = SURFACE_CURVE('',#1931,(#1936,#1943),.PCURVE_S1.);
#1931 = CIRCLE('',#1932,10.);
#1932 = AXIS2_PLACEMENT_3D('',#1933,#1934,#1935);
#1933 = CARTESIAN_POINT('',(0.,0.,17.7));
#1934 = DIRECTION('',(0.,0.,1.));
#1935 = DIRECTION('',(1.,0.,-0.));
#1936 = PCURVE('',#31,#1937);
#1937 = DEFINITIONAL_REPRESENTATION('',(#1938),#1942);
#1938 = LINE('',#1939,#1940);
#1939 = CARTESIAN_POINT('',(0.,2.5));
#1940 = VECTOR('',#1941,1.);
#1941 = DIRECTION('',(1.,0.));
#1942 = ( GEOMETRIC_REPRESENTATION_CONTEXT(2) 
PARAMETRIC_REPRESENTATION_CONTEXT() REPRESENTATION_CONTEXT('2D SPACE',''
  ) );
#1943 = PCURVE('',#1944,#1949);
#1944 = PLANE('',#1945);
#1945 = AXIS2_PLACEMENT_3D('',#1946,#1947,#1948);
#1946 = CARTESIAN_POINT('',(-9.659258262891,2.588190451025,17.7));
#1947 = DIRECTION('',(0.,0.,1.));
#1948 = DIRECTION('',(1.,0.,-0.));
#1949 = DEFINITIONAL_REPRESENTATION('',(#1950),#1954);
#1950 = CIRCLE('',#1951,10.);
#1951 = AXIS2_PLACEMENT_2D('',#1952,#1953);
#1952 = CARTESIAN_POINT('',(9.659258262891,-2.588190451025));
#1953 = DIRECTION('',(1.,0.));
#1954 = ( GEOMETRIC_REPRESENTATION_CONTEXT(2) 
PARAMETRIC_REPRESENTATION_CONTEXT() REPRESENTATION_CONTEXT('2D SPACE',''
  ) );
#1955 = ORIENTED_EDGE('',*,*,#1956,.T.);
#1956 = EDGE_CURVE('',#1928,#1957,#1959,.T.);
#1957 = VERTEX_POINT('',#1958);
#1958 = CARTESIAN_POINT('',(-9.352466652736,3.539967162202,33.8));
#1959 = SURFACE_CURVE('',#1960,(#1964,#1970),.PCURVE_S1.);
#1960 = LINE('',#1961,#1962);
#1961 = CARTESIAN_POINT('',(-9.352466652736,3.539967162202,15.2));
#1962 = VECTOR('',#1963,1.);
#1963 = DIRECTION('',(0.,0.,1.));
#1964 = PCURVE('',#31,#1965);
#1965 = DEFINITIONAL_REPRESENTATION('',(#1966),#1969);
#1966 = B_SPLINE_CURVE_WITH_KNOTS('',1,(#1967,#1968),.UNSPECIFIED.,.F.,
  .F.,(2,2),(2.4999994,18.6000006),.PIECEWISE_BEZIER_KNOTS.);
#1967 = CARTESIAN_POINT('',(2.779751552179,2.4999994));
#1968 = CARTESIAN_POINT('',(2.779751552179,18.6000006));
#1969 = ( GEOMETRIC_REPRESENTATION_CONTEXT(2) 
PARAMETRIC_REPRESENTATION_CONTEXT() REPRESENTATION_CONTEXT('2D SPACE',''
  ) );
#1970 = PCURVE('',#1916,#1971);
#1971 = DEFINITIONAL_REPRESENTATION('',(#1972),#1975);
#1972 = B_SPLINE_CURVE_WITH_KNOTS('',1,(#1973,#1974),.UNSPECIFIED.,.F.,
  .F.,(2,2),(2.5,18.6),.PIECEWISE_BEZIER_KNOTS.);
#1973 = CARTESIAN_POINT('',(7.54216138937,0.));
#1974 = CARTESIAN_POINT('',(7.54216138937,16.1));
#1975 = ( GEOMETRIC_REPRESENTATION_CONTEXT(2) 
PARAMETRIC_REPRESENTATION_CONTEXT() REPRESENTATION_CONTEXT('2D SPACE',''
  ) );
#1976 = ORIENTED_EDGE('',*,*,#1977,.T.);
#1977 = EDGE_CURVE('',#1957,#1902,#1978,.T.);
#1978 = SURFACE_CURVE('',#1979,(#1984,#1991),.PCURVE_S1.);
#1979 = CIRCLE('',#1980,10.);
#1980 = AXIS2_PLACEMENT_3D('',#1981,#1982,#1983);
#1981 = CARTESIAN_POINT('',(0.,0.,33.8));
#1982 = DIRECTION('',(0.,0.,1.));
#1983 = DIRECTION('',(1.,0.,-0.));
#1984 = PCURVE('',#31,#1985);
#1985 = DEFINITIONAL_REPRESENTATION('',(#1986),#1990);
#1986 = LINE('',#1987,#1988);
#1987 = CARTESIAN_POINT('',(0.,18.6));
#1988 = VECTOR('',#1989,1.);
#1989 = DIRECTION('',(1.,0.));
#1990 = ( GEOMETRIC_REPRESENTATION_CONTEXT(2) 
PARAMETRIC_REPRESENTATION_CONTEXT() REPRESENTATION_CONTEXT('2D SPACE',''
  ) );
#1991 = PCURVE('',#1992,#1997);
#1992 = PLANE('',#1993);
#1993 = AXIS2_PLACEMENT_3D('',#1994,#1995,#1996);
#1994 = CARTESIAN_POINT('',(-9.659258262891,2.588190451025,33.8));
#1995 = DIRECTION('',(0.,0.,1.));
#1996 = DIRECTION('',(1.,0.,-0.));
#1997 = DEFINITIONAL_REPRESENTATION('',(#1998),#2002);
#1998 = CIRCLE('',#1999,10.);
#1999 = AXIS2_PLACEMENT_2D('',#2000,#2001);
#2000 = CARTESIAN_POINT('',(9.659258262891,-2.588190451025));
#2001 = DIRECTION('',(1.,0.));
#2002 = ( GEOMETRIC_REPRESENTATION_CONTEXT(2) 
PARAMETRIC_REPRESENTATION_CONTEXT() REPRESENTATION_CONTEXT('2D SPACE',''
  ) );
#2003 = FACE_BOUND('',#2004,.T.);
#2004 = EDGE_LOOP('',(#2005,#2033,#2062,#2083));
#2005 = ORIENTED_EDGE('',*,*,#2006,.F.);
#2006 = EDGE_CURVE('',#2007,#2009,#2011,.T.);
#2007 = VERTEX_POINT('',#2008);
#2008 = CARTESIAN_POINT('',(-9.95,-0.998749217772,17.7));
#2009 = VERTEX_POINT('',#2010);
#2010 = CARTESIAN_POINT('',(-9.95,-0.998749217772,33.8));
#2011 = SURFACE_CURVE('',#2012,(#2016,#2022),.PCURVE_S1.);
#2012 = LINE('',#2013,#2014);
#2013 = CARTESIAN_POINT('',(-9.95,-0.998749217772,15.2));
#2014 = VECTOR('',#2015,1.);
#2015 = DIRECTION('',(0.,0.,1.));
#2016 = PCURVE('',#31,#2017);
#2017 = DEFINITIONAL_REPRESENTATION('',(#2018),#2021);
#2018 = B_SPLINE_CURVE_WITH_KNOTS('',1,(#2019,#2020),.UNSPECIFIED.,.F.,
  .F.,(2,2),(2.4999994,18.6000006),.PIECEWISE_BEZIER_KNOTS.);
#2019 = CARTESIAN_POINT('',(3.241634367201,2.4999994));
#2020 = CARTESIAN_POINT('',(3.241634367201,18.6000006));
#2021 = ( GEOMETRIC_REPRESENTATION_CONTEXT(2) 
PARAMETRIC_REPRESENTATION_CONTEXT() REPRESENTATION_CONTEXT('2D SPACE',''
  ) );
#2022 = PCURVE('',#2023,#2028);
#2023 = CYLINDRICAL_SURFACE('',#2024,1.);
#2024 = AXIS2_PLACEMENT_3D('',#2025,#2026,#2027);
#2025 = CARTESIAN_POINT('',(-10.,1.224646799147E-15,17.7));
#2026 = DIRECTION('',(0.,0.,1.));
#2027 = DIRECTION('',(1.,0.,-0.));
#2028 = DEFINITIONAL_REPRESENTATION('',(#2029),#2032);
#2029 = B_SPLINE_CURVE_WITH_KNOTS('',1,(#2030,#2031),.UNSPECIFIED.,.F.,
  .F.,(2,2),(2.5,18.6),.PIECEWISE_BEZIER_KNOTS.);
#2030 = CARTESIAN_POINT('',(4.76240983719,0.));
#2031 = CARTESIAN_POINT('',(4.76240983719,16.1));
#2032 = ( GEOMETRIC_REPRESENTATION_CONTEXT(2) 
PARAMETRIC_REPRESENTATION_CONTEXT() REPRESENTATION_CONTEXT('2D SPACE',''
  ) );
#2033 = ORIENTED_EDGE('',*,*,#2034,.F.);
#2034 = EDGE_CURVE('',#2035,#2007,#2037,.T.);
#2035 = VERTEX_POINT('',#2036);
#2036 = CARTESIAN_POINT('',(-9.95,0.998749217772,17.7));
#2037 = SURFACE_CURVE('',#2038,(#2043,#2050),.PCURVE_S1.);
#2038 = CIRCLE('',#2039,10.);
#2039 = AXIS2_PLACEMENT_3D('',#2040,#2041,#2042);
#2040 = CARTESIAN_POINT('',(0.,0.,17.7));
#2041 = DIRECTION('',(0.,0.,1.));
#2042 = DIRECTION('',(1.,0.,-0.));
#2043 = PCURVE('',#31,#2044);
#2044 = DEFINITIONAL_REPRESENTATION('',(#2045),#2049);
#2045 = LINE('',#2046,#2047);
#2046 = CARTESIAN_POINT('',(0.,2.5));
#2047 = VECTOR('',#2048,1.);
#2048 = DIRECTION('',(1.,0.));
#2049 = ( GEOMETRIC_REPRESENTATION_CONTEXT(2) 
PARAMETRIC_REPRESENTATION_CONTEXT() REPRESENTATION_CONTEXT('2D SPACE',''
  ) );
#2050 = PCURVE('',#2051,#2056);
#2051 = PLANE('',#2052);
#2052 = AXIS2_PLACEMENT_3D('',#2053,#2054,#2055);
#2053 = CARTESIAN_POINT('',(-10.,1.224646799147E-15,17.7));
#2054 = DIRECTION('',(0.,0.,1.));
#2055 = DIRECTION('',(1.,0.,-0.));
#2056 = DEFINITIONAL_REPRESENTATION('',(#2057),#2061);
#2057 = CIRCLE('',#2058,10.);
#2058 = AXIS2_PLACEMENT_2D('',#2059,#2060);
#2059 = CARTESIAN_POINT('',(10.,-1.224646799147E-15));
#2060 = DIRECTION('',(1.,0.));
#2061 = ( GEOMETRIC_REPRESENTATION_CONTEXT(2) 
PARAMETRIC_REPRESENTATION_CONTEXT() REPRESENTATION_CONTEXT('2D SPACE',''
  ) );
#2062 = ORIENTED_EDGE('',*,*,#2063,.T.);
#2063 = EDGE_CURVE('',#2035,#2064,#2066,.T.);
#2064 = VERTEX_POINT('',#2065);
#2065 = CARTESIAN_POINT('',(-9.95,0.998749217772,33.8));
#2066 = SURFACE_CURVE('',#2067,(#2071,#2077),.PCURVE_S1.);
#2067 = LINE('',#2068,#2069);
#2068 = CARTESIAN_POINT('',(-9.95,0.998749217772,15.2));
#2069 = VECTOR('',#2070,1.);
#2070 = DIRECTION('',(0.,0.,1.));
#2071 = PCURVE('',#31,#2072);
#2072 = DEFINITIONAL_REPRESENTATION('',(#2073),#2076);
#2073 = B_SPLINE_CURVE_WITH_KNOTS('',1,(#2074,#2075),.UNSPECIFIED.,.F.,
  .F.,(2,2),(2.4999994,18.6000006),.PIECEWISE_BEZIER_KNOTS.);
#2074 = CARTESIAN_POINT('',(3.041550939978,2.4999994));
#2075 = CARTESIAN_POINT('',(3.041550939978,18.6000006));
#2076 = ( GEOMETRIC_REPRESENTATION_CONTEXT(2) 
PARAMETRIC_REPRESENTATION_CONTEXT() REPRESENTATION_CONTEXT('2D SPACE',''
  ) );
#2077 = PCURVE('',#2023,#2078);
#2078 = DEFINITIONAL_REPRESENTATION('',(#2079),#2082);
#2079 = B_SPLINE_CURVE_WITH_KNOTS('',1,(#2080,#2081),.UNSPECIFIED.,.F.,
  .F.,(2,2),(2.5,18.6),.PIECEWISE_BEZIER_KNOTS.);
#2080 = CARTESIAN_POINT('',(7.803960777169,0.));
#2081 = CARTESIAN_POINT('',(7.803960777169,16.1));
#2082 = ( GEOMETRIC_REPRESENTATION_CONTEXT(2) 
PARAMETRIC_REPRESENTATION_CONTEXT() REPRESENTATION_CONTEXT('2D SPACE',''
  ) );
#2083 = ORIENTED_EDGE('',*,*,#2084,.T.);
#2084 = EDGE_CURVE('',#2064,#2009,#2085,.T.);
#2085 = SURFACE_CURVE('',#2086,(#2091,#2098),.PCURVE_S1.);
#2086 = CIRCLE('',#2087,10.);
#2087 = AXIS2_PLACEMENT_3D('',#2088,#2089,#2090);
#2088 = CARTESIAN_POINT('',(0.,0.,33.8));
#2089 = DIRECTION('',(0.,0.,1.));
#2090 = DIRECTION('',(1.,0.,-0.));
#2091 = PCURVE('',#31,#2092);
#2092 = DEFINITIONAL_REPRESENTATION('',(#2093),#2097);
#2093 = LINE('',#2094,#2095);
#2094 = CARTESIAN_POINT('',(0.,18.6));
#2095 = VECTOR('',#2096,1.);
#2096 = DIRECTION('',(1.,0.));
#2097 = ( GEOMETRIC_REPRESENTATION_CONTEXT(2) 
PARAMETRIC_REPRESENTATION_CONTEXT() REPRESENTATION_CONTEXT('2D SPACE',''
  ) );
#2098 = PCURVE('',#2099,#2104);
#2099 = PLANE('',#2100);
#2100 = AXIS2_PLACEMENT_3D('',#2101,#2102,#2103);
#2101 = CARTESIAN_POINT('',(-10.,1.224646799147E-15,33.8));
#2102 = DIRECTION('',(0.,0.,1.));
#2103 = DIRECTION('',(1.,0.,-0.));
#2104 = DEFINITIONAL_REPRESENTATION('',(#2105),#2109);
#2105 = CIRCLE('',#2106,10.);
#2106 = AXIS2_PLACEMENT_2D('',#2107,#2108);
#2107 = CARTESIAN_POINT('',(10.,-1.224646799147E-15));
#2108 = DIRECTION('',(1.,0.));
#2109 = ( GEOMETRIC_REPRESENTATION_CONTEXT(2) 
PARAMETRIC_REPRESENTATION_CONTEXT() REPRESENTATION_CONTEXT('2D SPACE',''
  ) );
#2110 = FACE_BOUND('',#2111,.T.);
#2111 = EDGE_LOOP('',(#2112,#2140,#2169,#2190));
#2112 = ORIENTED_EDGE('',*,*,#2113,.F.);
#2113 = EDGE_CURVE('',#2114,#2116,#2118,.T.);
#2114 = VERTEX_POINT('',#2115);
#2115 = CARTESIAN_POINT('',(-9.352466652736,-3.539967162202,17.7));
#2116 = VERTEX_POINT('',#2117);
#2117 = CARTESIAN_POINT('',(-9.352466652736,-3.539967162202,33.8));
#2118 = SURFACE_CURVE('',#2119,(#2123,#2129),.PCURVE_S1.);
#2119 = LINE('',#2120,#2121);
#2120 = CARTESIAN_POINT('',(-9.352466652736,-3.539967162202,15.2));
#2121 = VECTOR('',#2122,1.);
#2122 = DIRECTION('',(0.,0.,1.));
#2123 = PCURVE('',#31,#2124);
#2124 = DEFINITIONAL_REPRESENTATION('',(#2125),#2128);
#2125 = B_SPLINE_CURVE_WITH_KNOTS('',1,(#2126,#2127),.UNSPECIFIED.,.F.,
  .F.,(2,2),(2.4999994,18.6000006),.PIECEWISE_BEZIER_KNOTS.);
#2126 = CARTESIAN_POINT('',(3.503433755,2.4999994));
#2127 = CARTESIAN_POINT('',(3.503433755,18.6000006));
#2128 = ( GEOMETRIC_REPRESENTATION_CONTEXT(2) 
PARAMETRIC_REPRESENTATION_CONTEXT() REPRESENTATION_CONTEXT('2D SPACE',''
  ) );
#2129 = PCURVE('',#2130,#2135);
#2130 = CYLINDRICAL_SURFACE('',#2131,1.);
#2131 = AXIS2_PLACEMENT_3D('',#2132,#2133,#2134);
#2132 = CARTESIAN_POINT('',(-9.659258262891,-2.588190451025,17.7));
#2133 = DIRECTION('',(0.,0.,1.));
#2134 = DIRECTION('',(1.,0.,-0.));
#2135 = DEFINITIONAL_REPRESENTATION('',(#2136),#2139);
#2136 = B_SPLINE_CURVE_WITH_KNOTS('',1,(#2137,#2138),.UNSPECIFIED.,.F.,
  .F.,(2,2),(2.5,18.6),.PIECEWISE_BEZIER_KNOTS.);
#2137 = CARTESIAN_POINT('',(5.02420922499,0.));
#2138 = CARTESIAN_POINT('',(5.02420922499,16.1));
#2139 = ( GEOMETRIC_REPRESENTATION_CONTEXT(2) 
PARAMETRIC_REPRESENTATION_CONTEXT() REPRESENTATION_CONTEXT('2D SPACE',''
  ) );
#2140 = ORIENTED_EDGE('',*,*,#2141,.F.);
#2141 = EDGE_CURVE('',#2142,#2114,#2144,.T.);
#2142 = VERTEX_POINT('',#2143);
#2143 = CARTESIAN_POINT('',(-9.869457290417,-1.610531835338,17.7));
#2144 = SURFACE_CURVE('',#2145,(#2150,#2157),.PCURVE_S1.);
#2145 = CIRCLE('',#2146,10.);
#2146 = AXIS2_PLACEMENT_3D('',#2147,#2148,#2149);
#2147 = CARTESIAN_POINT('',(0.,0.,17.7));
#2148 = DIRECTION('',(0.,0.,1.));
#2149 = DIRECTION('',(1.,0.,-0.));
#2150 = PCURVE('',#31,#2151);
#2151 = DEFINITIONAL_REPRESENTATION('',(#2152),#2156);
#2152 = LINE('',#2153,#2154);
#2153 = CARTESIAN_POINT('',(0.,2.5));
#2154 = VECTOR('',#2155,1.);
#2155 = DIRECTION('',(1.,0.));
#2156 = ( GEOMETRIC_REPRESENTATION_CONTEXT(2) 
PARAMETRIC_REPRESENTATION_CONTEXT() REPRESENTATION_CONTEXT('2D SPACE',''
  ) );
#2157 = PCURVE('',#2158,#2163);
#2158 = PLANE('',#2159);
#2159 = AXIS2_PLACEMENT_3D('',#2160,#2161,#2162);
#2160 = CARTESIAN_POINT('',(-9.659258262891,-2.588190451025,17.7));
#2161 = DIRECTION('',(0.,0.,1.));
#2162 = DIRECTION('',(1.,0.,-0.));
#2163 = DEFINITIONAL_REPRESENTATION('',(#2164),#2168);
#2164 = CIRCLE('',#2165,10.);
#2165 = AXIS2_PLACEMENT_2D('',#2166,#2167);
#2166 = CARTESIAN_POINT('',(9.659258262891,2.588190451025));
#2167 = DIRECTION('',(1.,0.));
#2168 = ( GEOMETRIC_REPRESENTATION_CONTEXT(2) 
PARAMETRIC_REPRESENTATION_CONTEXT() REPRESENTATION_CONTEXT('2D SPACE',''
  ) );
#2169 = ORIENTED_EDGE('',*,*,#2170,.T.);
#2170 = EDGE_CURVE('',#2142,#2171,#2173,.T.);
#2171 = VERTEX_POINT('',#2172);
#2172 = CARTESIAN_POINT('',(-9.869457290417,-1.610531835338,33.8));
#2173 = SURFACE_CURVE('',#2174,(#2178,#2184),.PCURVE_S1.);
#2174 = LINE('',#2175,#2176);
#2175 = CARTESIAN_POINT('',(-9.869457290417,-1.610531835338,15.2));
#2176 = VECTOR('',#2177,1.);
#2177 = DIRECTION('',(0.,0.,1.));
#2178 = PCURVE('',#31,#2179);
#2179 = DEFINITIONAL_REPRESENTATION('',(#2180),#2183);
#2180 = B_SPLINE_CURVE_WITH_KNOTS('',1,(#2181,#2182),.UNSPECIFIED.,.F.,
  .F.,(2,2),(2.4999994,18.6000006),.PIECEWISE_BEZIER_KNOTS.);
#2181 = CARTESIAN_POINT('',(3.303350327777,2.4999994));
#2182 = CARTESIAN_POINT('',(3.303350327777,18.6000006));
#2183 = ( GEOMETRIC_REPRESENTATION_CONTEXT(2) 
PARAMETRIC_REPRESENTATION_CONTEXT() REPRESENTATION_CONTEXT('2D SPACE',''
  ) );
#2184 = PCURVE('',#2130,#2185);
#2185 = DEFINITIONAL_REPRESENTATION('',(#2186),#2189);
#2186 = B_SPLINE_CURVE_WITH_KNOTS('',1,(#2187,#2188),.UNSPECIFIED.,.F.,
  .F.,(2,2),(2.5,18.6),.PIECEWISE_BEZIER_KNOTS.);
#2187 = CARTESIAN_POINT('',(8.065760164968,0.));
#2188 = CARTESIAN_POINT('',(8.065760164968,16.1));
#2189 = ( GEOMETRIC_REPRESENTATION_CONTEXT(2) 
PARAMETRIC_REPRESENTATION_CONTEXT() REPRESENTATION_CONTEXT('2D SPACE',''
  ) );
#2190 = ORIENTED_EDGE('',*,*,#2191,.T.);
#2191 = EDGE_CURVE('',#2171,#2116,#2192,.T.);
#2192 = SURFACE_CURVE('',#2193,(#2198,#2205),.PCURVE_S1.);
#2193 = CIRCLE('',#2194,10.);
#2194 = AXIS2_PLACEMENT_3D('',#2195,#2196,#2197);
#2195 = CARTESIAN_POINT('',(0.,0.,33.8));
#2196 = DIRECTION('',(0.,0.,1.));
#2197 = DIRECTION('',(1.,0.,-0.));
#2198 = PCURVE('',#31,#2199);
#2199 = DEFINITIONAL_REPRESENTATION('',(#2200),#2204);
#2200 = LINE('',#2201,#2202);
#2201 = CARTESIAN_POINT('',(0.,18.6));
#2202 = VECTOR('',#2203,1.);
#2203 = DIRECTION('',(1.,0.));
#2204 = ( GEOMETRIC_REPRESENTATION_CONTEXT(2) 
PARAMETRIC_REPRESENTATION_CONTEXT() REPRESENTATION_CONTEXT('2D SPACE',''
  ) );
#2205 = PCURVE('',#2206,#2211);
#2206 = PLANE('',#2207);
#2207 = AXIS2_PLACEMENT_3D('',#2208,#2209,#2210);
#2208 = CARTESIAN_POINT('',(-9.659258262891,-2.588190451025,33.8));
#2209 = DIRECTION('',(0.,0.,1.));
#2210 = DIRECTION('',(1.,0.,-0.));
#2211 = DEFINITIONAL_REPRESENTATION('',(#2212),#2216);
#2212 = CIRCLE('',#2213,10.);
#2213 = AXIS2_PLACEMENT_2D('',#2214,#2215);
#2214 = CARTESIAN_POINT('',(9.659258262891,2.588190451025));
#2215 = DIRECTION('',(1.,0.));
#2216 = ( GEOMETRIC_REPRESENTATION_CONTEXT(2) 
PARAMETRIC_REPRESENTATION_CONTEXT() REPRESENTATION_CONTEXT('2D SPACE',''
  ) );
#2217 = FACE_BOUND('',#2218,.T.);
#2218 = EDGE_LOOP('',(#2219,#2247,#2276,#2297));
#2219 = ORIENTED_EDGE('',*,*,#2220,.F.);
#2220 = EDGE_CURVE('',#2221,#2223,#2225,.T.);
#2221 = VERTEX_POINT('',#2222);
#2222 = CARTESIAN_POINT('',(-8.117578158769,-5.8399421946,17.7));
#2223 = VERTEX_POINT('',#2224);
#2224 = CARTESIAN_POINT('',(-8.117578158769,-5.8399421946,33.8));
#2225 = SURFACE_CURVE('',#2226,(#2230,#2236),.PCURVE_S1.);
#2226 = LINE('',#2227,#2228);
#2227 = CARTESIAN_POINT('',(-8.117578158769,-5.8399421946,15.2));
#2228 = VECTOR('',#2229,1.);
#2229 = DIRECTION('',(0.,0.,1.));
#2230 = PCURVE('',#31,#2231);
#2231 = DEFINITIONAL_REPRESENTATION('',(#2232),#2235);
#2232 = B_SPLINE_CURVE_WITH_KNOTS('',1,(#2233,#2234),.UNSPECIFIED.,.F.,
  .F.,(2,2),(2.4999994,18.6000006),.PIECEWISE_BEZIER_KNOTS.);
#2233 = CARTESIAN_POINT('',(3.7652331428,2.4999994));
#2234 = CARTESIAN_POINT('',(3.7652331428,18.6000006));
#2235 = ( GEOMETRIC_REPRESENTATION_CONTEXT(2) 
PARAMETRIC_REPRESENTATION_CONTEXT() REPRESENTATION_CONTEXT('2D SPACE',''
  ) );
#2236 = PCURVE('',#2237,#2242);
#2237 = CYLINDRICAL_SURFACE('',#2238,1.);
#2238 = AXIS2_PLACEMENT_3D('',#2239,#2240,#2241);
#2239 = CARTESIAN_POINT('',(-8.660254037844,-5.,17.7));
#2240 = DIRECTION('',(0.,0.,1.));
#2241 = DIRECTION('',(1.,0.,-0.));
#2242 = DEFINITIONAL_REPRESENTATION('',(#2243),#2246);
#2243 = B_SPLINE_CURVE_WITH_KNOTS('',1,(#2244,#2245),.UNSPECIFIED.,.F.,
  .F.,(2,2),(2.5,18.6),.PIECEWISE_BEZIER_KNOTS.);
#2244 = CARTESIAN_POINT('',(5.286008612789,0.));
#2245 = CARTESIAN_POINT('',(5.286008612789,16.1));
#2246 = ( GEOMETRIC_REPRESENTATION_CONTEXT(2) 
PARAMETRIC_REPRESENTATION_CONTEXT() REPRESENTATION_CONTEXT('2D SPACE',''
  ) );
#2247 = ORIENTED_EDGE('',*,*,#2248,.F.);
#2248 = EDGE_CURVE('',#2249,#2221,#2251,.T.);
#2249 = VERTEX_POINT('',#2250);
#2250 = CARTESIAN_POINT('',(-9.116327376541,-4.1100578054,17.7));
#2251 = SURFACE_CURVE('',#2252,(#2257,#2264),.PCURVE_S1.);
#2252 = CIRCLE('',#2253,10.);
#2253 = AXIS2_PLACEMENT_3D('',#2254,#2255,#2256);
#2254 = CARTESIAN_POINT('',(0.,0.,17.7));
#2255 = DIRECTION('',(0.,0.,1.));
#2256 = DIRECTION('',(1.,0.,-0.));
#2257 = PCURVE('',#31,#2258);
#2258 = DEFINITIONAL_REPRESENTATION('',(#2259),#2263);
#2259 = LINE('',#2260,#2261);
#2260 = CARTESIAN_POINT('',(0.,2.5));
#2261 = VECTOR('',#2262,1.);
#2262 = DIRECTION('',(1.,0.));
#2263 = ( GEOMETRIC_REPRESENTATION_CONTEXT(2) 
PARAMETRIC_REPRESENTATION_CONTEXT() REPRESENTATION_CONTEXT('2D SPACE',''
  ) );
#2264 = PCURVE('',#2265,#2270);
#2265 = PLANE('',#2266);
#2266 = AXIS2_PLACEMENT_3D('',#2267,#2268,#2269);
#2267 = CARTESIAN_POINT('',(-8.660254037844,-5.,17.7));
#2268 = DIRECTION('',(0.,0.,1.));
#2269 = DIRECTION('',(1.,0.,-0.));
#2270 = DEFINITIONAL_REPRESENTATION('',(#2271),#2275);
#2271 = CIRCLE('',#2272,10.);
#2272 = AXIS2_PLACEMENT_2D('',#2273,#2274);
#2273 = CARTESIAN_POINT('',(8.660254037844,5.));
#2274 = DIRECTION('',(1.,0.));
#2275 = ( GEOMETRIC_REPRESENTATION_CONTEXT(2) 
PARAMETRIC_REPRESENTATION_CONTEXT() REPRESENTATION_CONTEXT('2D SPACE',''
  ) );
#2276 = ORIENTED_EDGE('',*,*,#2277,.T.);
#2277 = EDGE_CURVE('',#2249,#2278,#2280,.T.);
#2278 = VERTEX_POINT('',#2279);
#2279 = CARTESIAN_POINT('',(-9.116327376541,-4.1100578054,33.8));
#2280 = SURFACE_CURVE('',#2281,(#2285,#2291),.PCURVE_S1.);
#2281 = LINE('',#2282,#2283);
#2282 = CARTESIAN_POINT('',(-9.116327376541,-4.1100578054,15.2));
#2283 = VECTOR('',#2284,1.);
#2284 = DIRECTION('',(0.,0.,1.));
#2285 = PCURVE('',#31,#2286);
#2286 = DEFINITIONAL_REPRESENTATION('',(#2287),#2290);
#2287 = B_SPLINE_CURVE_WITH_KNOTS('',1,(#2288,#2289),.UNSPECIFIED.,.F.,
  .F.,(2,2),(2.4999994,18.6000006),.PIECEWISE_BEZIER_KNOTS.);
#2288 = CARTESIAN_POINT('',(3.565149715577,2.4999994));
#2289 = CARTESIAN_POINT('',(3.565149715577,18.6000006));
#2290 = ( GEOMETRIC_REPRESENTATION_CONTEXT(2) 
PARAMETRIC_REPRESENTATION_CONTEXT() REPRESENTATION_CONTEXT('2D SPACE',''
  ) );
#2291 = PCURVE('',#2237,#2292);
#2292 = DEFINITIONAL_REPRESENTATION('',(#2293),#2296);
#2293 = B_SPLINE_CURVE_WITH_KNOTS('',1,(#2294,#2295),.UNSPECIFIED.,.F.,
  .F.,(2,2),(2.5,18.6),.PIECEWISE_BEZIER_KNOTS.);
#2294 = CARTESIAN_POINT('',(8.327559552767,0.));
#2295 = CARTESIAN_POINT('',(8.327559552767,16.1));
#2296 = ( GEOMETRIC_REPRESENTATION_CONTEXT(2) 
PARAMETRIC_REPRESENTATION_CONTEXT() REPRESENTATION_CONTEXT('2D SPACE',''
  ) );
#2297 = ORIENTED_EDGE('',*,*,#2298,.T.);
#2298 = EDGE_CURVE('',#2278,#2223,#2299,.T.);
#2299 = SURFACE_CURVE('',#2300,(#2305,#2312),.PCURVE_S1.);
#2300 = CIRCLE('',#2301,10.);
#2301 = AXIS2_PLACEMENT_3D('',#2302,#2303,#2304);
#2302 = CARTESIAN_POINT('',(0.,0.,33.8));
#2303 = DIRECTION('',(0.,0.,1.));
#2304 = DIRECTION('',(1.,0.,-0.));
#2305 = PCURVE('',#31,#2306);
#2306 = DEFINITIONAL_REPRESENTATION('',(#2307),#2311);
#2307 = LINE('',#2308,#2309);
#2308 = CARTESIAN_POINT('',(0.,18.6));
#2309 = VECTOR('',#2310,1.);
#2310 = DIRECTION('',(1.,0.));
#2311 = ( GEOMETRIC_REPRESENTATION_CONTEXT(2) 
PARAMETRIC_REPRESENTATION_CONTEXT() REPRESENTATION_CONTEXT('2D SPACE',''
  ) );
#2312 = PCURVE('',#2313,#2318);
#2313 = PLANE('',#2314);
#2314 = AXIS2_PLACEMENT_3D('',#2315,#2316,#2317);
#2315 = CARTESIAN_POINT('',(-8.660254037844,-5.,33.8));
#2316 = DIRECTION('',(0.,0.,1.));
#2317 = DIRECTION('',(1.,0.,-0.));
#2318 = DEFINITIONAL_REPRESENTATION('',(#2319),#2323);
#2319 = CIRCLE('',#2320,10.);
#2320 = AXIS2_PLACEMENT_2D('',#2321,#2322);
#2321 = CARTESIAN_POINT('',(8.660254037844,5.));
#2322 = DIRECTION('',(1.,0.));
#2323 = ( GEOMETRIC_REPRESENTATION_CONTEXT(2) 
PARAMETRIC_REPRESENTATION_CONTEXT() REPRESENTATION_CONTEXT('2D SPACE',''
  ) );
#2324 = FACE_BOUND('',#2325,.T.);
#2325 = EDGE_LOOP('',(#2326,#2354,#2383,#2404));
#2326 = ORIENTED_EDGE('',*,*,#2327,.F.);
#2327 = EDGE_CURVE('',#2328,#2330,#2332,.T.);
#2328 = VERTEX_POINT('',#2329);
#2329 = CARTESIAN_POINT('',(-6.329490128215,-7.741934817397,17.7));
#2330 = VERTEX_POINT('',#2331);
#2331 = CARTESIAN_POINT('',(-6.329490128215,-7.741934817397,33.8));
#2332 = SURFACE_CURVE('',#2333,(#2337,#2343),.PCURVE_S1.);
#2333 = LINE('',#2334,#2335);
#2334 = CARTESIAN_POINT('',(-6.329490128215,-7.741934817397,15.2));
#2335 = VECTOR('',#2336,1.);
#2336 = DIRECTION('',(0.,0.,1.));
#2337 = PCURVE('',#31,#2338);
#2338 = DEFINITIONAL_REPRESENTATION('',(#2339),#2342);
#2339 = B_SPLINE_CURVE_WITH_KNOTS('',1,(#2340,#2341),.UNSPECIFIED.,.F.,
  .F.,(2,2),(2.4999994,18.6000006),.PIECEWISE_BEZIER_KNOTS.);
#2340 = CARTESIAN_POINT('',(4.027032530599,2.4999994));
#2341 = CARTESIAN_POINT('',(4.027032530599,18.6000006));
#2342 = ( GEOMETRIC_REPRESENTATION_CONTEXT(2) 
PARAMETRIC_REPRESENTATION_CONTEXT() REPRESENTATION_CONTEXT('2D SPACE',''
  ) );
#2343 = PCURVE('',#2344,#2349);
#2344 = CYLINDRICAL_SURFACE('',#2345,1.);
#2345 = AXIS2_PLACEMENT_3D('',#2346,#2347,#2348);
#2346 = CARTESIAN_POINT('',(-7.071067811865,-7.071067811865,17.7));
#2347 = DIRECTION('',(0.,0.,1.));
#2348 = DIRECTION('',(1.,0.,-0.));
#2349 = DEFINITIONAL_REPRESENTATION('',(#2350),#2353);
#2350 = B_SPLINE_CURVE_WITH_KNOTS('',1,(#2351,#2352),.UNSPECIFIED.,.F.,
  .F.,(2,2),(2.5,18.6),.PIECEWISE_BEZIER_KNOTS.);
#2351 = CARTESIAN_POINT('',(5.547808000588,0.));
#2352 = CARTESIAN_POINT('',(5.547808000588,16.1));
#2353 = ( GEOMETRIC_REPRESENTATION_CONTEXT(2) 
PARAMETRIC_REPRESENTATION_CONTEXT() REPRESENTATION_CONTEXT('2D SPACE',''
  ) );
#2354 = ORIENTED_EDGE('',*,*,#2355,.F.);
#2355 = EDGE_CURVE('',#2356,#2328,#2358,.T.);
#2356 = VERTEX_POINT('',#2357);
#2357 = CARTESIAN_POINT('',(-7.741934817397,-6.329490128215,17.7));
#2358 = SURFACE_CURVE('',#2359,(#2364,#2371),.PCURVE_S1.);
#2359 = CIRCLE('',#2360,10.);
#2360 = AXIS2_PLACEMENT_3D('',#2361,#2362,#2363);
#2361 = CARTESIAN_POINT('',(0.,0.,17.7));
#2362 = DIRECTION('',(0.,0.,1.));
#2363 = DIRECTION('',(1.,0.,-0.));
#2364 = PCURVE('',#31,#2365);
#2365 = DEFINITIONAL_REPRESENTATION('',(#2366),#2370);
#2366 = LINE('',#2367,#2368);
#2367 = CARTESIAN_POINT('',(0.,2.5));
#2368 = VECTOR('',#2369,1.);
#2369 = DIRECTION('',(1.,0.));
#2370 = ( GEOMETRIC_REPRESENTATION_CONTEXT(2) 
PARAMETRIC_REPRESENTATION_CONTEXT() REPRESENTATION_CONTEXT('2D SPACE',''
  ) );
#2371 = PCURVE('',#2372,#2377);
#2372 = PLANE('',#2373);
#2373 = AXIS2_PLACEMENT_3D('',#2374,#2375,#2376);
#2374 = CARTESIAN_POINT('',(-7.071067811865,-7.071067811865,17.7));
#2375 = DIRECTION('',(0.,0.,1.));
#2376 = DIRECTION('',(1.,0.,-0.));
#2377 = DEFINITIONAL_REPRESENTATION('',(#2378),#2382);
#2378 = CIRCLE('',#2379,10.);
#2379 = AXIS2_PLACEMENT_2D('',#2380,#2381);
#2380 = CARTESIAN_POINT('',(7.071067811865,7.071067811865));
#2381 = DIRECTION('',(1.,0.));
#2382 = ( GEOMETRIC_REPRESENTATION_CONTEXT(2) 
PARAMETRIC_REPRESENTATION_CONTEXT() REPRESENTATION_CONTEXT('2D SPACE',''
  ) );
#2383 = ORIENTED_EDGE('',*,*,#2384,.T.);
#2384 = EDGE_CURVE('',#2356,#2385,#2387,.T.);
#2385 = VERTEX_POINT('',#2386);
#2386 = CARTESIAN_POINT('',(-7.741934817397,-6.329490128215,33.8));
#2387 = SURFACE_CURVE('',#2388,(#2392,#2398),.PCURVE_S1.);
#2388 = LINE('',#2389,#2390);
#2389 = CARTESIAN_POINT('',(-7.741934817397,-6.329490128215,15.2));
#2390 = VECTOR('',#2391,1.);
#2391 = DIRECTION('',(0.,0.,1.));
#2392 = PCURVE('',#31,#2393);
#2393 = DEFINITIONAL_REPRESENTATION('',(#2394),#2397);
#2394 = B_SPLINE_CURVE_WITH_KNOTS('',1,(#2395,#2396),.UNSPECIFIED.,.F.,
  .F.,(2,2),(2.4999994,18.6000006),.PIECEWISE_BEZIER_KNOTS.);
#2395 = CARTESIAN_POINT('',(3.826949103376,2.4999994));
#2396 = CARTESIAN_POINT('',(3.826949103376,18.6000006));
#2397 = ( GEOMETRIC_REPRESENTATION_CONTEXT(2) 
PARAMETRIC_REPRESENTATION_CONTEXT() REPRESENTATION_CONTEXT('2D SPACE',''
  ) );
#2398 = PCURVE('',#2344,#2399);
#2399 = DEFINITIONAL_REPRESENTATION('',(#2400),#2403);
#2400 = B_SPLINE_CURVE_WITH_KNOTS('',1,(#2401,#2402),.UNSPECIFIED.,.F.,
  .F.,(2,2),(2.5,18.6),.PIECEWISE_BEZIER_KNOTS.);
#2401 = CARTESIAN_POINT('',(8.589358940566,0.));
#2402 = CARTESIAN_POINT('',(8.589358940566,16.1));
#2403 = ( GEOMETRIC_REPRESENTATION_CONTEXT(2) 
PARAMETRIC_REPRESENTATION_CONTEXT() REPRESENTATION_CONTEXT('2D SPACE',''
  ) );
#2404 = ORIENTED_EDGE('',*,*,#2405,.T.);
#2405 = EDGE_CURVE('',#2385,#2330,#2406,.T.);
#2406 = SURFACE_CURVE('',#2407,(#2412,#2419),.PCURVE_S1.);
#2407 = CIRCLE('',#2408,10.);
#2408 = AXIS2_PLACEMENT_3D('',#2409,#2410,#2411);
#2409 = CARTESIAN_POINT('',(0.,0.,33.8));
#2410 = DIRECTION('',(0.,0.,1.));
#2411 = DIRECTION('',(1.,0.,-0.));
#2412 = PCURVE('',#31,#2413);
#2413 = DEFINITIONAL_REPRESENTATION('',(#2414),#2418);
#2414 = LINE('',#2415,#2416);
#2415 = CARTESIAN_POINT('',(0.,18.6));
#2416 = VECTOR('',#2417,1.);
#2417 = DIRECTION('',(1.,0.));
#2418 = ( GEOMETRIC_REPRESENTATION_CONTEXT(2) 
PARAMETRIC_REPRESENTATION_CONTEXT() REPRESENTATION_CONTEXT('2D SPACE',''
  ) );
#2419 = PCURVE('',#2420,#2425);
#2420 = PLANE('',#2421);
#2421 = AXIS2_PLACEMENT_3D('',#2422,#2423,#2424);
#2422 = CARTESIAN_POINT('',(-7.071067811865,-7.071067811865,33.8));
#2423 = DIRECTION('',(0.,0.,1.));
#2424 = DIRECTION('',(1.,0.,-0.));
#2425 = DEFINITIONAL_REPRESENTATION('',(#2426),#2430);
#2426 = CIRCLE('',#2427,10.);
#2427 = AXIS2_PLACEMENT_2D('',#2428,#2429);
#2428 = CARTESIAN_POINT('',(7.071067811865,7.071067811865));
#2429 = DIRECTION('',(1.,0.));
#2430 = ( GEOMETRIC_REPRESENTATION_CONTEXT(2) 
PARAMETRIC_REPRESENTATION_CONTEXT() REPRESENTATION_CONTEXT('2D SPACE',''
  ) );
#2431 = FACE_BOUND('',#2432,.T.);
#2432 = EDGE_LOOP('',(#2433,#2461,#2490,#2511));
#2433 = ORIENTED_EDGE('',*,*,#2434,.F.);
#2434 = EDGE_CURVE('',#2435,#2437,#2439,.T.);
#2435 = VERTEX_POINT('',#2436);
#2436 = CARTESIAN_POINT('',(-4.1100578054,-9.116327376541,17.7));
#2437 = VERTEX_POINT('',#2438);
#2438 = CARTESIAN_POINT('',(-4.1100578054,-9.116327376541,33.8));
#2439 = SURFACE_CURVE('',#2440,(#2444,#2450),.PCURVE_S1.);
#2440 = LINE('',#2441,#2442);
#2441 = CARTESIAN_POINT('',(-4.1100578054,-9.116327376541,15.2));
#2442 = VECTOR('',#2443,1.);
#2443 = DIRECTION('',(0.,0.,1.));
#2444 = PCURVE('',#31,#2445);
#2445 = DEFINITIONAL_REPRESENTATION('',(#2446),#2449);
#2446 = B_SPLINE_CURVE_WITH_KNOTS('',1,(#2447,#2448),.UNSPECIFIED.,.F.,
  .F.,(2,2),(2.4999994,18.6000006),.PIECEWISE_BEZIER_KNOTS.);
#2447 = CARTESIAN_POINT('',(4.288831918398,2.4999994));
#2448 = CARTESIAN_POINT('',(4.288831918398,18.6000006));
#2449 = ( GEOMETRIC_REPRESENTATION_CONTEXT(2) 
PARAMETRIC_REPRESENTATION_CONTEXT() REPRESENTATION_CONTEXT('2D SPACE',''
  ) );
#2450 = PCURVE('',#2451,#2456);
#2451 = CYLINDRICAL_SURFACE('',#2452,1.);
#2452 = AXIS2_PLACEMENT_3D('',#2453,#2454,#2455);
#2453 = CARTESIAN_POINT('',(-5.,-8.660254037844,17.7));
#2454 = DIRECTION('',(0.,0.,1.));
#2455 = DIRECTION('',(1.,0.,-0.));
#2456 = DEFINITIONAL_REPRESENTATION('',(#2457),#2460);
#2457 = B_SPLINE_CURVE_WITH_KNOTS('',1,(#2458,#2459),.UNSPECIFIED.,.F.,
  .F.,(2,2),(2.5,18.6),.PIECEWISE_BEZIER_KNOTS.);
#2458 = CARTESIAN_POINT('',(5.809607388387,0.));
#2459 = CARTESIAN_POINT('',(5.809607388387,16.1));
#2460 = ( GEOMETRIC_REPRESENTATION_CONTEXT(2) 
PARAMETRIC_REPRESENTATION_CONTEXT() REPRESENTATION_CONTEXT('2D SPACE',''
  ) );
#2461 = ORIENTED_EDGE('',*,*,#2462,.F.);
#2462 = EDGE_CURVE('',#2463,#2435,#2465,.T.);
#2463 = VERTEX_POINT('',#2464);
#2464 = CARTESIAN_POINT('',(-5.8399421946,-8.117578158769,17.7));
#2465 = SURFACE_CURVE('',#2466,(#2471,#2478),.PCURVE_S1.);
#2466 = CIRCLE('',#2467,10.);
#2467 = AXIS2_PLACEMENT_3D('',#2468,#2469,#2470);
#2468 = CARTESIAN_POINT('',(0.,0.,17.7));
#2469 = DIRECTION('',(0.,0.,1.));
#2470 = DIRECTION('',(1.,0.,-0.));
#2471 = PCURVE('',#31,#2472);
#2472 = DEFINITIONAL_REPRESENTATION('',(#2473),#2477);
#2473 = LINE('',#2474,#2475);
#2474 = CARTESIAN_POINT('',(0.,2.5));
#2475 = VECTOR('',#2476,1.);
#2476 = DIRECTION('',(1.,0.));
#2477 = ( GEOMETRIC_REPRESENTATION_CONTEXT(2) 
PARAMETRIC_REPRESENTATION_CONTEXT() REPRESENTATION_CONTEXT('2D SPACE',''
  ) );
#2478 = PCURVE('',#2479,#2484);
#2479 = PLANE('',#2480);
#2480 = AXIS2_PLACEMENT_3D('',#2481,#2482,#2483);
#2481 = CARTESIAN_POINT('',(-5.,-8.660254037844,17.7));
#2482 = DIRECTION('',(0.,0.,1.));
#2483 = DIRECTION('',(1.,0.,-0.));
#2484 = DEFINITIONAL_REPRESENTATION('',(#2485),#2489);
#2485 = CIRCLE('',#2486,10.);
#2486 = AXIS2_PLACEMENT_2D('',#2487,#2488);
#2487 = CARTESIAN_POINT('',(5.,8.660254037844));
#2488 = DIRECTION('',(1.,0.));
#2489 = ( GEOMETRIC_REPRESENTATION_CONTEXT(2) 
PARAMETRIC_REPRESENTATION_CONTEXT() REPRESENTATION_CONTEXT('2D SPACE',''
  ) );
#2490 = ORIENTED_EDGE('',*,*,#2491,.T.);
#2491 = EDGE_CURVE('',#2463,#2492,#2494,.T.);
#2492 = VERTEX_POINT('',#2493);
#2493 = CARTESIAN_POINT('',(-5.8399421946,-8.117578158769,33.8));
#2494 = SURFACE_CURVE('',#2495,(#2499,#2505),.PCURVE_S1.);
#2495 = LINE('',#2496,#2497);
#2496 = CARTESIAN_POINT('',(-5.8399421946,-8.117578158769,15.2));
#2497 = VECTOR('',#2498,1.);
#2498 = DIRECTION('',(0.,0.,1.));
#2499 = PCURVE('',#31,#2500);
#2500 = DEFINITIONAL_REPRESENTATION('',(#2501),#2504);
#2501 = B_SPLINE_CURVE_WITH_KNOTS('',1,(#2502,#2503),.UNSPECIFIED.,.F.,
  .F.,(2,2),(2.4999994,18.6000006),.PIECEWISE_BEZIER_KNOTS.);
#2502 = CARTESIAN_POINT('',(4.088748491175,2.4999994));
#2503 = CARTESIAN_POINT('',(4.088748491175,18.6000006));
#2504 = ( GEOMETRIC_REPRESENTATION_CONTEXT(2) 
PARAMETRIC_REPRESENTATION_CONTEXT() REPRESENTATION_CONTEXT('2D SPACE',''
  ) );
#2505 = PCURVE('',#2451,#2506);
#2506 = DEFINITIONAL_REPRESENTATION('',(#2507),#2510);
#2507 = B_SPLINE_CURVE_WITH_KNOTS('',1,(#2508,#2509),.UNSPECIFIED.,.F.,
  .F.,(2,2),(2.5,18.6),.PIECEWISE_BEZIER_KNOTS.);
#2508 = CARTESIAN_POINT('',(8.851158328365,0.));
#2509 = CARTESIAN_POINT('',(8.851158328365,16.1));
#2510 = ( GEOMETRIC_REPRESENTATION_CONTEXT(2) 
PARAMETRIC_REPRESENTATION_CONTEXT() REPRESENTATION_CONTEXT('2D SPACE',''
  ) );
#2511 = ORIENTED_EDGE('',*,*,#2512,.T.);
#2512 = EDGE_CURVE('',#2492,#2437,#2513,.T.);
#2513 = SURFACE_CURVE('',#2514,(#2519,#2526),.PCURVE_S1.);
#2514 = CIRCLE('',#2515,10.);
#2515 = AXIS2_PLACEMENT_3D('',#2516,#2517,#2518);
#2516 = CARTESIAN_POINT('',(0.,0.,33.8));
#2517 = DIRECTION('',(0.,0.,1.));
#2518 = DIRECTION('',(1.,0.,-0.));
#2519 = PCURVE('',#31,#2520);
#2520 = DEFINITIONAL_REPRESENTATION('',(#2521),#2525);
#2521 = LINE('',#2522,#2523);
#2522 = CARTESIAN_POINT('',(0.,18.6));
#2523 = VECTOR('',#2524,1.);
#2524 = DIRECTION('',(1.,0.));
#2525 = ( GEOMETRIC_REPRESENTATION_CONTEXT(2) 
PARAMETRIC_REPRESENTATION_CONTEXT() REPRESENTATION_CONTEXT('2D SPACE',''
  ) );
#2526 = PCURVE('',#2527,#2532);
#2527 = PLANE('',#2528);
#2528 = AXIS2_PLACEMENT_3D('',#2529,#2530,#2531);
#2529 = CARTESIAN_POINT('',(-5.,-8.660254037844,33.8));
#2530 = DIRECTION('',(0.,0.,1.));
#2531 = DIRECTION('',(1.,0.,-0.));
#2532 = DEFINITIONAL_REPRESENTATION('',(#2533),#2537);
#2533 = CIRCLE('',#2534,10.);
#2534 = AXIS2_PLACEMENT_2D('',#2535,#2536);
#2535 = CARTESIAN_POINT('',(5.,8.660254037844));
#2536 = DIRECTION('',(1.,0.));
#2537 = ( GEOMETRIC_REPRESENTATION_CONTEXT(2) 
PARAMETRIC_REPRESENTATION_CONTEXT() REPRESENTATION_CONTEXT('2D SPACE',''
  ) );
#2538 = FACE_BOUND('',#2539,.T.);
#2539 = EDGE_LOOP('',(#2540,#2568,#2597,#2618));
#2540 = ORIENTED_EDGE('',*,*,#2541,.F.);
#2541 = EDGE_CURVE('',#2542,#2544,#2546,.T.);
#2542 = VERTEX_POINT('',#2543);
#2543 = CARTESIAN_POINT('',(-1.610531835338,-9.869457290417,17.7));
#2544 = VERTEX_POINT('',#2545);
#2545 = CARTESIAN_POINT('',(-1.610531835338,-9.869457290417,33.8));
#2546 = SURFACE_CURVE('',#2547,(#2551,#2557),.PCURVE_S1.);
#2547 = LINE('',#2548,#2549);
#2548 = CARTESIAN_POINT('',(-1.610531835338,-9.869457290417,15.2));
#2549 = VECTOR('',#2550,1.);
#2550 = DIRECTION('',(0.,0.,1.));
#2551 = PCURVE('',#31,#2552);
#2552 = DEFINITIONAL_REPRESENTATION('',(#2553),#2556);
#2553 = B_SPLINE_CURVE_WITH_KNOTS('',1,(#2554,#2555),.UNSPECIFIED.,.F.,
  .F.,(2,2),(2.4999994,18.6000006),.PIECEWISE_BEZIER_KNOTS.);
#2554 = CARTESIAN_POINT('',(4.550631306197,2.4999994));
#2555 = CARTESIAN_POINT('',(4.550631306197,18.6000006));
#2556 = ( GEOMETRIC_REPRESENTATION_CONTEXT(2) 
PARAMETRIC_REPRESENTATION_CONTEXT() REPRESENTATION_CONTEXT('2D SPACE',''
  ) );
#2557 = PCURVE('',#2558,#2563);
#2558 = CYLINDRICAL_SURFACE('',#2559,1.);
#2559 = AXIS2_PLACEMENT_3D('',#2560,#2561,#2562);
#2560 = CARTESIAN_POINT('',(-2.588190451025,-9.659258262891,17.7));
#2561 = DIRECTION('',(0.,0.,1.));
#2562 = DIRECTION('',(1.,0.,-0.));
#2563 = DEFINITIONAL_REPRESENTATION('',(#2564),#2567);
#2564 = B_SPLINE_CURVE_WITH_KNOTS('',1,(#2565,#2566),.UNSPECIFIED.,.F.,
  .F.,(2,2),(2.5,18.6),.PIECEWISE_BEZIER_KNOTS.);
#2565 = CARTESIAN_POINT('',(6.071406776186,0.));
#2566 = CARTESIAN_POINT('',(6.071406776186,16.1));
#2567 = ( GEOMETRIC_REPRESENTATION_CONTEXT(2) 
PARAMETRIC_REPRESENTATION_CONTEXT() REPRESENTATION_CONTEXT('2D SPACE',''
  ) );
#2568 = ORIENTED_EDGE('',*,*,#2569,.F.);
#2569 = EDGE_CURVE('',#2570,#2542,#2572,.T.);
#2570 = VERTEX_POINT('',#2571);
#2571 = CARTESIAN_POINT('',(-3.539967162202,-9.352466652736,17.7));
#2572 = SURFACE_CURVE('',#2573,(#2578,#2585),.PCURVE_S1.);
#2573 = CIRCLE('',#2574,10.);
#2574 = AXIS2_PLACEMENT_3D('',#2575,#2576,#2577);
#2575 = CARTESIAN_POINT('',(0.,0.,17.7));
#2576 = DIRECTION('',(0.,0.,1.));
#2577 = DIRECTION('',(1.,0.,-0.));
#2578 = PCURVE('',#31,#2579);
#2579 = DEFINITIONAL_REPRESENTATION('',(#2580),#2584);
#2580 = LINE('',#2581,#2582);
#2581 = CARTESIAN_POINT('',(0.,2.5));
#2582 = VECTOR('',#2583,1.);
#2583 = DIRECTION('',(1.,0.));
#2584 = ( GEOMETRIC_REPRESENTATION_CONTEXT(2) 
PARAMETRIC_REPRESENTATION_CONTEXT() REPRESENTATION_CONTEXT('2D SPACE',''
  ) );
#2585 = PCURVE('',#2586,#2591);
#2586 = PLANE('',#2587);
#2587 = AXIS2_PLACEMENT_3D('',#2588,#2589,#2590);
#2588 = CARTESIAN_POINT('',(-2.588190451025,-9.659258262891,17.7));
#2589 = DIRECTION('',(0.,0.,1.));
#2590 = DIRECTION('',(1.,0.,-0.));
#2591 = DEFINITIONAL_REPRESENTATION('',(#2592),#2596);
#2592 = CIRCLE('',#2593,10.);
#2593 = AXIS2_PLACEMENT_2D('',#2594,#2595);
#2594 = CARTESIAN_POINT('',(2.588190451025,9.659258262891));
#2595 = DIRECTION('',(1.,0.));
#2596 = ( GEOMETRIC_REPRESENTATION_CONTEXT(2) 
PARAMETRIC_REPRESENTATION_CONTEXT() REPRESENTATION_CONTEXT('2D SPACE',''
  ) );
#2597 = ORIENTED_EDGE('',*,*,#2598,.T.);
#2598 = EDGE_CURVE('',#2570,#2599,#2601,.T.);
#2599 = VERTEX_POINT('',#2600);
#2600 = CARTESIAN_POINT('',(-3.539967162202,-9.352466652736,33.8));
#2601 = SURFACE_CURVE('',#2602,(#2606,#2612),.PCURVE_S1.);
#2602 = LINE('',#2603,#2604);
#2603 = CARTESIAN_POINT('',(-3.539967162202,-9.352466652736,15.2));
#2604 = VECTOR('',#2605,1.);
#2605 = DIRECTION('',(0.,0.,1.));
#2606 = PCURVE('',#31,#2607);
#2607 = DEFINITIONAL_REPRESENTATION('',(#2608),#2611);
#2608 = B_SPLINE_CURVE_WITH_KNOTS('',1,(#2609,#2610),.UNSPECIFIED.,.F.,
  .F.,(2,2),(2.4999994,18.6000006),.PIECEWISE_BEZIER_KNOTS.);
#2609 = CARTESIAN_POINT('',(4.350547878974,2.4999994));
#2610 = CARTESIAN_POINT('',(4.350547878974,18.6000006));
#2611 = ( GEOMETRIC_REPRESENTATION_CONTEXT(2) 
PARAMETRIC_REPRESENTATION_CONTEXT() REPRESENTATION_CONTEXT('2D SPACE',''
  ) );
#2612 = PCURVE('',#2558,#2613);
#2613 = DEFINITIONAL_REPRESENTATION('',(#2614),#2617);
#2614 = B_SPLINE_CURVE_WITH_KNOTS('',1,(#2615,#2616),.UNSPECIFIED.,.F.,
  .F.,(2,2),(2.5,18.6),.PIECEWISE_BEZIER_KNOTS.);
#2615 = CARTESIAN_POINT('',(9.112957716164,0.));
#2616 = CARTESIAN_POINT('',(9.112957716164,16.1));
#2617 = ( GEOMETRIC_REPRESENTATION_CONTEXT(2) 
PARAMETRIC_REPRESENTATION_CONTEXT() REPRESENTATION_CONTEXT('2D SPACE',''
  ) );
#2618 = ORIENTED_EDGE('',*,*,#2619,.T.);
#2619 = EDGE_CURVE('',#2599,#2544,#2620,.T.);
#2620 = SURFACE_CURVE('',#2621,(#2626,#2633),.PCURVE_S1.);
#2621 = CIRCLE('',#2622,10.);
#2622 = AXIS2_PLACEMENT_3D('',#2623,#2624,#2625);
#2623 = CARTESIAN_POINT('',(0.,0.,33.8));
#2624 = DIRECTION('',(0.,0.,1.));
#2625 = DIRECTION('',(1.,0.,-0.));
#2626 = PCURVE('',#31,#2627);
#2627 = DEFINITIONAL_REPRESENTATION('',(#2628),#2632);
#2628 = LINE('',#2629,#2630);
#2629 = CARTESIAN_POINT('',(0.,18.6));
#2630 = VECTOR('',#2631,1.);
#2631 = DIRECTION('',(1.,0.));
#2632 = ( GEOMETRIC_REPRESENTATION_CONTEXT(2) 
PARAMETRIC_REPRESENTATION_CONTEXT() REPRESENTATION_CONTEXT('2D SPACE',''
  ) );
#2633 = PCURVE('',#2634,#2639);
#2634 = PLANE('',#2635);
#2635 = AXIS2_PLACEMENT_3D('',#2636,#2637,#2638);
#2636 = CARTESIAN_POINT('',(-2.588190451025,-9.659258262891,33.8));
#2637 = DIRECTION('',(0.,0.,1.));
#2638 = DIRECTION('',(1.,0.,-0.));
#2639 = DEFINITIONAL_REPRESENTATION('',(#2640),#2644);
#2640 = CIRCLE('',#2641,10.);
#2641 = AXIS2_PLACEMENT_2D('',#2642,#2643);
#2642 = CARTESIAN_POINT('',(2.588190451025,9.659258262891));
#2643 = DIRECTION('',(1.,0.));
#2644 = ( GEOMETRIC_REPRESENTATION_CONTEXT(2) 
PARAMETRIC_REPRESENTATION_CONTEXT() REPRESENTATION_CONTEXT('2D SPACE',''
  ) );
#2645 = FACE_BOUND('',#2646,.T.);
#2646 = EDGE_LOOP('',(#2647,#2675,#2704,#2725));
#2647 = ORIENTED_EDGE('',*,*,#2648,.F.);
#2648 = EDGE_CURVE('',#2649,#2651,#2653,.T.);
#2649 = VERTEX_POINT('',#2650);
#2650 = CARTESIAN_POINT('',(0.998749217772,-9.95,17.7));
#2651 = VERTEX_POINT('',#2652);
#2652 = CARTESIAN_POINT('',(0.998749217772,-9.95,33.8));
#2653 = SURFACE_CURVE('',#2654,(#2658,#2664),.PCURVE_S1.);
#2654 = LINE('',#2655,#2656);
#2655 = CARTESIAN_POINT('',(0.998749217772,-9.95,15.2));
#2656 = VECTOR('',#2657,1.);
#2657 = DIRECTION('',(0.,0.,1.));
#2658 = PCURVE('',#31,#2659);
#2659 = DEFINITIONAL_REPRESENTATION('',(#2660),#2663);
#2660 = B_SPLINE_CURVE_WITH_KNOTS('',1,(#2661,#2662),.UNSPECIFIED.,.F.,
  .F.,(2,2),(2.4999994,18.6000006),.PIECEWISE_BEZIER_KNOTS.);
#2661 = CARTESIAN_POINT('',(4.812430693996,2.4999994));
#2662 = CARTESIAN_POINT('',(4.812430693996,18.6000006));
#2663 = ( GEOMETRIC_REPRESENTATION_CONTEXT(2) 
PARAMETRIC_REPRESENTATION_CONTEXT() REPRESENTATION_CONTEXT('2D SPACE',''
  ) );
#2664 = PCURVE('',#2665,#2670);
#2665 = CYLINDRICAL_SURFACE('',#2666,1.);
#2666 = AXIS2_PLACEMENT_3D('',#2667,#2668,#2669);
#2667 = CARTESIAN_POINT('',(-1.836970198721E-15,-10.,17.7));
#2668 = DIRECTION('',(0.,0.,1.));
#2669 = DIRECTION('',(1.,0.,-0.));
#2670 = DEFINITIONAL_REPRESENTATION('',(#2671),#2674);
#2671 = B_SPLINE_CURVE_WITH_KNOTS('',1,(#2672,#2673),.UNSPECIFIED.,.F.,
  .F.,(2,2),(2.4999994,18.6000006),.PIECEWISE_BEZIER_KNOTS.);
#2672 = CARTESIAN_POINT('',(5.002085680577E-02,-5.999999999062E-07));
#2673 = CARTESIAN_POINT('',(5.002085680577E-02,16.1000006));
#2674 = ( GEOMETRIC_REPRESENTATION_CONTEXT(2) 
PARAMETRIC_REPRESENTATION_CONTEXT() REPRESENTATION_CONTEXT('2D SPACE',''
  ) );
#2675 = ORIENTED_EDGE('',*,*,#2676,.F.);
#2676 = EDGE_CURVE('',#2677,#2649,#2679,.T.);
#2677 = VERTEX_POINT('',#2678);
#2678 = CARTESIAN_POINT('',(-0.998749217772,-9.95,17.7));
#2679 = SURFACE_CURVE('',#2680,(#2685,#2692),.PCURVE_S1.);
#2680 = CIRCLE('',#2681,10.);
#2681 = AXIS2_PLACEMENT_3D('',#2682,#2683,#2684);
#2682 = CARTESIAN_POINT('',(0.,0.,17.7));
#2683 = DIRECTION('',(0.,0.,1.));
#2684 = DIRECTION('',(1.,0.,-0.));
#2685 = PCURVE('',#31,#2686);
#2686 = DEFINITIONAL_REPRESENTATION('',(#2687),#2691);
#2687 = LINE('',#2688,#2689);
#2688 = CARTESIAN_POINT('',(0.,2.5));
#2689 = VECTOR('',#2690,1.);
#2690 = DIRECTION('',(1.,0.));
#2691 = ( GEOMETRIC_REPRESENTATION_CONTEXT(2) 
PARAMETRIC_REPRESENTATION_CONTEXT() REPRESENTATION_CONTEXT('2D SPACE',''
  ) );
#2692 = PCURVE('',#2693,#2698);
#2693 = PLANE('',#2694);
#2694 = AXIS2_PLACEMENT_3D('',#2695,#2696,#2697);
#2695 = CARTESIAN_POINT('',(-1.836970198721E-15,-10.,17.7));
#2696 = DIRECTION('',(0.,0.,1.));
#2697 = DIRECTION('',(1.,0.,-0.));
#2698 = DEFINITIONAL_REPRESENTATION('',(#2699),#2703);
#2699 = CIRCLE('',#2700,10.);
#2700 = AXIS2_PLACEMENT_2D('',#2701,#2702);
#2701 = CARTESIAN_POINT('',(1.836970198721E-15,10.));
#2702 = DIRECTION('',(1.,0.));
#2703 = ( GEOMETRIC_REPRESENTATION_CONTEXT(2) 
PARAMETRIC_REPRESENTATION_CONTEXT() REPRESENTATION_CONTEXT('2D SPACE',''
  ) );
#2704 = ORIENTED_EDGE('',*,*,#2705,.T.);
#2705 = EDGE_CURVE('',#2677,#2706,#2708,.T.);
#2706 = VERTEX_POINT('',#2707);
#2707 = CARTESIAN_POINT('',(-0.998749217772,-9.95,33.8));
#2708 = SURFACE_CURVE('',#2709,(#2713,#2719),.PCURVE_S1.);
#2709 = LINE('',#2710,#2711);
#2710 = CARTESIAN_POINT('',(-0.998749217772,-9.95,15.2));
#2711 = VECTOR('',#2712,1.);
#2712 = DIRECTION('',(0.,0.,1.));
#2713 = PCURVE('',#31,#2714);
#2714 = DEFINITIONAL_REPRESENTATION('',(#2715),#2718);
#2715 = B_SPLINE_CURVE_WITH_KNOTS('',1,(#2716,#2717),.UNSPECIFIED.,.F.,
  .F.,(2,2),(2.4999994,18.6000006),.PIECEWISE_BEZIER_KNOTS.);
#2716 = CARTESIAN_POINT('',(4.612347266773,2.4999994));
#2717 = CARTESIAN_POINT('',(4.612347266773,18.6000006));
#2718 = ( GEOMETRIC_REPRESENTATION_CONTEXT(2) 
PARAMETRIC_REPRESENTATION_CONTEXT() REPRESENTATION_CONTEXT('2D SPACE',''
  ) );
#2719 = PCURVE('',#2665,#2720);
#2720 = DEFINITIONAL_REPRESENTATION('',(#2721),#2724);
#2721 = B_SPLINE_CURVE_WITH_KNOTS('',1,(#2722,#2723),.UNSPECIFIED.,.F.,
  .F.,(2,2),(2.4999994,18.6000006),.PIECEWISE_BEZIER_KNOTS.);
#2722 = CARTESIAN_POINT('',(3.091571796784,-5.999999999062E-07));
#2723 = CARTESIAN_POINT('',(3.091571796784,16.1000006));
#2724 = ( GEOMETRIC_REPRESENTATION_CONTEXT(2) 
PARAMETRIC_REPRESENTATION_CONTEXT() REPRESENTATION_CONTEXT('2D SPACE',''
  ) );
#2725 = ORIENTED_EDGE('',*,*,#2726,.T.);
#2726 = EDGE_CURVE('',#2706,#2651,#2727,.T.);
#2727 = SURFACE_CURVE('',#2728,(#2733,#2740),.PCURVE_S1.);
#2728 = CIRCLE('',#2729,10.);
#2729 = AXIS2_PLACEMENT_3D('',#2730,#2731,#2732);
#2730 = CARTESIAN_POINT('',(0.,0.,33.8));
#2731 = DIRECTION('',(0.,0.,1.));
#2732 = DIRECTION('',(1.,0.,-0.));
#2733 = PCURVE('',#31,#2734);
#2734 = DEFINITIONAL_REPRESENTATION('',(#2735),#2739);
#2735 = LINE('',#2736,#2737);
#2736 = CARTESIAN_POINT('',(0.,18.6));
#2737 = VECTOR('',#2738,1.);
#2738 = DIRECTION('',(1.,0.));
#2739 = ( GEOMETRIC_REPRESENTATION_CONTEXT(2) 
PARAMETRIC_REPRESENTATION_CONTEXT() REPRESENTATION_CONTEXT('2D SPACE',''
  ) );
#2740 = PCURVE('',#2741,#2746);
#2741 = PLANE('',#2742);
#2742 = AXIS2_PLACEMENT_3D('',#2743,#2744,#2745);
#2743 = CARTESIAN_POINT('',(-1.836970198721E-15,-10.,33.8));
#2744 = DIRECTION('',(0.,0.,1.));
#2745 = DIRECTION('',(1.,0.,-0.));
#2746 = DEFINITIONAL_REPRESENTATION('',(#2747),#2751);
#2747 = CIRCLE('',#2748,10.);
#2748 = AXIS2_PLACEMENT_2D('',#2749,#2750);
#2749 = CARTESIAN_POINT('',(1.836970198721E-15,10.));
#2750 = DIRECTION('',(1.,0.));
#2751 = ( GEOMETRIC_REPRESENTATION_CONTEXT(2) 
PARAMETRIC_REPRESENTATION_CONTEXT() REPRESENTATION_CONTEXT('2D SPACE',''
  ) );
#2752 = FACE_BOUND('',#2753,.T.);
#2753 = EDGE_LOOP('',(#2754,#2782,#2811,#2832));
#2754 = ORIENTED_EDGE('',*,*,#2755,.F.);
#2755 = EDGE_CURVE('',#2756,#2758,#2760,.T.);
#2756 = VERTEX_POINT('',#2757);
#2757 = CARTESIAN_POINT('',(3.539967162202,-9.352466652736,17.7));
#2758 = VERTEX_POINT('',#2759);
#2759 = CARTESIAN_POINT('',(3.539967162202,-9.352466652736,33.8));
#2760 = SURFACE_CURVE('',#2761,(#2765,#2771),.PCURVE_S1.);
#2761 = LINE('',#2762,#2763);
#2762 = CARTESIAN_POINT('',(3.539967162202,-9.352466652736,15.2));
#2763 = VECTOR('',#2764,1.);
#2764 = DIRECTION('',(0.,0.,1.));
#2765 = PCURVE('',#31,#2766);
#2766 = DEFINITIONAL_REPRESENTATION('',(#2767),#2770);
#2767 = B_SPLINE_CURVE_WITH_KNOTS('',1,(#2768,#2769),.UNSPECIFIED.,.F.,
  .F.,(2,2),(2.4999994,18.6000006),.PIECEWISE_BEZIER_KNOTS.);
#2768 = CARTESIAN_POINT('',(5.074230081795,2.4999994));
#2769 = CARTESIAN_POINT('',(5.074230081795,18.6000006));
#2770 = ( GEOMETRIC_REPRESENTATION_CONTEXT(2) 
PARAMETRIC_REPRESENTATION_CONTEXT() REPRESENTATION_CONTEXT('2D SPACE',''
  ) );
#2771 = PCURVE('',#2772,#2777);
#2772 = CYLINDRICAL_SURFACE('',#2773,1.);
#2773 = AXIS2_PLACEMENT_3D('',#2774,#2775,#2776);
#2774 = CARTESIAN_POINT('',(2.588190451025,-9.659258262891,17.7));
#2775 = DIRECTION('',(0.,0.,1.));
#2776 = DIRECTION('',(1.,0.,-0.));
#2777 = DEFINITIONAL_REPRESENTATION('',(#2778),#2781);
#2778 = B_SPLINE_CURVE_WITH_KNOTS('',1,(#2779,#2780),.UNSPECIFIED.,.F.,
  .F.,(2,2),(2.4999994,18.6000006),.PIECEWISE_BEZIER_KNOTS.);
#2779 = CARTESIAN_POINT('',(0.311820244605,-5.999999999062E-07));
#2780 = CARTESIAN_POINT('',(0.311820244605,16.1000006));
#2781 = ( GEOMETRIC_REPRESENTATION_CONTEXT(2) 
PARAMETRIC_REPRESENTATION_CONTEXT() REPRESENTATION_CONTEXT('2D SPACE',''
  ) );
#2782 = ORIENTED_EDGE('',*,*,#2783,.F.);
#2783 = EDGE_CURVE('',#2784,#2756,#2786,.T.);
#2784 = VERTEX_POINT('',#2785);
#2785 = CARTESIAN_POINT('',(1.610531835338,-9.869457290417,17.7));
#2786 = SURFACE_CURVE('',#2787,(#2792,#2799),.PCURVE_S1.);
#2787 = CIRCLE('',#2788,10.);
#2788 = AXIS2_PLACEMENT_3D('',#2789,#2790,#2791);
#2789 = CARTESIAN_POINT('',(0.,0.,17.7));
#2790 = DIRECTION('',(0.,0.,1.));
#2791 = DIRECTION('',(1.,0.,-0.));
#2792 = PCURVE('',#31,#2793);
#2793 = DEFINITIONAL_REPRESENTATION('',(#2794),#2798);
#2794 = LINE('',#2795,#2796);
#2795 = CARTESIAN_POINT('',(0.,2.5));
#2796 = VECTOR('',#2797,1.);
#2797 = DIRECTION('',(1.,0.));
#2798 = ( GEOMETRIC_REPRESENTATION_CONTEXT(2) 
PARAMETRIC_REPRESENTATION_CONTEXT() REPRESENTATION_CONTEXT('2D SPACE',''
  ) );
#2799 = PCURVE('',#2800,#2805);
#2800 = PLANE('',#2801);
#2801 = AXIS2_PLACEMENT_3D('',#2802,#2803,#2804);
#2802 = CARTESIAN_POINT('',(2.588190451025,-9.659258262891,17.7));
#2803 = DIRECTION('',(0.,0.,1.));
#2804 = DIRECTION('',(1.,0.,-0.));
#2805 = DEFINITIONAL_REPRESENTATION('',(#2806),#2810);
#2806 = CIRCLE('',#2807,10.);
#2807 = AXIS2_PLACEMENT_2D('',#2808,#2809);
#2808 = CARTESIAN_POINT('',(-2.588190451025,9.659258262891));
#2809 = DIRECTION('',(1.,0.));
#2810 = ( GEOMETRIC_REPRESENTATION_CONTEXT(2) 
PARAMETRIC_REPRESENTATION_CONTEXT() REPRESENTATION_CONTEXT('2D SPACE',''
  ) );
#2811 = ORIENTED_EDGE('',*,*,#2812,.T.);
#2812 = EDGE_CURVE('',#2784,#2813,#2815,.T.);
#2813 = VERTEX_POINT('',#2814);
#2814 = CARTESIAN_POINT('',(1.610531835338,-9.869457290417,33.8));
#2815 = SURFACE_CURVE('',#2816,(#2820,#2826),.PCURVE_S1.);
#2816 = LINE('',#2817,#2818);
#2817 = CARTESIAN_POINT('',(1.610531835338,-9.869457290417,15.2));
#2818 = VECTOR('',#2819,1.);
#2819 = DIRECTION('',(0.,0.,1.));
#2820 = PCURVE('',#31,#2821);
#2821 = DEFINITIONAL_REPRESENTATION('',(#2822),#2825);
#2822 = B_SPLINE_CURVE_WITH_KNOTS('',1,(#2823,#2824),.UNSPECIFIED.,.F.,
  .F.,(2,2),(2.4999994,18.6000006),.PIECEWISE_BEZIER_KNOTS.);
#2823 = CARTESIAN_POINT('',(4.874146654572,2.4999994));
#2824 = CARTESIAN_POINT('',(4.874146654572,18.6000006));
#2825 = ( GEOMETRIC_REPRESENTATION_CONTEXT(2) 
PARAMETRIC_REPRESENTATION_CONTEXT() REPRESENTATION_CONTEXT('2D SPACE',''
  ) );
#2826 = PCURVE('',#2772,#2827);
#2827 = DEFINITIONAL_REPRESENTATION('',(#2828),#2831);
#2828 = B_SPLINE_CURVE_WITH_KNOTS('',1,(#2829,#2830),.UNSPECIFIED.,.F.,
  .F.,(2,2),(2.4999994,18.6000006),.PIECEWISE_BEZIER_KNOTS.);
#2829 = CARTESIAN_POINT('',(3.353371184583,-5.999999999062E-07));
#2830 = CARTESIAN_POINT('',(3.353371184583,16.1000006));
#2831 = ( GEOMETRIC_REPRESENTATION_CONTEXT(2) 
PARAMETRIC_REPRESENTATION_CONTEXT() REPRESENTATION_CONTEXT('2D SPACE',''
  ) );
#2832 = ORIENTED_EDGE('',*,*,#2833,.T.);
#2833 = EDGE_CURVE('',#2813,#2758,#2834,.T.);
#2834 = SURFACE_CURVE('',#2835,(#2840,#2847),.PCURVE_S1.);
#2835 = CIRCLE('',#2836,10.);
#2836 = AXIS2_PLACEMENT_3D('',#2837,#2838,#2839);
#2837 = CARTESIAN_POINT('',(0.,0.,33.8));
#2838 = DIRECTION('',(0.,0.,1.));
#2839 = DIRECTION('',(1.,0.,-0.));
#2840 = PCURVE('',#31,#2841);
#2841 = DEFINITIONAL_REPRESENTATION('',(#2842),#2846);
#2842 = LINE('',#2843,#2844);
#2843 = CARTESIAN_POINT('',(0.,18.6));
#2844 = VECTOR('',#2845,1.);
#2845 = DIRECTION('',(1.,0.));
#2846 = ( GEOMETRIC_REPRESENTATION_CONTEXT(2) 
PARAMETRIC_REPRESENTATION_CONTEXT() REPRESENTATION_CONTEXT('2D SPACE',''
  ) );
#2847 = PCURVE('',#2848,#2853);
#2848 = PLANE('',#2849);
#2849 = AXIS2_PLACEMENT_3D('',#2850,#2851,#2852);
#2850 = CARTESIAN_POINT('',(2.588190451025,-9.659258262891,33.8));
#2851 = DIRECTION('',(0.,0.,1.));
#2852 = DIRECTION('',(1.,0.,-0.));
#2853 = DEFINITIONAL_REPRESENTATION('',(#2854),#2858);
#2854 = CIRCLE('',#2855,10.);
#2855 = AXIS2_PLACEMENT_2D('',#2856,#2857);
#2856 = CARTESIAN_POINT('',(-2.588190451025,9.659258262891));
#2857 = DIRECTION('',(1.,0.));
#2858 = ( GEOMETRIC_REPRESENTATION_CONTEXT(2) 
PARAMETRIC_REPRESENTATION_CONTEXT() REPRESENTATION_CONTEXT('2D SPACE',''
  ) );
#2859 = FACE_BOUND('',#2860,.T.);
#2860 = EDGE_LOOP('',(#2861,#2889,#2918,#2939));
#2861 = ORIENTED_EDGE('',*,*,#2862,.F.);
#2862 = EDGE_CURVE('',#2863,#2865,#2867,.T.);
#2863 = VERTEX_POINT('',#2864);
#2864 = CARTESIAN_POINT('',(5.8399421946,-8.117578158769,17.7));
#2865 = VERTEX_POINT('',#2866);
#2866 = CARTESIAN_POINT('',(5.8399421946,-8.117578158769,33.8));
#2867 = SURFACE_CURVE('',#2868,(#2872,#2878),.PCURVE_S1.);
#2868 = LINE('',#2869,#2870);
#2869 = CARTESIAN_POINT('',(5.8399421946,-8.117578158769,15.2));
#2870 = VECTOR('',#2871,1.);
#2871 = DIRECTION('',(0.,0.,1.));
#2872 = PCURVE('',#31,#2873);
#2873 = DEFINITIONAL_REPRESENTATION('',(#2874),#2877);
#2874 = B_SPLINE_CURVE_WITH_KNOTS('',1,(#2875,#2876),.UNSPECIFIED.,.F.,
  .F.,(2,2),(2.4999994,18.6000006),.PIECEWISE_BEZIER_KNOTS.);
#2875 = CARTESIAN_POINT('',(5.336029469595,2.4999994));
#2876 = CARTESIAN_POINT('',(5.336029469595,18.6000006));
#2877 = ( GEOMETRIC_REPRESENTATION_CONTEXT(2) 
PARAMETRIC_REPRESENTATION_CONTEXT() REPRESENTATION_CONTEXT('2D SPACE',''
  ) );
#2878 = PCURVE('',#2879,#2884);
#2879 = CYLINDRICAL_SURFACE('',#2880,1.);
#2880 = AXIS2_PLACEMENT_3D('',#2881,#2882,#2883);
#2881 = CARTESIAN_POINT('',(5.,-8.660254037844,17.7));
#2882 = DIRECTION('',(0.,0.,1.));
#2883 = DIRECTION('',(1.,0.,-0.));
#2884 = DEFINITIONAL_REPRESENTATION('',(#2885),#2888);
#2885 = B_SPLINE_CURVE_WITH_KNOTS('',1,(#2886,#2887),.UNSPECIFIED.,.F.,
  .F.,(2,2),(2.4999994,18.6000006),.PIECEWISE_BEZIER_KNOTS.);
#2886 = CARTESIAN_POINT('',(0.573619632404,-5.999999999062E-07));
#2887 = CARTESIAN_POINT('',(0.573619632404,16.1000006));
#2888 = ( GEOMETRIC_REPRESENTATION_CONTEXT(2) 
PARAMETRIC_REPRESENTATION_CONTEXT() REPRESENTATION_CONTEXT('2D SPACE',''
  ) );
#2889 = ORIENTED_EDGE('',*,*,#2890,.F.);
#2890 = EDGE_CURVE('',#2891,#2863,#2893,.T.);
#2891 = VERTEX_POINT('',#2892);
#2892 = CARTESIAN_POINT('',(4.1100578054,-9.116327376541,17.7));
#2893 = SURFACE_CURVE('',#2894,(#2899,#2906),.PCURVE_S1.);
#2894 = CIRCLE('',#2895,10.);
#2895 = AXIS2_PLACEMENT_3D('',#2896,#2897,#2898);
#2896 = CARTESIAN_POINT('',(0.,0.,17.7));
#2897 = DIRECTION('',(0.,0.,1.));
#2898 = DIRECTION('',(1.,0.,-0.));
#2899 = PCURVE('',#31,#2900);
#2900 = DEFINITIONAL_REPRESENTATION('',(#2901),#2905);
#2901 = LINE('',#2902,#2903);
#2902 = CARTESIAN_POINT('',(0.,2.5));
#2903 = VECTOR('',#2904,1.);
#2904 = DIRECTION('',(1.,0.));
#2905 = ( GEOMETRIC_REPRESENTATION_CONTEXT(2) 
PARAMETRIC_REPRESENTATION_CONTEXT() REPRESENTATION_CONTEXT('2D SPACE',''
  ) );
#2906 = PCURVE('',#2907,#2912);
#2907 = PLANE('',#2908);
#2908 = AXIS2_PLACEMENT_3D('',#2909,#2910,#2911);
#2909 = CARTESIAN_POINT('',(5.,-8.660254037844,17.7));
#2910 = DIRECTION('',(0.,0.,1.));
#2911 = DIRECTION('',(1.,0.,-0.));
#2912 = DEFINITIONAL_REPRESENTATION('',(#2913),#2917);
#2913 = CIRCLE('',#2914,10.);
#2914 = AXIS2_PLACEMENT_2D('',#2915,#2916);
#2915 = CARTESIAN_POINT('',(-5.,8.660254037844));
#2916 = DIRECTION('',(1.,0.));
#2917 = ( GEOMETRIC_REPRESENTATION_CONTEXT(2) 
PARAMETRIC_REPRESENTATION_CONTEXT() REPRESENTATION_CONTEXT('2D SPACE',''
  ) );
#2918 = ORIENTED_EDGE('',*,*,#2919,.T.);
#2919 = EDGE_CURVE('',#2891,#2920,#2922,.T.);
#2920 = VERTEX_POINT('',#2921);
#2921 = CARTESIAN_POINT('',(4.1100578054,-9.116327376541,33.8));
#2922 = SURFACE_CURVE('',#2923,(#2927,#2933),.PCURVE_S1.);
#2923 = LINE('',#2924,#2925);
#2924 = CARTESIAN_POINT('',(4.1100578054,-9.116327376541,15.2));
#2925 = VECTOR('',#2926,1.);
#2926 = DIRECTION('',(0.,0.,1.));
#2927 = PCURVE('',#31,#2928);
#2928 = DEFINITIONAL_REPRESENTATION('',(#2929),#2932);
#2929 = B_SPLINE_CURVE_WITH_KNOTS('',1,(#2930,#2931),.UNSPECIFIED.,.F.,
  .F.,(2,2),(2.4999994,18.6000006),.PIECEWISE_BEZIER_KNOTS.);
#2930 = CARTESIAN_POINT('',(5.135946042371,2.4999994));
#2931 = CARTESIAN_POINT('',(5.135946042371,18.6000006));
#2932 = ( GEOMETRIC_REPRESENTATION_CONTEXT(2) 
PARAMETRIC_REPRESENTATION_CONTEXT() REPRESENTATION_CONTEXT('2D SPACE',''
  ) );
#2933 = PCURVE('',#2879,#2934);
#2934 = DEFINITIONAL_REPRESENTATION('',(#2935),#2938);
#2935 = B_SPLINE_CURVE_WITH_KNOTS('',1,(#2936,#2937),.UNSPECIFIED.,.F.,
  .F.,(2,2),(2.4999994,18.6000006),.PIECEWISE_BEZIER_KNOTS.);
#2936 = CARTESIAN_POINT('',(3.615170572382,-5.999999999062E-07));
#2937 = CARTESIAN_POINT('',(3.615170572382,16.1000006));
#2938 = ( GEOMETRIC_REPRESENTATION_CONTEXT(2) 
PARAMETRIC_REPRESENTATION_CONTEXT() REPRESENTATION_CONTEXT('2D SPACE',''
  ) );
#2939 = ORIENTED_EDGE('',*,*,#2940,.T.);
#2940 = EDGE_CURVE('',#2920,#2865,#2941,.T.);
#2941 = SURFACE_CURVE('',#2942,(#2947,#2954),.PCURVE_S1.);
#2942 = CIRCLE('',#2943,10.);
#2943 = AXIS2_PLACEMENT_3D('',#2944,#2945,#2946);
#2944 = CARTESIAN_POINT('',(0.,0.,33.8));
#2945 = DIRECTION('',(0.,0.,1.));
#2946 = DIRECTION('',(1.,0.,-0.));
#2947 = PCURVE('',#31,#2948);
#2948 = DEFINITIONAL_REPRESENTATION('',(#2949),#2953);
#2949 = LINE('',#2950,#2951);
#2950 = CARTESIAN_POINT('',(0.,18.6));
#2951 = VECTOR('',#2952,1.);
#2952 = DIRECTION('',(1.,0.));
#2953 = ( GEOMETRIC_REPRESENTATION_CONTEXT(2) 
PARAMETRIC_REPRESENTATION_CONTEXT() REPRESENTATION_CONTEXT('2D SPACE',''
  ) );
#2954 = PCURVE('',#2955,#2960);
#2955 = PLANE('',#2956);
#2956 = AXIS2_PLACEMENT_3D('',#2957,#2958,#2959);
#2957 = CARTESIAN_POINT('',(5.,-8.660254037844,33.8));
#2958 = DIRECTION('',(0.,0.,1.));
#2959 = DIRECTION('',(1.,0.,-0.));
#2960 = DEFINITIONAL_REPRESENTATION('',(#2961),#2965);
#2961 = CIRCLE('',#2962,10.);
#2962 = AXIS2_PLACEMENT_2D('',#2963,#2964);
#2963 = CARTESIAN_POINT('',(-5.,8.660254037844));
#2964 = DIRECTION('',(1.,0.));
#2965 = ( GEOMETRIC_REPRESENTATION_CONTEXT(2) 
PARAMETRIC_REPRESENTATION_CONTEXT() REPRESENTATION_CONTEXT('2D SPACE',''
  ) );
#2966 = FACE_BOUND('',#2967,.T.);
#2967 = EDGE_LOOP('',(#2968,#2996,#3025,#3046));
#2968 = ORIENTED_EDGE('',*,*,#2969,.F.);
#2969 = EDGE_CURVE('',#2970,#2972,#2974,.T.);
#2970 = VERTEX_POINT('',#2971);
#2971 = CARTESIAN_POINT('',(7.741934817397,-6.329490128215,17.7));
#2972 = VERTEX_POINT('',#2973);
#2973 = CARTESIAN_POINT('',(7.741934817397,-6.329490128215,33.8));
#2974 = SURFACE_CURVE('',#2975,(#2979,#2985),.PCURVE_S1.);
#2975 = LINE('',#2976,#2977);
#2976 = CARTESIAN_POINT('',(7.741934817397,-6.329490128215,15.2));
#2977 = VECTOR('',#2978,1.);
#2978 = DIRECTION('',(0.,0.,1.));
#2979 = PCURVE('',#31,#2980);
#2980 = DEFINITIONAL_REPRESENTATION('',(#2981),#2984);
#2981 = B_SPLINE_CURVE_WITH_KNOTS('',1,(#2982,#2983),.UNSPECIFIED.,.F.,
  .F.,(2,2),(2.4999994,18.6000006),.PIECEWISE_BEZIER_KNOTS.);
#2982 = CARTESIAN_POINT('',(5.597828857394,2.4999994));
#2983 = CARTESIAN_POINT('',(5.597828857394,18.6000006));
#2984 = ( GEOMETRIC_REPRESENTATION_CONTEXT(2) 
PARAMETRIC_REPRESENTATION_CONTEXT() REPRESENTATION_CONTEXT('2D SPACE',''
  ) );
#2985 = PCURVE('',#2986,#2991);
#2986 = CYLINDRICAL_SURFACE('',#2987,1.);
#2987 = AXIS2_PLACEMENT_3D('',#2988,#2989,#2990);
#2988 = CARTESIAN_POINT('',(7.071067811865,-7.071067811865,17.7));
#2989 = DIRECTION('',(0.,0.,1.));
#2990 = DIRECTION('',(1.,0.,-0.));
#2991 = DEFINITIONAL_REPRESENTATION('',(#2992),#2995);
#2992 = B_SPLINE_CURVE_WITH_KNOTS('',1,(#2993,#2994),.UNSPECIFIED.,.F.,
  .F.,(2,2),(2.4999994,18.6000006),.PIECEWISE_BEZIER_KNOTS.);
#2993 = CARTESIAN_POINT('',(0.835419020203,-5.999999999062E-07));
#2994 = CARTESIAN_POINT('',(0.835419020203,16.1000006));
#2995 = ( GEOMETRIC_REPRESENTATION_CONTEXT(2) 
PARAMETRIC_REPRESENTATION_CONTEXT() REPRESENTATION_CONTEXT('2D SPACE',''
  ) );
#2996 = ORIENTED_EDGE('',*,*,#2997,.F.);
#2997 = EDGE_CURVE('',#2998,#2970,#3000,.T.);
#2998 = VERTEX_POINT('',#2999);
#2999 = CARTESIAN_POINT('',(6.329490128215,-7.741934817397,17.7));
#3000 = SURFACE_CURVE('',#3001,(#3006,#3013),.PCURVE_S1.);
#3001 = CIRCLE('',#3002,10.);
#3002 = AXIS2_PLACEMENT_3D('',#3003,#3004,#3005);
#3003 = CARTESIAN_POINT('',(0.,0.,17.7));
#3004 = DIRECTION('',(0.,0.,1.));
#3005 = DIRECTION('',(1.,0.,-0.));
#3006 = PCURVE('',#31,#3007);
#3007 = DEFINITIONAL_REPRESENTATION('',(#3008),#3012);
#3008 = LINE('',#3009,#3010);
#3009 = CARTESIAN_POINT('',(0.,2.5));
#3010 = VECTOR('',#3011,1.);
#3011 = DIRECTION('',(1.,0.));
#3012 = ( GEOMETRIC_REPRESENTATION_CONTEXT(2) 
PARAMETRIC_REPRESENTATION_CONTEXT() REPRESENTATION_CONTEXT('2D SPACE',''
  ) );
#3013 = PCURVE('',#3014,#3019);
#3014 = PLANE('',#3015);
#3015 = AXIS2_PLACEMENT_3D('',#3016,#3017,#3018);
#3016 = CARTESIAN_POINT('',(7.071067811865,-7.071067811865,17.7));
#3017 = DIRECTION('',(0.,0.,1.));
#3018 = DIRECTION('',(1.,0.,-0.));
#3019 = DEFINITIONAL_REPRESENTATION('',(#3020),#3024);
#3020 = CIRCLE('',#3021,10.);
#3021 = AXIS2_PLACEMENT_2D('',#3022,#3023);
#3022 = CARTESIAN_POINT('',(-7.071067811865,7.071067811865));
#3023 = DIRECTION('',(1.,0.));
#3024 = ( GEOMETRIC_REPRESENTATION_CONTEXT(2) 
PARAMETRIC_REPRESENTATION_CONTEXT() REPRESENTATION_CONTEXT('2D SPACE',''
  ) );
#3025 = ORIENTED_EDGE('',*,*,#3026,.T.);
#3026 = EDGE_CURVE('',#2998,#3027,#3029,.T.);
#3027 = VERTEX_POINT('',#3028);
#3028 = CARTESIAN_POINT('',(6.329490128215,-7.741934817397,33.8));
#3029 = SURFACE_CURVE('',#3030,(#3034,#3040),.PCURVE_S1.);
#3030 = LINE('',#3031,#3032);
#3031 = CARTESIAN_POINT('',(6.329490128215,-7.741934817397,15.2));
#3032 = VECTOR('',#3033,1.);
#3033 = DIRECTION('',(0.,0.,1.));
#3034 = PCURVE('',#31,#3035);
#3035 = DEFINITIONAL_REPRESENTATION('',(#3036),#3039);
#3036 = B_SPLINE_CURVE_WITH_KNOTS('',1,(#3037,#3038),.UNSPECIFIED.,.F.,
  .F.,(2,2),(2.4999994,18.6000006),.PIECEWISE_BEZIER_KNOTS.);
#3037 = CARTESIAN_POINT('',(5.397745430171,2.4999994));
#3038 = CARTESIAN_POINT('',(5.397745430171,18.6000006));
#3039 = ( GEOMETRIC_REPRESENTATION_CONTEXT(2) 
PARAMETRIC_REPRESENTATION_CONTEXT() REPRESENTATION_CONTEXT('2D SPACE',''
  ) );
#3040 = PCURVE('',#2986,#3041);
#3041 = DEFINITIONAL_REPRESENTATION('',(#3042),#3045);
#3042 = B_SPLINE_CURVE_WITH_KNOTS('',1,(#3043,#3044),.UNSPECIFIED.,.F.,
  .F.,(2,2),(2.4999994,18.6000006),.PIECEWISE_BEZIER_KNOTS.);
#3043 = CARTESIAN_POINT('',(3.876969960181,-5.999999999062E-07));
#3044 = CARTESIAN_POINT('',(3.876969960181,16.1000006));
#3045 = ( GEOMETRIC_REPRESENTATION_CONTEXT(2) 
PARAMETRIC_REPRESENTATION_CONTEXT() REPRESENTATION_CONTEXT('2D SPACE',''
  ) );
#3046 = ORIENTED_EDGE('',*,*,#3047,.T.);
#3047 = EDGE_CURVE('',#3027,#2972,#3048,.T.);
#3048 = SURFACE_CURVE('',#3049,(#3054,#3061),.PCURVE_S1.);
#3049 = CIRCLE('',#3050,10.);
#3050 = AXIS2_PLACEMENT_3D('',#3051,#3052,#3053);
#3051 = CARTESIAN_POINT('',(0.,0.,33.8));
#3052 = DIRECTION('',(0.,0.,1.));
#3053 = DIRECTION('',(1.,0.,-0.));
#3054 = PCURVE('',#31,#3055);
#3055 = DEFINITIONAL_REPRESENTATION('',(#3056),#3060);
#3056 = LINE('',#3057,#3058);
#3057 = CARTESIAN_POINT('',(0.,18.6));
#3058 = VECTOR('',#3059,1.);
#3059 = DIRECTION('',(1.,0.));
#3060 = ( GEOMETRIC_REPRESENTATION_CONTEXT(2) 
PARAMETRIC_REPRESENTATION_CONTEXT() REPRESENTATION_CONTEXT('2D SPACE',''
  ) );
#3061 = PCURVE('',#3062,#3067);
#3062 = PLANE('',#3063);
#3063 = AXIS2_PLACEMENT_3D('',#3064,#3065,#3066);
#3064 = CARTESIAN_POINT('',(7.071067811865,-7.071067811865,33.8));
#3065 = DIRECTION('',(0.,0.,1.));
#3066 = DIRECTION('',(1.,0.,-0.));
#3067 = DEFINITIONAL_REPRESENTATION('',(#3068),#3072);
#3068 = CIRCLE('',#3069,10.);
#3069 = AXIS2_PLACEMENT_2D('',#3070,#3071);
#3070 = CARTESIAN_POINT('',(-7.071067811865,7.071067811865));
#3071 = DIRECTION('',(1.,0.));
#3072 = ( GEOMETRIC_REPRESENTATION_CONTEXT(2) 
PARAMETRIC_REPRESENTATION_CONTEXT() REPRESENTATION_CONTEXT('2D SPACE',''
  ) );
#3073 = FACE_BOUND('',#3074,.T.);
#3074 = EDGE_LOOP('',(#3075,#3103,#3132,#3153));
#3075 = ORIENTED_EDGE('',*,*,#3076,.F.);
#3076 = EDGE_CURVE('',#3077,#3079,#3081,.T.);
#3077 = VERTEX_POINT('',#3078);
#3078 = CARTESIAN_POINT('',(9.116327376541,-4.1100578054,17.7));
#3079 = VERTEX_POINT('',#3080);
#3080 = CARTESIAN_POINT('',(9.116327376541,-4.1100578054,33.8));
#3081 = SURFACE_CURVE('',#3082,(#3086,#3092),.PCURVE_S1.);
#3082 = LINE('',#3083,#3084);
#3083 = CARTESIAN_POINT('',(9.116327376541,-4.1100578054,15.2));
#3084 = VECTOR('',#3085,1.);
#3085 = DIRECTION('',(0.,0.,1.));
#3086 = PCURVE('',#31,#3087);
#3087 = DEFINITIONAL_REPRESENTATION('',(#3088),#3091);
#3088 = B_SPLINE_CURVE_WITH_KNOTS('',1,(#3089,#3090),.UNSPECIFIED.,.F.,
  .F.,(2,2),(2.4999994,18.6000006),.PIECEWISE_BEZIER_KNOTS.);
#3089 = CARTESIAN_POINT('',(5.859628245193,2.4999994));
#3090 = CARTESIAN_POINT('',(5.859628245193,18.6000006));
#3091 = ( GEOMETRIC_REPRESENTATION_CONTEXT(2) 
PARAMETRIC_REPRESENTATION_CONTEXT() REPRESENTATION_CONTEXT('2D SPACE',''
  ) );
#3092 = PCURVE('',#3093,#3098);
#3093 = CYLINDRICAL_SURFACE('',#3094,1.);
#3094 = AXIS2_PLACEMENT_3D('',#3095,#3096,#3097);
#3095 = CARTESIAN_POINT('',(8.660254037844,-5.,17.7));
#3096 = DIRECTION('',(0.,0.,1.));
#3097 = DIRECTION('',(1.,0.,-0.));
#3098 = DEFINITIONAL_REPRESENTATION('',(#3099),#3102);
#3099 = B_SPLINE_CURVE_WITH_KNOTS('',1,(#3100,#3101),.UNSPECIFIED.,.F.,
  .F.,(2,2),(2.4999994,18.6000006),.PIECEWISE_BEZIER_KNOTS.);
#3100 = CARTESIAN_POINT('',(1.097218408002,-5.999999999062E-07));
#3101 = CARTESIAN_POINT('',(1.097218408002,16.1000006));
#3102 = ( GEOMETRIC_REPRESENTATION_CONTEXT(2) 
PARAMETRIC_REPRESENTATION_CONTEXT() REPRESENTATION_CONTEXT('2D SPACE',''
  ) );
#3103 = ORIENTED_EDGE('',*,*,#3104,.F.);
#3104 = EDGE_CURVE('',#3105,#3077,#3107,.T.);
#3105 = VERTEX_POINT('',#3106);
#3106 = CARTESIAN_POINT('',(8.117578158769,-5.8399421946,17.7));
#3107 = SURFACE_CURVE('',#3108,(#3113,#3120),.PCURVE_S1.);
#3108 = CIRCLE('',#3109,10.);
#3109 = AXIS2_PLACEMENT_3D('',#3110,#3111,#3112);
#3110 = CARTESIAN_POINT('',(0.,0.,17.7));
#3111 = DIRECTION('',(0.,0.,1.));
#3112 = DIRECTION('',(1.,0.,-0.));
#3113 = PCURVE('',#31,#3114);
#3114 = DEFINITIONAL_REPRESENTATION('',(#3115),#3119);
#3115 = LINE('',#3116,#3117);
#3116 = CARTESIAN_POINT('',(0.,2.5));
#3117 = VECTOR('',#3118,1.);
#3118 = DIRECTION('',(1.,0.));
#3119 = ( GEOMETRIC_REPRESENTATION_CONTEXT(2) 
PARAMETRIC_REPRESENTATION_CONTEXT() REPRESENTATION_CONTEXT('2D SPACE',''
  ) );
#3120 = PCURVE('',#3121,#3126);
#3121 = PLANE('',#3122);
#3122 = AXIS2_PLACEMENT_3D('',#3123,#3124,#3125);
#3123 = CARTESIAN_POINT('',(8.660254037844,-5.,17.7));
#3124 = DIRECTION('',(0.,0.,1.));
#3125 = DIRECTION('',(1.,0.,-0.));
#3126 = DEFINITIONAL_REPRESENTATION('',(#3127),#3131);
#3127 = CIRCLE('',#3128,10.);
#3128 = AXIS2_PLACEMENT_2D('',#3129,#3130);
#3129 = CARTESIAN_POINT('',(-8.660254037844,5.));
#3130 = DIRECTION('',(1.,0.));
#3131 = ( GEOMETRIC_REPRESENTATION_CONTEXT(2) 
PARAMETRIC_REPRESENTATION_CONTEXT() REPRESENTATION_CONTEXT('2D SPACE',''
  ) );
#3132 = ORIENTED_EDGE('',*,*,#3133,.T.);
#3133 = EDGE_CURVE('',#3105,#3134,#3136,.T.);
#3134 = VERTEX_POINT('',#3135);
#3135 = CARTESIAN_POINT('',(8.117578158769,-5.8399421946,33.8));
#3136 = SURFACE_CURVE('',#3137,(#3141,#3147),.PCURVE_S1.);
#3137 = LINE('',#3138,#3139);
#3138 = CARTESIAN_POINT('',(8.117578158769,-5.8399421946,15.2));
#3139 = VECTOR('',#3140,1.);
#3140 = DIRECTION('',(0.,0.,1.));
#3141 = PCURVE('',#31,#3142);
#3142 = DEFINITIONAL_REPRESENTATION('',(#3143),#3146);
#3143 = B_SPLINE_CURVE_WITH_KNOTS('',1,(#3144,#3145),.UNSPECIFIED.,.F.,
  .F.,(2,2),(2.4999994,18.6000006),.PIECEWISE_BEZIER_KNOTS.);
#3144 = CARTESIAN_POINT('',(5.65954481797,2.4999994));
#3145 = CARTESIAN_POINT('',(5.65954481797,18.6000006));
#3146 = ( GEOMETRIC_REPRESENTATION_CONTEXT(2) 
PARAMETRIC_REPRESENTATION_CONTEXT() REPRESENTATION_CONTEXT('2D SPACE',''
  ) );
#3147 = PCURVE('',#3093,#3148);
#3148 = DEFINITIONAL_REPRESENTATION('',(#3149),#3152);
#3149 = B_SPLINE_CURVE_WITH_KNOTS('',1,(#3150,#3151),.UNSPECIFIED.,.F.,
  .F.,(2,2),(2.4999994,18.6000006),.PIECEWISE_BEZIER_KNOTS.);
#3150 = CARTESIAN_POINT('',(4.138769347981,-5.999999999062E-07));
#3151 = CARTESIAN_POINT('',(4.138769347981,16.1000006));
#3152 = ( GEOMETRIC_REPRESENTATION_CONTEXT(2) 
PARAMETRIC_REPRESENTATION_CONTEXT() REPRESENTATION_CONTEXT('2D SPACE',''
  ) );
#3153 = ORIENTED_EDGE('',*,*,#3154,.T.);
#3154 = EDGE_CURVE('',#3134,#3079,#3155,.T.);
#3155 = SURFACE_CURVE('',#3156,(#3161,#3168),.PCURVE_S1.);
#3156 = CIRCLE('',#3157,10.);
#3157 = AXIS2_PLACEMENT_3D('',#3158,#3159,#3160);
#3158 = CARTESIAN_POINT('',(0.,0.,33.8));
#3159 = DIRECTION('',(0.,0.,1.));
#3160 = DIRECTION('',(1.,0.,-0.));
#3161 = PCURVE('',#31,#3162);
#3162 = DEFINITIONAL_REPRESENTATION('',(#3163),#3167);
#3163 = LINE('',#3164,#3165);
#3164 = CARTESIAN_POINT('',(0.,18.6));
#3165 = VECTOR('',#3166,1.);
#3166 = DIRECTION('',(1.,0.));
#3167 = ( GEOMETRIC_REPRESENTATION_CONTEXT(2) 
PARAMETRIC_REPRESENTATION_CONTEXT() REPRESENTATION_CONTEXT('2D SPACE',''
  ) );
#3168 = PCURVE('',#3169,#3174);
#3169 = PLANE('',#3170);
#3170 = AXIS2_PLACEMENT_3D('',#3171,#3172,#3173);
#3171 = CARTESIAN_POINT('',(8.660254037844,-5.,33.8));
#3172 = DIRECTION('',(0.,0.,1.));
#3173 = DIRECTION('',(1.,0.,-0.));
#3174 = DEFINITIONAL_REPRESENTATION('',(#3175),#3179);
#3175 = CIRCLE('',#3176,10.);
#3176 = AXIS2_PLACEMENT_2D('',#3177,#3178);
#3177 = CARTESIAN_POINT('',(-8.660254037844,5.));
#3178 = DIRECTION('',(1.,0.));
#3179 = ( GEOMETRIC_REPRESENTATION_CONTEXT(2) 
PARAMETRIC_REPRESENTATION_CONTEXT() REPRESENTATION_CONTEXT('2D SPACE',''
  ) );
#3180 = FACE_BOUND('',#3181,.T.);
#3181 = EDGE_LOOP('',(#3182,#3210,#3239,#3260));
#3182 = ORIENTED_EDGE('',*,*,#3183,.F.);
#3183 = EDGE_CURVE('',#3184,#3186,#3188,.T.);
#3184 = VERTEX_POINT('',#3185);
#3185 = CARTESIAN_POINT('',(9.869457290417,-1.610531835338,17.7));
#3186 = VERTEX_POINT('',#3187);
#3187 = CARTESIAN_POINT('',(9.869457290417,-1.610531835338,33.8));
#3188 = SURFACE_CURVE('',#3189,(#3193,#3199),.PCURVE_S1.);
#3189 = LINE('',#3190,#3191);
#3190 = CARTESIAN_POINT('',(9.869457290417,-1.610531835338,15.2));
#3191 = VECTOR('',#3192,1.);
#3192 = DIRECTION('',(0.,0.,1.));
#3193 = PCURVE('',#31,#3194);
#3194 = DEFINITIONAL_REPRESENTATION('',(#3195),#3198);
#3195 = B_SPLINE_CURVE_WITH_KNOTS('',1,(#3196,#3197),.UNSPECIFIED.,.F.,
  .F.,(2,2),(2.4999994,18.6000006),.PIECEWISE_BEZIER_KNOTS.);
#3196 = CARTESIAN_POINT('',(6.121427632992,2.4999994));
#3197 = CARTESIAN_POINT('',(6.121427632992,18.6000006));
#3198 = ( GEOMETRIC_REPRESENTATION_CONTEXT(2) 
PARAMETRIC_REPRESENTATION_CONTEXT() REPRESENTATION_CONTEXT('2D SPACE',''
  ) );
#3199 = PCURVE('',#3200,#3205);
#3200 = CYLINDRICAL_SURFACE('',#3201,1.);
#3201 = AXIS2_PLACEMENT_3D('',#3202,#3203,#3204);
#3202 = CARTESIAN_POINT('',(9.659258262891,-2.588190451025,17.7));
#3203 = DIRECTION('',(0.,0.,1.));
#3204 = DIRECTION('',(1.,0.,-0.));
#3205 = DEFINITIONAL_REPRESENTATION('',(#3206),#3209);
#3206 = B_SPLINE_CURVE_WITH_KNOTS('',1,(#3207,#3208),.UNSPECIFIED.,.F.,
  .F.,(2,2),(2.4999994,18.6000006),.PIECEWISE_BEZIER_KNOTS.);
#3207 = CARTESIAN_POINT('',(1.359017795802,-5.999999999062E-07));
#3208 = CARTESIAN_POINT('',(1.359017795802,16.1000006));
#3209 = ( GEOMETRIC_REPRESENTATION_CONTEXT(2) 
PARAMETRIC_REPRESENTATION_CONTEXT() REPRESENTATION_CONTEXT('2D SPACE',''
  ) );
#3210 = ORIENTED_EDGE('',*,*,#3211,.F.);
#3211 = EDGE_CURVE('',#3212,#3184,#3214,.T.);
#3212 = VERTEX_POINT('',#3213);
#3213 = CARTESIAN_POINT('',(9.352466652736,-3.539967162202,17.7));
#3214 = SURFACE_CURVE('',#3215,(#3220,#3227),.PCURVE_S1.);
#3215 = CIRCLE('',#3216,10.);
#3216 = AXIS2_PLACEMENT_3D('',#3217,#3218,#3219);
#3217 = CARTESIAN_POINT('',(0.,0.,17.7));
#3218 = DIRECTION('',(0.,0.,1.));
#3219 = DIRECTION('',(1.,0.,-0.));
#3220 = PCURVE('',#31,#3221);
#3221 = DEFINITIONAL_REPRESENTATION('',(#3222),#3226);
#3222 = LINE('',#3223,#3224);
#3223 = CARTESIAN_POINT('',(0.,2.5));
#3224 = VECTOR('',#3225,1.);
#3225 = DIRECTION('',(1.,0.));
#3226 = ( GEOMETRIC_REPRESENTATION_CONTEXT(2) 
PARAMETRIC_REPRESENTATION_CONTEXT() REPRESENTATION_CONTEXT('2D SPACE',''
  ) );
#3227 = PCURVE('',#3228,#3233);
#3228 = PLANE('',#3229);
#3229 = AXIS2_PLACEMENT_3D('',#3230,#3231,#3232);
#3230 = CARTESIAN_POINT('',(9.659258262891,-2.588190451025,17.7));
#3231 = DIRECTION('',(0.,0.,1.));
#3232 = DIRECTION('',(1.,0.,-0.));
#3233 = DEFINITIONAL_REPRESENTATION('',(#3234),#3238);
#3234 = CIRCLE('',#3235,10.);
#3235 = AXIS2_PLACEMENT_2D('',#3236,#3237);
#3236 = CARTESIAN_POINT('',(-9.659258262891,2.588190451025));
#3237 = DIRECTION('',(1.,0.));
#3238 = ( GEOMETRIC_REPRESENTATION_CONTEXT(2) 
PARAMETRIC_REPRESENTATION_CONTEXT() REPRESENTATION_CONTEXT('2D SPACE',''
  ) );
#3239 = ORIENTED_EDGE('',*,*,#3240,.T.);
#3240 = EDGE_CURVE('',#3212,#3241,#3243,.T.);
#3241 = VERTEX_POINT('',#3242);
#3242 = CARTESIAN_POINT('',(9.352466652736,-3.539967162202,33.8));
#3243 = SURFACE_CURVE('',#3244,(#3248,#3254),.PCURVE_S1.);
#3244 = LINE('',#3245,#3246);
#3245 = CARTESIAN_POINT('',(9.352466652736,-3.539967162202,15.2));
#3246 = VECTOR('',#3247,1.);
#3247 = DIRECTION('',(0.,0.,1.));
#3248 = PCURVE('',#31,#3249);
#3249 = DEFINITIONAL_REPRESENTATION('',(#3250),#3253);
#3250 = B_SPLINE_CURVE_WITH_KNOTS('',1,(#3251,#3252),.UNSPECIFIED.,.F.,
  .F.,(2,2),(2.4999994,18.6000006),.PIECEWISE_BEZIER_KNOTS.);
#3251 = CARTESIAN_POINT('',(5.921344205769,2.4999994));
#3252 = CARTESIAN_POINT('',(5.921344205769,18.6000006));
#3253 = ( GEOMETRIC_REPRESENTATION_CONTEXT(2) 
PARAMETRIC_REPRESENTATION_CONTEXT() REPRESENTATION_CONTEXT('2D SPACE',''
  ) );
#3254 = PCURVE('',#3200,#3255);
#3255 = DEFINITIONAL_REPRESENTATION('',(#3256),#3259);
#3256 = B_SPLINE_CURVE_WITH_KNOTS('',1,(#3257,#3258),.UNSPECIFIED.,.F.,
  .F.,(2,2),(2.4999994,18.6000006),.PIECEWISE_BEZIER_KNOTS.);
#3257 = CARTESIAN_POINT('',(4.40056873578,-5.999999999062E-07));
#3258 = CARTESIAN_POINT('',(4.40056873578,16.1000006));
#3259 = ( GEOMETRIC_REPRESENTATION_CONTEXT(2) 
PARAMETRIC_REPRESENTATION_CONTEXT() REPRESENTATION_CONTEXT('2D SPACE',''
  ) );
#3260 = ORIENTED_EDGE('',*,*,#3261,.T.);
#3261 = EDGE_CURVE('',#3241,#3186,#3262,.T.);
#3262 = SURFACE_CURVE('',#3263,(#3268,#3275),.PCURVE_S1.);
#3263 = CIRCLE('',#3264,10.);
#3264 = AXIS2_PLACEMENT_3D('',#3265,#3266,#3267);
#3265 = CARTESIAN_POINT('',(0.,0.,33.8));
#3266 = DIRECTION('',(0.,0.,1.));
#3267 = DIRECTION('',(1.,0.,-0.));
#3268 = PCURVE('',#31,#3269);
#3269 = DEFINITIONAL_REPRESENTATION('',(#3270),#3274);
#3270 = LINE('',#3271,#3272);
#3271 = CARTESIAN_POINT('',(0.,18.6));
#3272 = VECTOR('',#3273,1.);
#3273 = DIRECTION('',(1.,0.));
#3274 = ( GEOMETRIC_REPRESENTATION_CONTEXT(2) 
PARAMETRIC_REPRESENTATION_CONTEXT() REPRESENTATION_CONTEXT('2D SPACE',''
  ) );
#3275 = PCURVE('',#3276,#3281);
#3276 = PLANE('',#3277);
#3277 = AXIS2_PLACEMENT_3D('',#3278,#3279,#3280);
#3278 = CARTESIAN_POINT('',(9.659258262891,-2.588190451025,33.8));
#3279 = DIRECTION('',(0.,0.,1.));
#3280 = DIRECTION('',(1.,0.,-0.));
#3281 = DEFINITIONAL_REPRESENTATION('',(#3282),#3286);
#3282 = CIRCLE('',#3283,10.);
#3283 = AXIS2_PLACEMENT_2D('',#3284,#3285);
#3284 = CARTESIAN_POINT('',(-9.659258262891,2.588190451025));
#3285 = DIRECTION('',(1.,0.));
#3286 = ( GEOMETRIC_REPRESENTATION_CONTEXT(2) 
PARAMETRIC_REPRESENTATION_CONTEXT() REPRESENTATION_CONTEXT('2D SPACE',''
  ) );
#3287 = ADVANCED_FACE('',(#3288),#3228,.T.);
#3288 = FACE_BOUND('',#3289,.T.);
#3289 = EDGE_LOOP('',(#3290,#3291));
#3290 = ORIENTED_EDGE('',*,*,#3211,.T.);
#3291 = ORIENTED_EDGE('',*,*,#3292,.T.);
#3292 = EDGE_CURVE('',#3184,#3212,#3293,.T.);
#3293 = SURFACE_CURVE('',#3294,(#3299,#3306),.PCURVE_S1.);
#3294 = CIRCLE('',#3295,1.);
#3295 = AXIS2_PLACEMENT_3D('',#3296,#3297,#3298);
#3296 = CARTESIAN_POINT('',(9.659258262891,-2.588190451025,17.7));
#3297 = DIRECTION('',(0.,0.,1.));
#3298 = DIRECTION('',(1.,0.,-0.));
#3299 = PCURVE('',#3228,#3300);
#3300 = DEFINITIONAL_REPRESENTATION('',(#3301),#3305);
#3301 = CIRCLE('',#3302,1.);
#3302 = AXIS2_PLACEMENT_2D('',#3303,#3304);
#3303 = CARTESIAN_POINT('',(0.,0.));
#3304 = DIRECTION('',(1.,0.));
#3305 = ( GEOMETRIC_REPRESENTATION_CONTEXT(2) 
PARAMETRIC_REPRESENTATION_CONTEXT() REPRESENTATION_CONTEXT('2D SPACE',''
  ) );
#3306 = PCURVE('',#3200,#3307);
#3307 = DEFINITIONAL_REPRESENTATION('',(#3308),#3312);
#3308 = LINE('',#3309,#3310);
#3309 = CARTESIAN_POINT('',(0.,0.));
#3310 = VECTOR('',#3311,1.);
#3311 = DIRECTION('',(1.,0.));
#3312 = ( GEOMETRIC_REPRESENTATION_CONTEXT(2) 
PARAMETRIC_REPRESENTATION_CONTEXT() REPRESENTATION_CONTEXT('2D SPACE',''
  ) );
#3313 = ADVANCED_FACE('',(#3314),#3276,.F.);
#3314 = FACE_BOUND('',#3315,.F.);
#3315 = EDGE_LOOP('',(#3316,#3317));
#3316 = ORIENTED_EDGE('',*,*,#3261,.T.);
#3317 = ORIENTED_EDGE('',*,*,#3318,.T.);
#3318 = EDGE_CURVE('',#3186,#3241,#3319,.T.);
#3319 = SURFACE_CURVE('',#3320,(#3325,#3332),.PCURVE_S1.);
#3320 = CIRCLE('',#3321,1.);
#3321 = AXIS2_PLACEMENT_3D('',#3322,#3323,#3324);
#3322 = CARTESIAN_POINT('',(9.659258262891,-2.588190451025,33.8));
#3323 = DIRECTION('',(0.,0.,1.));
#3324 = DIRECTION('',(1.,0.,-0.));
#3325 = PCURVE('',#3276,#3326);
#3326 = DEFINITIONAL_REPRESENTATION('',(#3327),#3331);
#3327 = CIRCLE('',#3328,1.);
#3328 = AXIS2_PLACEMENT_2D('',#3329,#3330);
#3329 = CARTESIAN_POINT('',(0.,0.));
#3330 = DIRECTION('',(1.,0.));
#3331 = ( GEOMETRIC_REPRESENTATION_CONTEXT(2) 
PARAMETRIC_REPRESENTATION_CONTEXT() REPRESENTATION_CONTEXT('2D SPACE',''
  ) );
#3332 = PCURVE('',#3200,#3333);
#3333 = DEFINITIONAL_REPRESENTATION('',(#3334),#3338);
#3334 = LINE('',#3335,#3336);
#3335 = CARTESIAN_POINT('',(0.,16.1));
#3336 = VECTOR('',#3337,1.);
#3337 = DIRECTION('',(1.,0.));
#3338 = ( GEOMETRIC_REPRESENTATION_CONTEXT(2) 
PARAMETRIC_REPRESENTATION_CONTEXT() REPRESENTATION_CONTEXT('2D SPACE',''
  ) );
#3339 = ADVANCED_FACE('',(#3340),#3200,.F.);
#3340 = FACE_BOUND('',#3341,.F.);
#3341 = EDGE_LOOP('',(#3342,#3343,#3344,#3345));
#3342 = ORIENTED_EDGE('',*,*,#3318,.F.);
#3343 = ORIENTED_EDGE('',*,*,#3183,.F.);
#3344 = ORIENTED_EDGE('',*,*,#3292,.T.);
#3345 = ORIENTED_EDGE('',*,*,#3240,.T.);
#3346 = ADVANCED_FACE('',(#3347),#3121,.T.);
#3347 = FACE_BOUND('',#3348,.T.);
#3348 = EDGE_LOOP('',(#3349,#3350));
#3349 = ORIENTED_EDGE('',*,*,#3104,.T.);
#3350 = ORIENTED_EDGE('',*,*,#3351,.T.);
#3351 = EDGE_CURVE('',#3077,#3105,#3352,.T.);
#3352 = SURFACE_CURVE('',#3353,(#3358,#3365),.PCURVE_S1.);
#3353 = CIRCLE('',#3354,1.);
#3354 = AXIS2_PLACEMENT_3D('',#3355,#3356,#3357);
#3355 = CARTESIAN_POINT('',(8.660254037844,-5.,17.7));
#3356 = DIRECTION('',(0.,0.,1.));
#3357 = DIRECTION('',(1.,0.,-0.));
#3358 = PCURVE('',#3121,#3359);
#3359 = DEFINITIONAL_REPRESENTATION('',(#3360),#3364);
#3360 = CIRCLE('',#3361,1.);
#3361 = AXIS2_PLACEMENT_2D('',#3362,#3363);
#3362 = CARTESIAN_POINT('',(0.,0.));
#3363 = DIRECTION('',(1.,0.));
#3364 = ( GEOMETRIC_REPRESENTATION_CONTEXT(2) 
PARAMETRIC_REPRESENTATION_CONTEXT() REPRESENTATION_CONTEXT('2D SPACE',''
  ) );
#3365 = PCURVE('',#3093,#3366);
#3366 = DEFINITIONAL_REPRESENTATION('',(#3367),#3371);
#3367 = LINE('',#3368,#3369);
#3368 = CARTESIAN_POINT('',(0.,0.));
#3369 = VECTOR('',#3370,1.);
#3370 = DIRECTION('',(1.,0.));
#3371 = ( GEOMETRIC_REPRESENTATION_CONTEXT(2) 
PARAMETRIC_REPRESENTATION_CONTEXT() REPRESENTATION_CONTEXT('2D SPACE',''
  ) );
#3372 = ADVANCED_FACE('',(#3373),#3169,.F.);
#3373 = FACE_BOUND('',#3374,.F.);
#3374 = EDGE_LOOP('',(#3375,#3376));
#3375 = ORIENTED_EDGE('',*,*,#3154,.T.);
#3376 = ORIENTED_EDGE('',*,*,#3377,.T.);
#3377 = EDGE_CURVE('',#3079,#3134,#3378,.T.);
#3378 = SURFACE_CURVE('',#3379,(#3384,#3391),.PCURVE_S1.);
#3379 = CIRCLE('',#3380,1.);
#3380 = AXIS2_PLACEMENT_3D('',#3381,#3382,#3383);
#3381 = CARTESIAN_POINT('',(8.660254037844,-5.,33.8));
#3382 = DIRECTION('',(0.,0.,1.));
#3383 = DIRECTION('',(1.,0.,-0.));
#3384 = PCURVE('',#3169,#3385);
#3385 = DEFINITIONAL_REPRESENTATION('',(#3386),#3390);
#3386 = CIRCLE('',#3387,1.);
#3387 = AXIS2_PLACEMENT_2D('',#3388,#3389);
#3388 = CARTESIAN_POINT('',(0.,0.));
#3389 = DIRECTION('',(1.,0.));
#3390 = ( GEOMETRIC_REPRESENTATION_CONTEXT(2) 
PARAMETRIC_REPRESENTATION_CONTEXT() REPRESENTATION_CONTEXT('2D SPACE',''
  ) );
#3391 = PCURVE('',#3093,#3392);
#3392 = DEFINITIONAL_REPRESENTATION('',(#3393),#3397);
#3393 = LINE('',#3394,#3395);
#3394 = CARTESIAN_POINT('',(0.,16.1));
#3395 = VECTOR('',#3396,1.);
#3396 = DIRECTION('',(1.,0.));
#3397 = ( GEOMETRIC_REPRESENTATION_CONTEXT(2) 
PARAMETRIC_REPRESENTATION_CONTEXT() REPRESENTATION_CONTEXT('2D SPACE',''
  ) );
#3398 = ADVANCED_FACE('',(#3399),#3093,.F.);
#3399 = FACE_BOUND('',#3400,.F.);
#3400 = EDGE_LOOP('',(#3401,#3402,#3403,#3404));
#3401 = ORIENTED_EDGE('',*,*,#3377,.F.);
#3402 = ORIENTED_EDGE('',*,*,#3076,.F.);
#3403 = ORIENTED_EDGE('',*,*,#3351,.T.);
#3404 = ORIENTED_EDGE('',*,*,#3133,.T.);
#3405 = ADVANCED_FACE('',(#3406),#3014,.T.);
#3406 = FACE_BOUND('',#3407,.T.);
#3407 = EDGE_LOOP('',(#3408,#3409));
#3408 = ORIENTED_EDGE('',*,*,#2997,.T.);
#3409 = ORIENTED_EDGE('',*,*,#3410,.T.);
#3410 = EDGE_CURVE('',#2970,#2998,#3411,.T.);
#3411 = SURFACE_CURVE('',#3412,(#3417,#3424),.PCURVE_S1.);
#3412 = CIRCLE('',#3413,1.);
#3413 = AXIS2_PLACEMENT_3D('',#3414,#3415,#3416);
#3414 = CARTESIAN_POINT('',(7.071067811865,-7.071067811865,17.7));
#3415 = DIRECTION('',(0.,0.,1.));
#3416 = DIRECTION('',(1.,0.,-0.));
#3417 = PCURVE('',#3014,#3418);
#3418 = DEFINITIONAL_REPRESENTATION('',(#3419),#3423);
#3419 = CIRCLE('',#3420,1.);
#3420 = AXIS2_PLACEMENT_2D('',#3421,#3422);
#3421 = CARTESIAN_POINT('',(0.,0.));
#3422 = DIRECTION('',(1.,0.));
#3423 = ( GEOMETRIC_REPRESENTATION_CONTEXT(2) 
PARAMETRIC_REPRESENTATION_CONTEXT() REPRESENTATION_CONTEXT('2D SPACE',''
  ) );
#3424 = PCURVE('',#2986,#3425);
#3425 = DEFINITIONAL_REPRESENTATION('',(#3426),#3430);
#3426 = LINE('',#3427,#3428);
#3427 = CARTESIAN_POINT('',(0.,0.));
#3428 = VECTOR('',#3429,1.);
#3429 = DIRECTION('',(1.,0.));
#3430 = ( GEOMETRIC_REPRESENTATION_CONTEXT(2) 
PARAMETRIC_REPRESENTATION_CONTEXT() REPRESENTATION_CONTEXT('2D SPACE',''
  ) );
#3431 = ADVANCED_FACE('',(#3432),#3062,.F.);
#3432 = FACE_BOUND('',#3433,.F.);
#3433 = EDGE_LOOP('',(#3434,#3435));
#3434 = ORIENTED_EDGE('',*,*,#3047,.T.);
#3435 = ORIENTED_EDGE('',*,*,#3436,.T.);
#3436 = EDGE_CURVE('',#2972,#3027,#3437,.T.);
#3437 = SURFACE_CURVE('',#3438,(#3443,#3450),.PCURVE_S1.);
#3438 = CIRCLE('',#3439,1.);
#3439 = AXIS2_PLACEMENT_3D('',#3440,#3441,#3442);
#3440 = CARTESIAN_POINT('',(7.071067811865,-7.071067811865,33.8));
#3441 = DIRECTION('',(0.,0.,1.));
#3442 = DIRECTION('',(1.,0.,-0.));
#3443 = PCURVE('',#3062,#3444);
#3444 = DEFINITIONAL_REPRESENTATION('',(#3445),#3449);
#3445 = CIRCLE('',#3446,1.);
#3446 = AXIS2_PLACEMENT_2D('',#3447,#3448);
#3447 = CARTESIAN_POINT('',(0.,0.));
#3448 = DIRECTION('',(1.,0.));
#3449 = ( GEOMETRIC_REPRESENTATION_CONTEXT(2) 
PARAMETRIC_REPRESENTATION_CONTEXT() REPRESENTATION_CONTEXT('2D SPACE',''
  ) );
#3450 = PCURVE('',#2986,#3451);
#3451 = DEFINITIONAL_REPRESENTATION('',(#3452),#3456);
#3452 = LINE('',#3453,#3454);
#3453 = CARTESIAN_POINT('',(0.,16.1));
#3454 = VECTOR('',#3455,1.);
#3455 = DIRECTION('',(1.,0.));
#3456 = ( GEOMETRIC_REPRESENTATION_CONTEXT(2) 
PARAMETRIC_REPRESENTATION_CONTEXT() REPRESENTATION_CONTEXT('2D SPACE',''
  ) );
#3457 = ADVANCED_FACE('',(#3458),#2986,.F.);
#3458 = FACE_BOUND('',#3459,.F.);
#3459 = EDGE_LOOP('',(#3460,#3461,#3462,#3463));
#3460 = ORIENTED_EDGE('',*,*,#3436,.F.);
#3461 = ORIENTED_EDGE('',*,*,#2969,.F.);
#3462 = ORIENTED_EDGE('',*,*,#3410,.T.);
#3463 = ORIENTED_EDGE('',*,*,#3026,.T.);
#3464 = ADVANCED_FACE('',(#3465),#2907,.T.);
#3465 = FACE_BOUND('',#3466,.T.);
#3466 = EDGE_LOOP('',(#3467,#3468));
#3467 = ORIENTED_EDGE('',*,*,#2890,.T.);
#3468 = ORIENTED_EDGE('',*,*,#3469,.T.);
#3469 = EDGE_CURVE('',#2863,#2891,#3470,.T.);
#3470 = SURFACE_CURVE('',#3471,(#3476,#3483),.PCURVE_S1.);
#3471 = CIRCLE('',#3472,1.);
#3472 = AXIS2_PLACEMENT_3D('',#3473,#3474,#3475);
#3473 = CARTESIAN_POINT('',(5.,-8.660254037844,17.7));
#3474 = DIRECTION('',(0.,0.,1.));
#3475 = DIRECTION('',(1.,0.,-0.));
#3476 = PCURVE('',#2907,#3477);
#3477 = DEFINITIONAL_REPRESENTATION('',(#3478),#3482);
#3478 = CIRCLE('',#3479,1.);
#3479 = AXIS2_PLACEMENT_2D('',#3480,#3481);
#3480 = CARTESIAN_POINT('',(0.,0.));
#3481 = DIRECTION('',(1.,0.));
#3482 = ( GEOMETRIC_REPRESENTATION_CONTEXT(2) 
PARAMETRIC_REPRESENTATION_CONTEXT() REPRESENTATION_CONTEXT('2D SPACE',''
  ) );
#3483 = PCURVE('',#2879,#3484);
#3484 = DEFINITIONAL_REPRESENTATION('',(#3485),#3489);
#3485 = LINE('',#3486,#3487);
#3486 = CARTESIAN_POINT('',(0.,0.));
#3487 = VECTOR('',#3488,1.);
#3488 = DIRECTION('',(1.,0.));
#3489 = ( GEOMETRIC_REPRESENTATION_CONTEXT(2) 
PARAMETRIC_REPRESENTATION_CONTEXT() REPRESENTATION_CONTEXT('2D SPACE',''
  ) );
#3490 = ADVANCED_FACE('',(#3491),#2955,.F.);
#3491 = FACE_BOUND('',#3492,.F.);
#3492 = EDGE_LOOP('',(#3493,#3494));
#3493 = ORIENTED_EDGE('',*,*,#2940,.T.);
#3494 = ORIENTED_EDGE('',*,*,#3495,.T.);
#3495 = EDGE_CURVE('',#2865,#2920,#3496,.T.);
#3496 = SURFACE_CURVE('',#3497,(#3502,#3509),.PCURVE_S1.);
#3497 = CIRCLE('',#3498,1.);
#3498 = AXIS2_PLACEMENT_3D('',#3499,#3500,#3501);
#3499 = CARTESIAN_POINT('',(5.,-8.660254037844,33.8));
#3500 = DIRECTION('',(0.,0.,1.));
#3501 = DIRECTION('',(1.,0.,-0.));
#3502 = PCURVE('',#2955,#3503);
#3503 = DEFINITIONAL_REPRESENTATION('',(#3504),#3508);
#3504 = CIRCLE('',#3505,1.);
#3505 = AXIS2_PLACEMENT_2D('',#3506,#3507);
#3506 = CARTESIAN_POINT('',(0.,0.));
#3507 = DIRECTION('',(1.,0.));
#3508 = ( GEOMETRIC_REPRESENTATION_CONTEXT(2) 
PARAMETRIC_REPRESENTATION_CONTEXT() REPRESENTATION_CONTEXT('2D SPACE',''
  ) );
#3509 = PCURVE('',#2879,#3510);
#3510 = DEFINITIONAL_REPRESENTATION('',(#3511),#3515);
#3511 = LINE('',#3512,#3513);
#3512 = CARTESIAN_POINT('',(0.,16.1));
#3513 = VECTOR('',#3514,1.);
#3514 = DIRECTION('',(1.,0.));
#3515 = ( GEOMETRIC_REPRESENTATION_CONTEXT(2) 
PARAMETRIC_REPRESENTATION_CONTEXT() REPRESENTATION_CONTEXT('2D SPACE',''
  ) );
#3516 = ADVANCED_FACE('',(#3517),#2879,.F.);
#3517 = FACE_BOUND('',#3518,.F.);
#3518 = EDGE_LOOP('',(#3519,#3520,#3521,#3522));
#3519 = ORIENTED_EDGE('',*,*,#3495,.F.);
#3520 = ORIENTED_EDGE('',*,*,#2862,.F.);
#3521 = ORIENTED_EDGE('',*,*,#3469,.T.);
#3522 = ORIENTED_EDGE('',*,*,#2919,.T.);
#3523 = ADVANCED_FACE('',(#3524),#2800,.T.);
#3524 = FACE_BOUND('',#3525,.T.);
#3525 = EDGE_LOOP('',(#3526,#3527));
#3526 = ORIENTED_EDGE('',*,*,#2783,.T.);
#3527 = ORIENTED_EDGE('',*,*,#3528,.T.);
#3528 = EDGE_CURVE('',#2756,#2784,#3529,.T.);
#3529 = SURFACE_CURVE('',#3530,(#3535,#3542),.PCURVE_S1.);
#3530 = CIRCLE('',#3531,1.);
#3531 = AXIS2_PLACEMENT_3D('',#3532,#3533,#3534);
#3532 = CARTESIAN_POINT('',(2.588190451025,-9.659258262891,17.7));
#3533 = DIRECTION('',(0.,0.,1.));
#3534 = DIRECTION('',(1.,0.,-0.));
#3535 = PCURVE('',#2800,#3536);
#3536 = DEFINITIONAL_REPRESENTATION('',(#3537),#3541);
#3537 = CIRCLE('',#3538,1.);
#3538 = AXIS2_PLACEMENT_2D('',#3539,#3540);
#3539 = CARTESIAN_POINT('',(0.,0.));
#3540 = DIRECTION('',(1.,0.));
#3541 = ( GEOMETRIC_REPRESENTATION_CONTEXT(2) 
PARAMETRIC_REPRESENTATION_CONTEXT() REPRESENTATION_CONTEXT('2D SPACE',''
  ) );
#3542 = PCURVE('',#2772,#3543);
#3543 = DEFINITIONAL_REPRESENTATION('',(#3544),#3548);
#3544 = LINE('',#3545,#3546);
#3545 = CARTESIAN_POINT('',(0.,0.));
#3546 = VECTOR('',#3547,1.);
#3547 = DIRECTION('',(1.,0.));
#3548 = ( GEOMETRIC_REPRESENTATION_CONTEXT(2) 
PARAMETRIC_REPRESENTATION_CONTEXT() REPRESENTATION_CONTEXT('2D SPACE',''
  ) );
#3549 = ADVANCED_FACE('',(#3550),#2848,.F.);
#3550 = FACE_BOUND('',#3551,.F.);
#3551 = EDGE_LOOP('',(#3552,#3553));
#3552 = ORIENTED_EDGE('',*,*,#2833,.T.);
#3553 = ORIENTED_EDGE('',*,*,#3554,.T.);
#3554 = EDGE_CURVE('',#2758,#2813,#3555,.T.);
#3555 = SURFACE_CURVE('',#3556,(#3561,#3568),.PCURVE_S1.);
#3556 = CIRCLE('',#3557,1.);
#3557 = AXIS2_PLACEMENT_3D('',#3558,#3559,#3560);
#3558 = CARTESIAN_POINT('',(2.588190451025,-9.659258262891,33.8));
#3559 = DIRECTION('',(0.,0.,1.));
#3560 = DIRECTION('',(1.,0.,-0.));
#3561 = PCURVE('',#2848,#3562);
#3562 = DEFINITIONAL_REPRESENTATION('',(#3563),#3567);
#3563 = CIRCLE('',#3564,1.);
#3564 = AXIS2_PLACEMENT_2D('',#3565,#3566);
#3565 = CARTESIAN_POINT('',(0.,0.));
#3566 = DIRECTION('',(1.,0.));
#3567 = ( GEOMETRIC_REPRESENTATION_CONTEXT(2) 
PARAMETRIC_REPRESENTATION_CONTEXT() REPRESENTATION_CONTEXT('2D SPACE',''
  ) );
#3568 = PCURVE('',#2772,#3569);
#3569 = DEFINITIONAL_REPRESENTATION('',(#3570),#3574);
#3570 = LINE('',#3571,#3572);
#3571 = CARTESIAN_POINT('',(0.,16.1));
#3572 = VECTOR('',#3573,1.);
#3573 = DIRECTION('',(1.,0.));
#3574 = ( GEOMETRIC_REPRESENTATION_CONTEXT(2) 
PARAMETRIC_REPRESENTATION_CONTEXT() REPRESENTATION_CONTEXT('2D SPACE',''
  ) );
#3575 = ADVANCED_FACE('',(#3576),#2772,.F.);
#3576 = FACE_BOUND('',#3577,.F.);
#3577 = EDGE_LOOP('',(#3578,#3579,#3580,#3581));
#3578 = ORIENTED_EDGE('',*,*,#3554,.F.);
#3579 = ORIENTED_EDGE('',*,*,#2755,.F.);
#3580 = ORIENTED_EDGE('',*,*,#3528,.T.);
#3581 = ORIENTED_EDGE('',*,*,#2812,.T.);
#3582 = ADVANCED_FACE('',(#3583),#2693,.T.);
#3583 = FACE_BOUND('',#3584,.T.);
#3584 = EDGE_LOOP('',(#3585,#3586));
#3585 = ORIENTED_EDGE('',*,*,#2676,.T.);
#3586 = ORIENTED_EDGE('',*,*,#3587,.T.);
#3587 = EDGE_CURVE('',#2649,#2677,#3588,.T.);
#3588 = SURFACE_CURVE('',#3589,(#3594,#3601),.PCURVE_S1.);
#3589 = CIRCLE('',#3590,1.);
#3590 = AXIS2_PLACEMENT_3D('',#3591,#3592,#3593);
#3591 = CARTESIAN_POINT('',(-1.836970198721E-15,-10.,17.7));
#3592 = DIRECTION('',(0.,0.,1.));
#3593 = DIRECTION('',(1.,0.,-0.));
#3594 = PCURVE('',#2693,#3595);
#3595 = DEFINITIONAL_REPRESENTATION('',(#3596),#3600);
#3596 = CIRCLE('',#3597,1.);
#3597 = AXIS2_PLACEMENT_2D('',#3598,#3599);
#3598 = CARTESIAN_POINT('',(0.,0.));
#3599 = DIRECTION('',(1.,0.));
#3600 = ( GEOMETRIC_REPRESENTATION_CONTEXT(2) 
PARAMETRIC_REPRESENTATION_CONTEXT() REPRESENTATION_CONTEXT('2D SPACE',''
  ) );
#3601 = PCURVE('',#2665,#3602);
#3602 = DEFINITIONAL_REPRESENTATION('',(#3603),#3607);
#3603 = LINE('',#3604,#3605);
#3604 = CARTESIAN_POINT('',(0.,0.));
#3605 = VECTOR('',#3606,1.);
#3606 = DIRECTION('',(1.,0.));
#3607 = ( GEOMETRIC_REPRESENTATION_CONTEXT(2) 
PARAMETRIC_REPRESENTATION_CONTEXT() REPRESENTATION_CONTEXT('2D SPACE',''
  ) );
#3608 = ADVANCED_FACE('',(#3609),#2741,.F.);
#3609 = FACE_BOUND('',#3610,.F.);
#3610 = EDGE_LOOP('',(#3611,#3612));
#3611 = ORIENTED_EDGE('',*,*,#2726,.T.);
#3612 = ORIENTED_EDGE('',*,*,#3613,.T.);
#3613 = EDGE_CURVE('',#2651,#2706,#3614,.T.);
#3614 = SURFACE_CURVE('',#3615,(#3620,#3627),.PCURVE_S1.);
#3615 = CIRCLE('',#3616,1.);
#3616 = AXIS2_PLACEMENT_3D('',#3617,#3618,#3619);
#3617 = CARTESIAN_POINT('',(-1.836970198721E-15,-10.,33.8));
#3618 = DIRECTION('',(0.,0.,1.));
#3619 = DIRECTION('',(1.,0.,-0.));
#3620 = PCURVE('',#2741,#3621);
#3621 = DEFINITIONAL_REPRESENTATION('',(#3622),#3626);
#3622 = CIRCLE('',#3623,1.);
#3623 = AXIS2_PLACEMENT_2D('',#3624,#3625);
#3624 = CARTESIAN_POINT('',(0.,0.));
#3625 = DIRECTION('',(1.,0.));
#3626 = ( GEOMETRIC_REPRESENTATION_CONTEXT(2) 
PARAMETRIC_REPRESENTATION_CONTEXT() REPRESENTATION_CONTEXT('2D SPACE',''
  ) );
#3627 = PCURVE('',#2665,#3628);
#3628 = DEFINITIONAL_REPRESENTATION('',(#3629),#3633);
#3629 = LINE('',#3630,#3631);
#3630 = CARTESIAN_POINT('',(0.,16.1));
#3631 = VECTOR('',#3632,1.);
#3632 = DIRECTION('',(1.,0.));
#3633 = ( GEOMETRIC_REPRESENTATION_CONTEXT(2) 
PARAMETRIC_REPRESENTATION_CONTEXT() REPRESENTATION_CONTEXT('2D SPACE',''
  ) );
#3634 = ADVANCED_FACE('',(#3635),#2665,.F.);
#3635 = FACE_BOUND('',#3636,.F.);
#3636 = EDGE_LOOP('',(#3637,#3638,#3639,#3640));
#3637 = ORIENTED_EDGE('',*,*,#3613,.F.);
#3638 = ORIENTED_EDGE('',*,*,#2648,.F.);
#3639 = ORIENTED_EDGE('',*,*,#3587,.T.);
#3640 = ORIENTED_EDGE('',*,*,#2705,.T.);
#3641 = ADVANCED_FACE('',(#3642),#2586,.T.);
#3642 = FACE_BOUND('',#3643,.T.);
#3643 = EDGE_LOOP('',(#3644,#3645));
#3644 = ORIENTED_EDGE('',*,*,#2569,.T.);
#3645 = ORIENTED_EDGE('',*,*,#3646,.F.);
#3646 = EDGE_CURVE('',#2570,#2542,#3647,.T.);
#3647 = SURFACE_CURVE('',#3648,(#3653,#3664),.PCURVE_S1.);
#3648 = CIRCLE('',#3649,1.);
#3649 = AXIS2_PLACEMENT_3D('',#3650,#3651,#3652);
#3650 = CARTESIAN_POINT('',(-2.588190451025,-9.659258262891,17.7));
#3651 = DIRECTION('',(0.,0.,-1.));
#3652 = DIRECTION('',(-0.951776711177,0.306791610155,0.));
#3653 = PCURVE('',#2586,#3654);
#3654 = DEFINITIONAL_REPRESENTATION('',(#3655),#3663);
#3655 = ( BOUNDED_CURVE() B_SPLINE_CURVE(2,(#3656,#3657,#3658,#3659,
#3660,#3661,#3662),.UNSPECIFIED.,.T.,.F.) B_SPLINE_CURVE_WITH_KNOTS((1,2
    ,2,2,2,1),(-2.094395102393,0.,2.094395102393,4.188790204786,
6.28318530718,8.377580409573),.UNSPECIFIED.) CURVE() 
GEOMETRIC_REPRESENTATION_ITEM() RATIONAL_B_SPLINE_CURVE((1.,0.5,1.,0.5,
1.,0.5,1.)) REPRESENTATION_ITEM('') );
#3656 = CARTESIAN_POINT('',(-0.951776711177,0.306791610155));
#3657 = CARTESIAN_POINT('',(-0.420398055052,1.955317231374));
#3658 = CARTESIAN_POINT('',(0.741577683651,0.670867005532));
#3659 = CARTESIAN_POINT('',(1.903553422354,-0.61358322031));
#3660 = CARTESIAN_POINT('',(0.210199027526,-0.977658615687));
#3661 = CARTESIAN_POINT('',(-1.483155367301,-1.341734011064));
#3662 = CARTESIAN_POINT('',(-0.951776711177,0.306791610155));
#3663 = ( GEOMETRIC_REPRESENTATION_CONTEXT(2) 
PARAMETRIC_REPRESENTATION_CONTEXT() REPRESENTATION_CONTEXT('2D SPACE',''
  ) );
#3664 = PCURVE('',#2558,#3665);
#3665 = DEFINITIONAL_REPRESENTATION('',(#3666),#3670);
#3666 = LINE('',#3667,#3668);
#3667 = CARTESIAN_POINT('',(9.112957716164,0.));
#3668 = VECTOR('',#3669,1.);
#3669 = DIRECTION('',(-1.,-0.));
#3670 = ( GEOMETRIC_REPRESENTATION_CONTEXT(2) 
PARAMETRIC_REPRESENTATION_CONTEXT() REPRESENTATION_CONTEXT('2D SPACE',''
  ) );
#3671 = ADVANCED_FACE('',(#3672),#2634,.F.);
#3672 = FACE_BOUND('',#3673,.F.);
#3673 = EDGE_LOOP('',(#3674,#3696));
#3674 = ORIENTED_EDGE('',*,*,#3675,.T.);
#3675 = EDGE_CURVE('',#2544,#2599,#3676,.T.);
#3676 = SURFACE_CURVE('',#3677,(#3682,#3689),.PCURVE_S1.);
#3677 = CIRCLE('',#3678,1.);
#3678 = AXIS2_PLACEMENT_3D('',#3679,#3680,#3681);
#3679 = CARTESIAN_POINT('',(-2.588190451025,-9.659258262891,33.8));
#3680 = DIRECTION('',(-0.,0.,1.));
#3681 = DIRECTION('',(0.977658615687,-0.210199027526,0.));
#3682 = PCURVE('',#2634,#3683);
#3683 = DEFINITIONAL_REPRESENTATION('',(#3684),#3688);
#3684 = CIRCLE('',#3685,1.);
#3685 = AXIS2_PLACEMENT_2D('',#3686,#3687);
#3686 = CARTESIAN_POINT('',(0.,0.));
#3687 = DIRECTION('',(0.977658615687,-0.210199027526));
#3688 = ( GEOMETRIC_REPRESENTATION_CONTEXT(2) 
PARAMETRIC_REPRESENTATION_CONTEXT() REPRESENTATION_CONTEXT('2D SPACE',''
  ) );
#3689 = PCURVE('',#2558,#3690);
#3690 = DEFINITIONAL_REPRESENTATION('',(#3691),#3695);
#3691 = LINE('',#3692,#3693);
#3692 = CARTESIAN_POINT('',(6.071406776186,16.1));
#3693 = VECTOR('',#3694,1.);
#3694 = DIRECTION('',(1.,0.));
#3695 = ( GEOMETRIC_REPRESENTATION_CONTEXT(2) 
PARAMETRIC_REPRESENTATION_CONTEXT() REPRESENTATION_CONTEXT('2D SPACE',''
  ) );
#3696 = ORIENTED_EDGE('',*,*,#2619,.T.);
#3697 = ADVANCED_FACE('',(#3698),#2558,.F.);
#3698 = FACE_BOUND('',#3699,.F.);
#3699 = EDGE_LOOP('',(#3700,#3701,#3702,#3703));
#3700 = ORIENTED_EDGE('',*,*,#3646,.F.);
#3701 = ORIENTED_EDGE('',*,*,#2598,.T.);
#3702 = ORIENTED_EDGE('',*,*,#3675,.F.);
#3703 = ORIENTED_EDGE('',*,*,#2541,.F.);
#3704 = ADVANCED_FACE('',(#3705),#2479,.T.);
#3705 = FACE_BOUND('',#3706,.T.);
#3706 = EDGE_LOOP('',(#3707,#3708));
#3707 = ORIENTED_EDGE('',*,*,#2462,.T.);
#3708 = ORIENTED_EDGE('',*,*,#3709,.F.);
#3709 = EDGE_CURVE('',#2463,#2435,#3710,.T.);
#3710 = SURFACE_CURVE('',#3711,(#3716,#3727),.PCURVE_S1.);
#3711 = CIRCLE('',#3712,1.);
#3712 = AXIS2_PLACEMENT_3D('',#3713,#3714,#3715);
#3713 = CARTESIAN_POINT('',(-5.,-8.660254037844,17.7));
#3714 = DIRECTION('',(0.,0.,-1.));
#3715 = DIRECTION('',(-0.8399421946,0.542675879075,0.));
#3716 = PCURVE('',#2479,#3717);
#3717 = DEFINITIONAL_REPRESENTATION('',(#3718),#3726);
#3718 = ( BOUNDED_CURVE() B_SPLINE_CURVE(2,(#3719,#3720,#3721,#3722,
#3723,#3724,#3725),.UNSPECIFIED.,.T.,.F.) B_SPLINE_CURVE_WITH_KNOTS((1,2
    ,2,2,2,1),(-2.094395102393,0.,2.094395102393,4.188790204786,
6.28318530718,8.377580409573),.UNSPECIFIED.) CURVE() 
GEOMETRIC_REPRESENTATION_ITEM() RATIONAL_B_SPLINE_CURVE((1.,0.5,1.,0.5,
1.,0.5,1.)) REPRESENTATION_ITEM('') );
#3719 = CARTESIAN_POINT('',(-0.8399421946,0.542675879075));
#3720 = CARTESIAN_POINT('',(0.1,1.997498435544));
#3721 = CARTESIAN_POINT('',(0.8899421946,0.456073338697));
#3722 = CARTESIAN_POINT('',(1.679884389201,-1.08535175815));
#3723 = CARTESIAN_POINT('',(-5.E-02,-0.998749217772));
#3724 = CARTESIAN_POINT('',(-1.779884389201,-0.912146677393));
#3725 = CARTESIAN_POINT('',(-0.8399421946,0.542675879075));
#3726 = ( GEOMETRIC_REPRESENTATION_CONTEXT(2) 
PARAMETRIC_REPRESENTATION_CONTEXT() REPRESENTATION_CONTEXT('2D SPACE',''
  ) );
#3727 = PCURVE('',#2451,#3728);
#3728 = DEFINITIONAL_REPRESENTATION('',(#3729),#3733);
#3729 = LINE('',#3730,#3731);
#3730 = CARTESIAN_POINT('',(8.851158328365,0.));
#3731 = VECTOR('',#3732,1.);
#3732 = DIRECTION('',(-1.,-0.));
#3733 = ( GEOMETRIC_REPRESENTATION_CONTEXT(2) 
PARAMETRIC_REPRESENTATION_CONTEXT() REPRESENTATION_CONTEXT('2D SPACE',''
  ) );
#3734 = ADVANCED_FACE('',(#3735),#2527,.F.);
#3735 = FACE_BOUND('',#3736,.F.);
#3736 = EDGE_LOOP('',(#3737,#3759));
#3737 = ORIENTED_EDGE('',*,*,#3738,.T.);
#3738 = EDGE_CURVE('',#2437,#2492,#3739,.T.);
#3739 = SURFACE_CURVE('',#3740,(#3745,#3752),.PCURVE_S1.);
#3740 = CIRCLE('',#3741,1.);
#3741 = AXIS2_PLACEMENT_3D('',#3742,#3743,#3744);
#3742 = CARTESIAN_POINT('',(-5.,-8.660254037844,33.8));
#3743 = DIRECTION('',(-0.,0.,1.));
#3744 = DIRECTION('',(0.8899421946,-0.456073338697,0.));
#3745 = PCURVE('',#2527,#3746);
#3746 = DEFINITIONAL_REPRESENTATION('',(#3747),#3751);
#3747 = CIRCLE('',#3748,1.);
#3748 = AXIS2_PLACEMENT_2D('',#3749,#3750);
#3749 = CARTESIAN_POINT('',(0.,0.));
#3750 = DIRECTION('',(0.8899421946,-0.456073338697));
#3751 = ( GEOMETRIC_REPRESENTATION_CONTEXT(2) 
PARAMETRIC_REPRESENTATION_CONTEXT() REPRESENTATION_CONTEXT('2D SPACE',''
  ) );
#3752 = PCURVE('',#2451,#3753);
#3753 = DEFINITIONAL_REPRESENTATION('',(#3754),#3758);
#3754 = LINE('',#3755,#3756);
#3755 = CARTESIAN_POINT('',(5.809607388387,16.1));
#3756 = VECTOR('',#3757,1.);
#3757 = DIRECTION('',(1.,0.));
#3758 = ( GEOMETRIC_REPRESENTATION_CONTEXT(2) 
PARAMETRIC_REPRESENTATION_CONTEXT() REPRESENTATION_CONTEXT('2D SPACE',''
  ) );
#3759 = ORIENTED_EDGE('',*,*,#2512,.T.);
#3760 = ADVANCED_FACE('',(#3761),#2451,.F.);
#3761 = FACE_BOUND('',#3762,.F.);
#3762 = EDGE_LOOP('',(#3763,#3764,#3765,#3766));
#3763 = ORIENTED_EDGE('',*,*,#3709,.F.);
#3764 = ORIENTED_EDGE('',*,*,#2491,.T.);
#3765 = ORIENTED_EDGE('',*,*,#3738,.F.);
#3766 = ORIENTED_EDGE('',*,*,#2434,.F.);
#3767 = ADVANCED_FACE('',(#3768),#2372,.T.);
#3768 = FACE_BOUND('',#3769,.T.);
#3769 = EDGE_LOOP('',(#3770,#3771));
#3770 = ORIENTED_EDGE('',*,*,#2355,.T.);
#3771 = ORIENTED_EDGE('',*,*,#3772,.F.);
#3772 = EDGE_CURVE('',#2356,#2328,#3773,.T.);
#3773 = SURFACE_CURVE('',#3774,(#3779,#3790),.PCURVE_S1.);
#3774 = CIRCLE('',#3775,1.);
#3775 = AXIS2_PLACEMENT_3D('',#3776,#3777,#3778);
#3776 = CARTESIAN_POINT('',(-7.071067811865,-7.071067811865,17.7));
#3777 = DIRECTION('',(0.,0.,-1.));
#3778 = DIRECTION('',(-0.670867005532,0.741577683651,0.));
#3779 = PCURVE('',#2372,#3780);
#3780 = DEFINITIONAL_REPRESENTATION('',(#3781),#3789);
#3781 = ( BOUNDED_CURVE() B_SPLINE_CURVE(2,(#3782,#3783,#3784,#3785,
#3786,#3787,#3788),.UNSPECIFIED.,.T.,.F.) B_SPLINE_CURVE_WITH_KNOTS((1,2
    ,2,2,2,1),(-2.094395102393,0.,2.094395102393,4.188790204786,
6.28318530718,8.377580409573),.UNSPECIFIED.) CURVE() 
GEOMETRIC_REPRESENTATION_ITEM() RATIONAL_B_SPLINE_CURVE((1.,0.5,1.,0.5,
1.,0.5,1.)) REPRESENTATION_ITEM('') );
#3782 = CARTESIAN_POINT('',(-0.670867005532,0.741577683651));
#3783 = CARTESIAN_POINT('',(0.61358322031,1.903553422354));
#3784 = CARTESIAN_POINT('',(0.977658615687,0.210199027526));
#3785 = CARTESIAN_POINT('',(1.341734011064,-1.483155367301));
#3786 = CARTESIAN_POINT('',(-0.306791610155,-0.951776711177));
#3787 = CARTESIAN_POINT('',(-1.955317231374,-0.420398055052));
#3788 = CARTESIAN_POINT('',(-0.670867005532,0.741577683651));
#3789 = ( GEOMETRIC_REPRESENTATION_CONTEXT(2) 
PARAMETRIC_REPRESENTATION_CONTEXT() REPRESENTATION_CONTEXT('2D SPACE',''
  ) );
#3790 = PCURVE('',#2344,#3791);
#3791 = DEFINITIONAL_REPRESENTATION('',(#3792),#3796);
#3792 = LINE('',#3793,#3794);
#3793 = CARTESIAN_POINT('',(8.589358940566,0.));
#3794 = VECTOR('',#3795,1.);
#3795 = DIRECTION('',(-1.,-0.));
#3796 = ( GEOMETRIC_REPRESENTATION_CONTEXT(2) 
PARAMETRIC_REPRESENTATION_CONTEXT() REPRESENTATION_CONTEXT('2D SPACE',''
  ) );
#3797 = ADVANCED_FACE('',(#3798),#2420,.F.);
#3798 = FACE_BOUND('',#3799,.F.);
#3799 = EDGE_LOOP('',(#3800,#3822));
#3800 = ORIENTED_EDGE('',*,*,#3801,.T.);
#3801 = EDGE_CURVE('',#2330,#2385,#3802,.T.);
#3802 = SURFACE_CURVE('',#3803,(#3808,#3815),.PCURVE_S1.);
#3803 = CIRCLE('',#3804,1.);
#3804 = AXIS2_PLACEMENT_3D('',#3805,#3806,#3807);
#3805 = CARTESIAN_POINT('',(-7.071067811865,-7.071067811865,33.8));
#3806 = DIRECTION('',(-0.,0.,1.));
#3807 = DIRECTION('',(0.741577683651,-0.670867005532,0.));
#3808 = PCURVE('',#2420,#3809);
#3809 = DEFINITIONAL_REPRESENTATION('',(#3810),#3814);
#3810 = CIRCLE('',#3811,1.);
#3811 = AXIS2_PLACEMENT_2D('',#3812,#3813);
#3812 = CARTESIAN_POINT('',(0.,0.));
#3813 = DIRECTION('',(0.741577683651,-0.670867005532));
#3814 = ( GEOMETRIC_REPRESENTATION_CONTEXT(2) 
PARAMETRIC_REPRESENTATION_CONTEXT() REPRESENTATION_CONTEXT('2D SPACE',''
  ) );
#3815 = PCURVE('',#2344,#3816);
#3816 = DEFINITIONAL_REPRESENTATION('',(#3817),#3821);
#3817 = LINE('',#3818,#3819);
#3818 = CARTESIAN_POINT('',(5.547808000588,16.1));
#3819 = VECTOR('',#3820,1.);
#3820 = DIRECTION('',(1.,0.));
#3821 = ( GEOMETRIC_REPRESENTATION_CONTEXT(2) 
PARAMETRIC_REPRESENTATION_CONTEXT() REPRESENTATION_CONTEXT('2D SPACE',''
  ) );
#3822 = ORIENTED_EDGE('',*,*,#2405,.T.);
#3823 = ADVANCED_FACE('',(#3824),#2344,.F.);
#3824 = FACE_BOUND('',#3825,.F.);
#3825 = EDGE_LOOP('',(#3826,#3827,#3828,#3829));
#3826 = ORIENTED_EDGE('',*,*,#3772,.F.);
#3827 = ORIENTED_EDGE('',*,*,#2384,.T.);
#3828 = ORIENTED_EDGE('',*,*,#3801,.F.);
#3829 = ORIENTED_EDGE('',*,*,#2327,.F.);
#3830 = ADVANCED_FACE('',(#3831),#2265,.T.);
#3831 = FACE_BOUND('',#3832,.T.);
#3832 = EDGE_LOOP('',(#3833,#3834));
#3833 = ORIENTED_EDGE('',*,*,#2248,.T.);
#3834 = ORIENTED_EDGE('',*,*,#3835,.F.);
#3835 = EDGE_CURVE('',#2249,#2221,#3836,.T.);
#3836 = SURFACE_CURVE('',#3837,(#3842,#3853),.PCURVE_S1.);
#3837 = CIRCLE('',#3838,1.);
#3838 = AXIS2_PLACEMENT_3D('',#3839,#3840,#3841);
#3839 = CARTESIAN_POINT('',(-8.660254037844,-5.,17.7));
#3840 = DIRECTION('',(0.,0.,-1.));
#3841 = DIRECTION('',(-0.456073338697,0.8899421946,0.));
#3842 = PCURVE('',#2265,#3843);
#3843 = DEFINITIONAL_REPRESENTATION('',(#3844),#3852);
#3844 = ( BOUNDED_CURVE() B_SPLINE_CURVE(2,(#3845,#3846,#3847,#3848,
#3849,#3850,#3851),.UNSPECIFIED.,.T.,.F.) B_SPLINE_CURVE_WITH_KNOTS((1,2
    ,2,2,2,1),(-2.094395102393,0.,2.094395102393,4.188790204786,
6.28318530718,8.377580409573),.UNSPECIFIED.) CURVE() 
GEOMETRIC_REPRESENTATION_ITEM() RATIONAL_B_SPLINE_CURVE((1.,0.5,1.,0.5,
1.,0.5,1.)) REPRESENTATION_ITEM('') );
#3845 = CARTESIAN_POINT('',(-0.456073338697,0.8899421946));
#3846 = CARTESIAN_POINT('',(1.08535175815,1.679884389201));
#3847 = CARTESIAN_POINT('',(0.998749217772,-5.E-02));
#3848 = CARTESIAN_POINT('',(0.912146677393,-1.779884389201));
#3849 = CARTESIAN_POINT('',(-0.542675879075,-0.8399421946));
#3850 = CARTESIAN_POINT('',(-1.997498435544,0.1));
#3851 = CARTESIAN_POINT('',(-0.456073338697,0.8899421946));
#3852 = ( GEOMETRIC_REPRESENTATION_CONTEXT(2) 
PARAMETRIC_REPRESENTATION_CONTEXT() REPRESENTATION_CONTEXT('2D SPACE',''
  ) );
#3853 = PCURVE('',#2237,#3854);
#3854 = DEFINITIONAL_REPRESENTATION('',(#3855),#3859);
#3855 = LINE('',#3856,#3857);
#3856 = CARTESIAN_POINT('',(8.327559552767,0.));
#3857 = VECTOR('',#3858,1.);
#3858 = DIRECTION('',(-1.,-0.));
#3859 = ( GEOMETRIC_REPRESENTATION_CONTEXT(2) 
PARAMETRIC_REPRESENTATION_CONTEXT() REPRESENTATION_CONTEXT('2D SPACE',''
  ) );
#3860 = ADVANCED_FACE('',(#3861),#2313,.F.);
#3861 = FACE_BOUND('',#3862,.F.);
#3862 = EDGE_LOOP('',(#3863,#3885));
#3863 = ORIENTED_EDGE('',*,*,#3864,.T.);
#3864 = EDGE_CURVE('',#2223,#2278,#3865,.T.);
#3865 = SURFACE_CURVE('',#3866,(#3871,#3878),.PCURVE_S1.);
#3866 = CIRCLE('',#3867,1.);
#3867 = AXIS2_PLACEMENT_3D('',#3868,#3869,#3870);
#3868 = CARTESIAN_POINT('',(-8.660254037844,-5.,33.8));
#3869 = DIRECTION('',(-0.,0.,1.));
#3870 = DIRECTION('',(0.542675879075,-0.8399421946,0.));
#3871 = PCURVE('',#2313,#3872);
#3872 = DEFINITIONAL_REPRESENTATION('',(#3873),#3877);
#3873 = CIRCLE('',#3874,1.);
#3874 = AXIS2_PLACEMENT_2D('',#3875,#3876);
#3875 = CARTESIAN_POINT('',(0.,0.));
#3876 = DIRECTION('',(0.542675879075,-0.8399421946));
#3877 = ( GEOMETRIC_REPRESENTATION_CONTEXT(2) 
PARAMETRIC_REPRESENTATION_CONTEXT() REPRESENTATION_CONTEXT('2D SPACE',''
  ) );
#3878 = PCURVE('',#2237,#3879);
#3879 = DEFINITIONAL_REPRESENTATION('',(#3880),#3884);
#3880 = LINE('',#3881,#3882);
#3881 = CARTESIAN_POINT('',(5.286008612789,16.1));
#3882 = VECTOR('',#3883,1.);
#3883 = DIRECTION('',(1.,0.));
#3884 = ( GEOMETRIC_REPRESENTATION_CONTEXT(2) 
PARAMETRIC_REPRESENTATION_CONTEXT() REPRESENTATION_CONTEXT('2D SPACE',''
  ) );
#3885 = ORIENTED_EDGE('',*,*,#2298,.T.);
#3886 = ADVANCED_FACE('',(#3887),#2237,.F.);
#3887 = FACE_BOUND('',#3888,.F.);
#3888 = EDGE_LOOP('',(#3889,#3890,#3891,#3892));
#3889 = ORIENTED_EDGE('',*,*,#3835,.F.);
#3890 = ORIENTED_EDGE('',*,*,#2277,.T.);
#3891 = ORIENTED_EDGE('',*,*,#3864,.F.);
#3892 = ORIENTED_EDGE('',*,*,#2220,.F.);
#3893 = ADVANCED_FACE('',(#3894),#2158,.T.);
#3894 = FACE_BOUND('',#3895,.T.);
#3895 = EDGE_LOOP('',(#3896,#3897));
#3896 = ORIENTED_EDGE('',*,*,#2141,.T.);
#3897 = ORIENTED_EDGE('',*,*,#3898,.F.);
#3898 = EDGE_CURVE('',#2142,#2114,#3899,.T.);
#3899 = SURFACE_CURVE('',#3900,(#3905,#3916),.PCURVE_S1.);
#3900 = CIRCLE('',#3901,1.);
#3901 = AXIS2_PLACEMENT_3D('',#3902,#3903,#3904);
#3902 = CARTESIAN_POINT('',(-9.659258262891,-2.588190451025,17.7));
#3903 = DIRECTION('',(0.,0.,-1.));
#3904 = DIRECTION('',(-0.210199027526,0.977658615687,0.));
#3905 = PCURVE('',#2158,#3906);
#3906 = DEFINITIONAL_REPRESENTATION('',(#3907),#3915);
#3907 = ( BOUNDED_CURVE() B_SPLINE_CURVE(2,(#3908,#3909,#3910,#3911,
#3912,#3913,#3914),.UNSPECIFIED.,.T.,.F.) B_SPLINE_CURVE_WITH_KNOTS((1,2
    ,2,2,2,1),(-2.094395102393,0.,2.094395102393,4.188790204786,
6.28318530718,8.377580409573),.UNSPECIFIED.) CURVE() 
GEOMETRIC_REPRESENTATION_ITEM() RATIONAL_B_SPLINE_CURVE((1.,0.5,1.,0.5,
1.,0.5,1.)) REPRESENTATION_ITEM('') );
#3908 = CARTESIAN_POINT('',(-0.210199027526,0.977658615687));
#3909 = CARTESIAN_POINT('',(1.483155367301,1.341734011064));
#3910 = CARTESIAN_POINT('',(0.951776711177,-0.306791610155));
#3911 = CARTESIAN_POINT('',(0.420398055052,-1.955317231374));
#3912 = CARTESIAN_POINT('',(-0.741577683651,-0.670867005532));
#3913 = CARTESIAN_POINT('',(-1.903553422354,0.61358322031));
#3914 = CARTESIAN_POINT('',(-0.210199027526,0.977658615687));
#3915 = ( GEOMETRIC_REPRESENTATION_CONTEXT(2) 
PARAMETRIC_REPRESENTATION_CONTEXT() REPRESENTATION_CONTEXT('2D SPACE',''
  ) );
#3916 = PCURVE('',#2130,#3917);
#3917 = DEFINITIONAL_REPRESENTATION('',(#3918),#3922);
#3918 = LINE('',#3919,#3920);
#3919 = CARTESIAN_POINT('',(8.065760164968,0.));
#3920 = VECTOR('',#3921,1.);
#3921 = DIRECTION('',(-1.,-0.));
#3922 = ( GEOMETRIC_REPRESENTATION_CONTEXT(2) 
PARAMETRIC_REPRESENTATION_CONTEXT() REPRESENTATION_CONTEXT('2D SPACE',''
  ) );
#3923 = ADVANCED_FACE('',(#3924),#2206,.F.);
#3924 = FACE_BOUND('',#3925,.F.);
#3925 = EDGE_LOOP('',(#3926,#3948));
#3926 = ORIENTED_EDGE('',*,*,#3927,.T.);
#3927 = EDGE_CURVE('',#2116,#2171,#3928,.T.);
#3928 = SURFACE_CURVE('',#3929,(#3934,#3941),.PCURVE_S1.);
#3929 = CIRCLE('',#3930,1.);
#3930 = AXIS2_PLACEMENT_3D('',#3931,#3932,#3933);
#3931 = CARTESIAN_POINT('',(-9.659258262891,-2.588190451025,33.8));
#3932 = DIRECTION('',(0.,0.,1.));
#3933 = DIRECTION('',(0.306791610155,-0.951776711177,0.));
#3934 = PCURVE('',#2206,#3935);
#3935 = DEFINITIONAL_REPRESENTATION('',(#3936),#3940);
#3936 = CIRCLE('',#3937,1.);
#3937 = AXIS2_PLACEMENT_2D('',#3938,#3939);
#3938 = CARTESIAN_POINT('',(0.,0.));
#3939 = DIRECTION('',(0.306791610155,-0.951776711177));
#3940 = ( GEOMETRIC_REPRESENTATION_CONTEXT(2) 
PARAMETRIC_REPRESENTATION_CONTEXT() REPRESENTATION_CONTEXT('2D SPACE',''
  ) );
#3941 = PCURVE('',#2130,#3942);
#3942 = DEFINITIONAL_REPRESENTATION('',(#3943),#3947);
#3943 = LINE('',#3944,#3945);
#3944 = CARTESIAN_POINT('',(5.02420922499,16.1));
#3945 = VECTOR('',#3946,1.);
#3946 = DIRECTION('',(1.,0.));
#3947 = ( GEOMETRIC_REPRESENTATION_CONTEXT(2) 
PARAMETRIC_REPRESENTATION_CONTEXT() REPRESENTATION_CONTEXT('2D SPACE',''
  ) );
#3948 = ORIENTED_EDGE('',*,*,#2191,.T.);
#3949 = ADVANCED_FACE('',(#3950),#2130,.F.);
#3950 = FACE_BOUND('',#3951,.F.);
#3951 = EDGE_LOOP('',(#3952,#3953,#3954,#3955));
#3952 = ORIENTED_EDGE('',*,*,#3898,.F.);
#3953 = ORIENTED_EDGE('',*,*,#2170,.T.);
#3954 = ORIENTED_EDGE('',*,*,#3927,.F.);
#3955 = ORIENTED_EDGE('',*,*,#2113,.F.);
#3956 = ADVANCED_FACE('',(#3957),#2051,.T.);
#3957 = FACE_BOUND('',#3958,.T.);
#3958 = EDGE_LOOP('',(#3959,#3960));
#3959 = ORIENTED_EDGE('',*,*,#2034,.T.);
#3960 = ORIENTED_EDGE('',*,*,#3961,.F.);
#3961 = EDGE_CURVE('',#2035,#2007,#3962,.T.);
#3962 = SURFACE_CURVE('',#3963,(#3968,#3979),.PCURVE_S1.);
#3963 = CIRCLE('',#3964,1.);
#3964 = AXIS2_PLACEMENT_3D('',#3965,#3966,#3967);
#3965 = CARTESIAN_POINT('',(-10.,1.224646799147E-15,17.7));
#3966 = DIRECTION('',(0.,0.,-1.));
#3967 = DIRECTION('',(5.E-02,0.998749217772,0.));
#3968 = PCURVE('',#2051,#3969);
#3969 = DEFINITIONAL_REPRESENTATION('',(#3970),#3978);
#3970 = ( BOUNDED_CURVE() B_SPLINE_CURVE(2,(#3971,#3972,#3973,#3974,
#3975,#3976,#3977),.UNSPECIFIED.,.T.,.F.) B_SPLINE_CURVE_WITH_KNOTS((1,2
    ,2,2,2,1),(-2.094395102393,0.,2.094395102393,4.188790204786,
6.28318530718,8.377580409573),.UNSPECIFIED.) CURVE() 
GEOMETRIC_REPRESENTATION_ITEM() RATIONAL_B_SPLINE_CURVE((1.,0.5,1.,0.5,
1.,0.5,1.)) REPRESENTATION_ITEM('') );
#3971 = CARTESIAN_POINT('',(5.E-02,0.998749217772));
#3972 = CARTESIAN_POINT('',(1.779884389201,0.912146677393));
#3973 = CARTESIAN_POINT('',(0.8399421946,-0.542675879075));
#3974 = CARTESIAN_POINT('',(-0.1,-1.997498435544));
#3975 = CARTESIAN_POINT('',(-0.8899421946,-0.456073338697));
#3976 = CARTESIAN_POINT('',(-1.679884389201,1.08535175815));
#3977 = CARTESIAN_POINT('',(5.E-02,0.998749217772));
#3978 = ( GEOMETRIC_REPRESENTATION_CONTEXT(2) 
PARAMETRIC_REPRESENTATION_CONTEXT() REPRESENTATION_CONTEXT('2D SPACE',''
  ) );
#3979 = PCURVE('',#2023,#3980);
#3980 = DEFINITIONAL_REPRESENTATION('',(#3981),#3985);
#3981 = LINE('',#3982,#3983);
#3982 = CARTESIAN_POINT('',(7.803960777169,0.));
#3983 = VECTOR('',#3984,1.);
#3984 = DIRECTION('',(-1.,-0.));
#3985 = ( GEOMETRIC_REPRESENTATION_CONTEXT(2) 
PARAMETRIC_REPRESENTATION_CONTEXT() REPRESENTATION_CONTEXT('2D SPACE',''
  ) );
#3986 = ADVANCED_FACE('',(#3987),#2099,.F.);
#3987 = FACE_BOUND('',#3988,.F.);
#3988 = EDGE_LOOP('',(#3989,#4011));
#3989 = ORIENTED_EDGE('',*,*,#3990,.T.);
#3990 = EDGE_CURVE('',#2009,#2064,#3991,.T.);
#3991 = SURFACE_CURVE('',#3992,(#3997,#4004),.PCURVE_S1.);
#3992 = CIRCLE('',#3993,1.);
#3993 = AXIS2_PLACEMENT_3D('',#3994,#3995,#3996);
#3994 = CARTESIAN_POINT('',(-10.,1.224646799147E-15,33.8));
#3995 = DIRECTION('',(0.,0.,1.));
#3996 = DIRECTION('',(5.E-02,-0.998749217772,0.));
#3997 = PCURVE('',#2099,#3998);
#3998 = DEFINITIONAL_REPRESENTATION('',(#3999),#4003);
#3999 = CIRCLE('',#4000,1.);
#4000 = AXIS2_PLACEMENT_2D('',#4001,#4002);
#4001 = CARTESIAN_POINT('',(0.,0.));
#4002 = DIRECTION('',(5.E-02,-0.998749217772));
#4003 = ( GEOMETRIC_REPRESENTATION_CONTEXT(2) 
PARAMETRIC_REPRESENTATION_CONTEXT() REPRESENTATION_CONTEXT('2D SPACE',''
  ) );
#4004 = PCURVE('',#2023,#4005);
#4005 = DEFINITIONAL_REPRESENTATION('',(#4006),#4010);
#4006 = LINE('',#4007,#4008);
#4007 = CARTESIAN_POINT('',(4.76240983719,16.1));
#4008 = VECTOR('',#4009,1.);
#4009 = DIRECTION('',(1.,0.));
#4010 = ( GEOMETRIC_REPRESENTATION_CONTEXT(2) 
PARAMETRIC_REPRESENTATION_CONTEXT() REPRESENTATION_CONTEXT('2D SPACE',''
  ) );
#4011 = ORIENTED_EDGE('',*,*,#2084,.T.);
#4012 = ADVANCED_FACE('',(#4013),#2023,.F.);
#4013 = FACE_BOUND('',#4014,.F.);
#4014 = EDGE_LOOP('',(#4015,#4016,#4017,#4018));
#4015 = ORIENTED_EDGE('',*,*,#3961,.F.);
#4016 = ORIENTED_EDGE('',*,*,#2063,.T.);
#4017 = ORIENTED_EDGE('',*,*,#3990,.F.);
#4018 = ORIENTED_EDGE('',*,*,#2006,.F.);
#4019 = ADVANCED_FACE('',(#4020),#1944,.T.);
#4020 = FACE_BOUND('',#4021,.T.);
#4021 = EDGE_LOOP('',(#4022,#4023));
#4022 = ORIENTED_EDGE('',*,*,#1927,.T.);
#4023 = ORIENTED_EDGE('',*,*,#4024,.F.);
#4024 = EDGE_CURVE('',#1928,#1900,#4025,.T.);
#4025 = SURFACE_CURVE('',#4026,(#4031,#4042),.PCURVE_S1.);
#4026 = CIRCLE('',#4027,1.);
#4027 = AXIS2_PLACEMENT_3D('',#4028,#4029,#4030);
#4028 = CARTESIAN_POINT('',(-9.659258262891,2.588190451025,17.7));
#4029 = DIRECTION('',(0.,0.,-1.));
#4030 = DIRECTION('',(0.306791610155,0.951776711177,0.));
#4031 = PCURVE('',#1944,#4032);
#4032 = DEFINITIONAL_REPRESENTATION('',(#4033),#4041);
#4033 = ( BOUNDED_CURVE() B_SPLINE_CURVE(2,(#4034,#4035,#4036,#4037,
#4038,#4039,#4040),.UNSPECIFIED.,.T.,.F.) B_SPLINE_CURVE_WITH_KNOTS((1,2
    ,2,2,2,1),(-2.094395102393,0.,2.094395102393,4.188790204786,
6.28318530718,8.377580409573),.UNSPECIFIED.) CURVE() 
GEOMETRIC_REPRESENTATION_ITEM() RATIONAL_B_SPLINE_CURVE((1.,0.5,1.,0.5,
1.,0.5,1.)) REPRESENTATION_ITEM('') );
#4034 = CARTESIAN_POINT('',(0.306791610155,0.951776711177));
#4035 = CARTESIAN_POINT('',(1.955317231374,0.420398055052));
#4036 = CARTESIAN_POINT('',(0.670867005532,-0.741577683651));
#4037 = CARTESIAN_POINT('',(-0.61358322031,-1.903553422354));
#4038 = CARTESIAN_POINT('',(-0.977658615687,-0.210199027526));
#4039 = CARTESIAN_POINT('',(-1.341734011064,1.483155367301));
#4040 = CARTESIAN_POINT('',(0.306791610155,0.951776711177));
#4041 = ( GEOMETRIC_REPRESENTATION_CONTEXT(2) 
PARAMETRIC_REPRESENTATION_CONTEXT() REPRESENTATION_CONTEXT('2D SPACE',''
  ) );
#4042 = PCURVE('',#1916,#4043);
#4043 = DEFINITIONAL_REPRESENTATION('',(#4044),#4048);
#4044 = LINE('',#4045,#4046);
#4045 = CARTESIAN_POINT('',(7.54216138937,0.));
#4046 = VECTOR('',#4047,1.);
#4047 = DIRECTION('',(-1.,-0.));
#4048 = ( GEOMETRIC_REPRESENTATION_CONTEXT(2) 
PARAMETRIC_REPRESENTATION_CONTEXT() REPRESENTATION_CONTEXT('2D SPACE',''
  ) );
#4049 = ADVANCED_FACE('',(#4050),#1992,.F.);
#4050 = FACE_BOUND('',#4051,.F.);
#4051 = EDGE_LOOP('',(#4052,#4074));
#4052 = ORIENTED_EDGE('',*,*,#4053,.T.);
#4053 = EDGE_CURVE('',#1902,#1957,#4054,.T.);
#4054 = SURFACE_CURVE('',#4055,(#4060,#4067),.PCURVE_S1.);
#4055 = CIRCLE('',#4056,1.);
#4056 = AXIS2_PLACEMENT_3D('',#4057,#4058,#4059);
#4057 = CARTESIAN_POINT('',(-9.659258262891,2.588190451025,33.8));
#4058 = DIRECTION('',(0.,0.,1.));
#4059 = DIRECTION('',(-0.210199027526,-0.977658615687,0.));
#4060 = PCURVE('',#1992,#4061);
#4061 = DEFINITIONAL_REPRESENTATION('',(#4062),#4066);
#4062 = CIRCLE('',#4063,1.);
#4063 = AXIS2_PLACEMENT_2D('',#4064,#4065);
#4064 = CARTESIAN_POINT('',(0.,0.));
#4065 = DIRECTION('',(-0.210199027526,-0.977658615687));
#4066 = ( GEOMETRIC_REPRESENTATION_CONTEXT(2) 
PARAMETRIC_REPRESENTATION_CONTEXT() REPRESENTATION_CONTEXT('2D SPACE',''
  ) );
#4067 = PCURVE('',#1916,#4068);
#4068 = DEFINITIONAL_REPRESENTATION('',(#4069),#4073);
#4069 = LINE('',#4070,#4071);
#4070 = CARTESIAN_POINT('',(4.500610449391,16.1));
#4071 = VECTOR('',#4072,1.);
#4072 = DIRECTION('',(1.,0.));
#4073 = ( GEOMETRIC_REPRESENTATION_CONTEXT(2) 
PARAMETRIC_REPRESENTATION_CONTEXT() REPRESENTATION_CONTEXT('2D SPACE',''
  ) );
#4074 = ORIENTED_EDGE('',*,*,#1977,.T.);
#4075 = ADVANCED_FACE('',(#4076),#1916,.F.);
#4076 = FACE_BOUND('',#4077,.F.);
#4077 = EDGE_LOOP('',(#4078,#4079,#4080,#4081));
#4078 = ORIENTED_EDGE('',*,*,#4024,.F.);
#4079 = ORIENTED_EDGE('',*,*,#1956,.T.);
#4080 = ORIENTED_EDGE('',*,*,#4053,.F.);
#4081 = ORIENTED_EDGE('',*,*,#1899,.F.);
#4082 = ADVANCED_FACE('',(#4083),#1837,.T.);
#4083 = FACE_BOUND('',#4084,.T.);
#4084 = EDGE_LOOP('',(#4085,#4086));
#4085 = ORIENTED_EDGE('',*,*,#1820,.T.);
#4086 = ORIENTED_EDGE('',*,*,#4087,.F.);
#4087 = EDGE_CURVE('',#1821,#1793,#4088,.T.);
#4088 = SURFACE_CURVE('',#4089,(#4094,#4105),.PCURVE_S1.);
#4089 = CIRCLE('',#4090,1.);
#4090 = AXIS2_PLACEMENT_3D('',#4091,#4092,#4093);
#4091 = CARTESIAN_POINT('',(-8.660254037844,5.,17.7));
#4092 = DIRECTION('',(0.,0.,-1.));
#4093 = DIRECTION('',(0.542675879075,0.8399421946,0.));
#4094 = PCURVE('',#1837,#4095);
#4095 = DEFINITIONAL_REPRESENTATION('',(#4096),#4104);
#4096 = ( BOUNDED_CURVE() B_SPLINE_CURVE(2,(#4097,#4098,#4099,#4100,
#4101,#4102,#4103),.UNSPECIFIED.,.T.,.F.) B_SPLINE_CURVE_WITH_KNOTS((1,2
    ,2,2,2,1),(-2.094395102393,0.,2.094395102393,4.188790204786,
6.28318530718,8.377580409573),.UNSPECIFIED.) CURVE() 
GEOMETRIC_REPRESENTATION_ITEM() RATIONAL_B_SPLINE_CURVE((1.,0.5,1.,0.5,
1.,0.5,1.)) REPRESENTATION_ITEM('') );
#4097 = CARTESIAN_POINT('',(0.542675879075,0.8399421946));
#4098 = CARTESIAN_POINT('',(1.997498435544,-1.E-01));
#4099 = CARTESIAN_POINT('',(0.456073338697,-0.8899421946));
#4100 = CARTESIAN_POINT('',(-1.08535175815,-1.679884389201));
#4101 = CARTESIAN_POINT('',(-0.998749217772,5.E-02));
#4102 = CARTESIAN_POINT('',(-0.912146677393,1.779884389201));
#4103 = CARTESIAN_POINT('',(0.542675879075,0.8399421946));
#4104 = ( GEOMETRIC_REPRESENTATION_CONTEXT(2) 
PARAMETRIC_REPRESENTATION_CONTEXT() REPRESENTATION_CONTEXT('2D SPACE',''
  ) );
#4105 = PCURVE('',#1809,#4106);
#4106 = DEFINITIONAL_REPRESENTATION('',(#4107),#4111);
#4107 = LINE('',#4108,#4109);
#4108 = CARTESIAN_POINT('',(7.28036200157,0.));
#4109 = VECTOR('',#4110,1.);
#4110 = DIRECTION('',(-1.,-0.));
#4111 = ( GEOMETRIC_REPRESENTATION_CONTEXT(2) 
PARAMETRIC_REPRESENTATION_CONTEXT() REPRESENTATION_CONTEXT('2D SPACE',''
  ) );
#4112 = ADVANCED_FACE('',(#4113),#1885,.F.);
#4113 = FACE_BOUND('',#4114,.F.);
#4114 = EDGE_LOOP('',(#4115,#4137));
#4115 = ORIENTED_EDGE('',*,*,#4116,.T.);
#4116 = EDGE_CURVE('',#1795,#1850,#4117,.T.);
#4117 = SURFACE_CURVE('',#4118,(#4123,#4130),.PCURVE_S1.);
#4118 = CIRCLE('',#4119,1.);
#4119 = AXIS2_PLACEMENT_3D('',#4120,#4121,#4122);
#4120 = CARTESIAN_POINT('',(-8.660254037844,5.,33.8));
#4121 = DIRECTION('',(0.,0.,1.));
#4122 = DIRECTION('',(-0.456073338697,-0.8899421946,0.));
#4123 = PCURVE('',#1885,#4124);
#4124 = DEFINITIONAL_REPRESENTATION('',(#4125),#4129);
#4125 = CIRCLE('',#4126,1.);
#4126 = AXIS2_PLACEMENT_2D('',#4127,#4128);
#4127 = CARTESIAN_POINT('',(0.,0.));
#4128 = DIRECTION('',(-0.456073338697,-0.8899421946));
#4129 = ( GEOMETRIC_REPRESENTATION_CONTEXT(2) 
PARAMETRIC_REPRESENTATION_CONTEXT() REPRESENTATION_CONTEXT('2D SPACE',''
  ) );
#4130 = PCURVE('',#1809,#4131);
#4131 = DEFINITIONAL_REPRESENTATION('',(#4132),#4136);
#4132 = LINE('',#4133,#4134);
#4133 = CARTESIAN_POINT('',(4.238811061592,16.1));
#4134 = VECTOR('',#4135,1.);
#4135 = DIRECTION('',(1.,0.));
#4136 = ( GEOMETRIC_REPRESENTATION_CONTEXT(2) 
PARAMETRIC_REPRESENTATION_CONTEXT() REPRESENTATION_CONTEXT('2D SPACE',''
  ) );
#4137 = ORIENTED_EDGE('',*,*,#1870,.T.);
#4138 = ADVANCED_FACE('',(#4139),#1809,.F.);
#4139 = FACE_BOUND('',#4140,.F.);
#4140 = EDGE_LOOP('',(#4141,#4142,#4143,#4144));
#4141 = ORIENTED_EDGE('',*,*,#4087,.F.);
#4142 = ORIENTED_EDGE('',*,*,#1849,.T.);
#4143 = ORIENTED_EDGE('',*,*,#4116,.F.);
#4144 = ORIENTED_EDGE('',*,*,#1792,.F.);
#4145 = ADVANCED_FACE('',(#4146),#1730,.T.);
#4146 = FACE_BOUND('',#4147,.T.);
#4147 = EDGE_LOOP('',(#4148,#4149));
#4148 = ORIENTED_EDGE('',*,*,#1713,.T.);
#4149 = ORIENTED_EDGE('',*,*,#4150,.F.);
#4150 = EDGE_CURVE('',#1714,#1686,#4151,.T.);
#4151 = SURFACE_CURVE('',#4152,(#4157,#4168),.PCURVE_S1.);
#4152 = CIRCLE('',#4153,1.);
#4153 = AXIS2_PLACEMENT_3D('',#4154,#4155,#4156);
#4154 = CARTESIAN_POINT('',(-7.071067811865,7.071067811865,17.7));
#4155 = DIRECTION('',(0.,0.,-1.));
#4156 = DIRECTION('',(0.741577683651,0.670867005532,0.));
#4157 = PCURVE('',#1730,#4158);
#4158 = DEFINITIONAL_REPRESENTATION('',(#4159),#4167);
#4159 = ( BOUNDED_CURVE() B_SPLINE_CURVE(2,(#4160,#4161,#4162,#4163,
#4164,#4165,#4166),.UNSPECIFIED.,.T.,.F.) B_SPLINE_CURVE_WITH_KNOTS((1,2
    ,2,2,2,1),(-2.094395102393,0.,2.094395102393,4.188790204786,
6.28318530718,8.377580409573),.UNSPECIFIED.) CURVE() 
GEOMETRIC_REPRESENTATION_ITEM() RATIONAL_B_SPLINE_CURVE((1.,0.5,1.,0.5,
1.,0.5,1.)) REPRESENTATION_ITEM('') );
#4160 = CARTESIAN_POINT('',(0.741577683651,0.670867005532));
#4161 = CARTESIAN_POINT('',(1.903553422354,-0.61358322031));
#4162 = CARTESIAN_POINT('',(0.210199027526,-0.977658615687));
#4163 = CARTESIAN_POINT('',(-1.483155367301,-1.341734011064));
#4164 = CARTESIAN_POINT('',(-0.951776711177,0.306791610155));
#4165 = CARTESIAN_POINT('',(-0.420398055052,1.955317231374));
#4166 = CARTESIAN_POINT('',(0.741577683651,0.670867005532));
#4167 = ( GEOMETRIC_REPRESENTATION_CONTEXT(2) 
PARAMETRIC_REPRESENTATION_CONTEXT() REPRESENTATION_CONTEXT('2D SPACE',''
  ) );
#4168 = PCURVE('',#1702,#4169);
#4169 = DEFINITIONAL_REPRESENTATION('',(#4170),#4174);
#4170 = LINE('',#4171,#4172);
#4171 = CARTESIAN_POINT('',(7.018562613771,0.));
#4172 = VECTOR('',#4173,1.);
#4173 = DIRECTION('',(-1.,-0.));
#4174 = ( GEOMETRIC_REPRESENTATION_CONTEXT(2) 
PARAMETRIC_REPRESENTATION_CONTEXT() REPRESENTATION_CONTEXT('2D SPACE',''
  ) );
#4175 = ADVANCED_FACE('',(#4176),#1778,.F.);
#4176 = FACE_BOUND('',#4177,.F.);
#4177 = EDGE_LOOP('',(#4178,#4200));
#4178 = ORIENTED_EDGE('',*,*,#4179,.T.);
#4179 = EDGE_CURVE('',#1688,#1743,#4180,.T.);
#4180 = SURFACE_CURVE('',#4181,(#4186,#4193),.PCURVE_S1.);
#4181 = CIRCLE('',#4182,1.);
#4182 = AXIS2_PLACEMENT_3D('',#4183,#4184,#4185);
#4183 = CARTESIAN_POINT('',(-7.071067811865,7.071067811865,33.8));
#4184 = DIRECTION('',(0.,0.,1.));
#4185 = DIRECTION('',(-0.670867005532,-0.741577683651,0.));
#4186 = PCURVE('',#1778,#4187);
#4187 = DEFINITIONAL_REPRESENTATION('',(#4188),#4192);
#4188 = CIRCLE('',#4189,1.);
#4189 = AXIS2_PLACEMENT_2D('',#4190,#4191);
#4190 = CARTESIAN_POINT('',(0.,0.));
#4191 = DIRECTION('',(-0.670867005532,-0.741577683651));
#4192 = ( GEOMETRIC_REPRESENTATION_CONTEXT(2) 
PARAMETRIC_REPRESENTATION_CONTEXT() REPRESENTATION_CONTEXT('2D SPACE',''
  ) );
#4193 = PCURVE('',#1702,#4194);
#4194 = DEFINITIONAL_REPRESENTATION('',(#4195),#4199);
#4195 = LINE('',#4196,#4197);
#4196 = CARTESIAN_POINT('',(3.977011673793,16.1));
#4197 = VECTOR('',#4198,1.);
#4198 = DIRECTION('',(1.,0.));
#4199 = ( GEOMETRIC_REPRESENTATION_CONTEXT(2) 
PARAMETRIC_REPRESENTATION_CONTEXT() REPRESENTATION_CONTEXT('2D SPACE',''
  ) );
#4200 = ORIENTED_EDGE('',*,*,#1763,.T.);
#4201 = ADVANCED_FACE('',(#4202),#1702,.F.);
#4202 = FACE_BOUND('',#4203,.F.);
#4203 = EDGE_LOOP('',(#4204,#4205,#4206,#4207));
#4204 = ORIENTED_EDGE('',*,*,#4150,.F.);
#4205 = ORIENTED_EDGE('',*,*,#1742,.T.);
#4206 = ORIENTED_EDGE('',*,*,#4179,.F.);
#4207 = ORIENTED_EDGE('',*,*,#1685,.F.);
#4208 = ADVANCED_FACE('',(#4209),#1623,.T.);
#4209 = FACE_BOUND('',#4210,.T.);
#4210 = EDGE_LOOP('',(#4211,#4212));
#4211 = ORIENTED_EDGE('',*,*,#1606,.T.);
#4212 = ORIENTED_EDGE('',*,*,#4213,.F.);
#4213 = EDGE_CURVE('',#1607,#1579,#4214,.T.);
#4214 = SURFACE_CURVE('',#4215,(#4220,#4231),.PCURVE_S1.);
#4215 = CIRCLE('',#4216,1.);
#4216 = AXIS2_PLACEMENT_3D('',#4217,#4218,#4219);
#4217 = CARTESIAN_POINT('',(-5.,8.660254037844,17.7));
#4218 = DIRECTION('',(0.,0.,-1.));
#4219 = DIRECTION('',(0.8899421946,0.456073338697,0.));
#4220 = PCURVE('',#1623,#4221);
#4221 = DEFINITIONAL_REPRESENTATION('',(#4222),#4230);
#4222 = ( BOUNDED_CURVE() B_SPLINE_CURVE(2,(#4223,#4224,#4225,#4226,
#4227,#4228,#4229),.UNSPECIFIED.,.T.,.F.) B_SPLINE_CURVE_WITH_KNOTS((1,2
    ,2,2,2,1),(-2.094395102393,0.,2.094395102393,4.188790204786,
6.28318530718,8.377580409573),.UNSPECIFIED.) CURVE() 
GEOMETRIC_REPRESENTATION_ITEM() RATIONAL_B_SPLINE_CURVE((1.,0.5,1.,0.5,
1.,0.5,1.)) REPRESENTATION_ITEM('') );
#4223 = CARTESIAN_POINT('',(0.8899421946,0.456073338697));
#4224 = CARTESIAN_POINT('',(1.679884389201,-1.08535175815));
#4225 = CARTESIAN_POINT('',(-5.E-02,-0.998749217772));
#4226 = CARTESIAN_POINT('',(-1.779884389201,-0.912146677393));
#4227 = CARTESIAN_POINT('',(-0.8399421946,0.542675879075));
#4228 = CARTESIAN_POINT('',(1.E-01,1.997498435544));
#4229 = CARTESIAN_POINT('',(0.8899421946,0.456073338697));
#4230 = ( GEOMETRIC_REPRESENTATION_CONTEXT(2) 
PARAMETRIC_REPRESENTATION_CONTEXT() REPRESENTATION_CONTEXT('2D SPACE',''
  ) );
#4231 = PCURVE('',#1595,#4232);
#4232 = DEFINITIONAL_REPRESENTATION('',(#4233),#4237);
#4233 = LINE('',#4234,#4235);
#4234 = CARTESIAN_POINT('',(6.756763225972,0.));
#4235 = VECTOR('',#4236,1.);
#4236 = DIRECTION('',(-1.,-0.));
#4237 = ( GEOMETRIC_REPRESENTATION_CONTEXT(2) 
PARAMETRIC_REPRESENTATION_CONTEXT() REPRESENTATION_CONTEXT('2D SPACE',''
  ) );
#4238 = ADVANCED_FACE('',(#4239),#1671,.F.);
#4239 = FACE_BOUND('',#4240,.F.);
#4240 = EDGE_LOOP('',(#4241,#4263));
#4241 = ORIENTED_EDGE('',*,*,#4242,.T.);
#4242 = EDGE_CURVE('',#1581,#1636,#4243,.T.);
#4243 = SURFACE_CURVE('',#4244,(#4249,#4256),.PCURVE_S1.);
#4244 = CIRCLE('',#4245,1.);
#4245 = AXIS2_PLACEMENT_3D('',#4246,#4247,#4248);
#4246 = CARTESIAN_POINT('',(-5.,8.660254037844,33.8));
#4247 = DIRECTION('',(0.,0.,1.));
#4248 = DIRECTION('',(-0.8399421946,-0.542675879075,0.));
#4249 = PCURVE('',#1671,#4250);
#4250 = DEFINITIONAL_REPRESENTATION('',(#4251),#4255);
#4251 = CIRCLE('',#4252,1.);
#4252 = AXIS2_PLACEMENT_2D('',#4253,#4254);
#4253 = CARTESIAN_POINT('',(0.,0.));
#4254 = DIRECTION('',(-0.8399421946,-0.542675879075));
#4255 = ( GEOMETRIC_REPRESENTATION_CONTEXT(2) 
PARAMETRIC_REPRESENTATION_CONTEXT() REPRESENTATION_CONTEXT('2D SPACE',''
  ) );
#4256 = PCURVE('',#1595,#4257);
#4257 = DEFINITIONAL_REPRESENTATION('',(#4258),#4262);
#4258 = LINE('',#4259,#4260);
#4259 = CARTESIAN_POINT('',(3.715212285994,16.1));
#4260 = VECTOR('',#4261,1.);
#4261 = DIRECTION('',(1.,0.));
#4262 = ( GEOMETRIC_REPRESENTATION_CONTEXT(2) 
PARAMETRIC_REPRESENTATION_CONTEXT() REPRESENTATION_CONTEXT('2D SPACE',''
  ) );
#4263 = ORIENTED_EDGE('',*,*,#1656,.T.);
#4264 = ADVANCED_FACE('',(#4265),#1595,.F.);
#4265 = FACE_BOUND('',#4266,.F.);
#4266 = EDGE_LOOP('',(#4267,#4268,#4269,#4270));
#4267 = ORIENTED_EDGE('',*,*,#4213,.F.);
#4268 = ORIENTED_EDGE('',*,*,#1635,.T.);
#4269 = ORIENTED_EDGE('',*,*,#4242,.F.);
#4270 = ORIENTED_EDGE('',*,*,#1578,.F.);
#4271 = ADVANCED_FACE('',(#4272),#1516,.T.);
#4272 = FACE_BOUND('',#4273,.T.);
#4273 = EDGE_LOOP('',(#4274,#4275));
#4274 = ORIENTED_EDGE('',*,*,#1499,.T.);
#4275 = ORIENTED_EDGE('',*,*,#4276,.F.);
#4276 = EDGE_CURVE('',#1500,#1472,#4277,.T.);
#4277 = SURFACE_CURVE('',#4278,(#4283,#4294),.PCURVE_S1.);
#4278 = CIRCLE('',#4279,1.);
#4279 = AXIS2_PLACEMENT_3D('',#4280,#4281,#4282);
#4280 = CARTESIAN_POINT('',(-2.588190451025,9.659258262891,17.7));
#4281 = DIRECTION('',(0.,0.,-1.));
#4282 = DIRECTION('',(0.977658615687,0.210199027526,0.));
#4283 = PCURVE('',#1516,#4284);
#4284 = DEFINITIONAL_REPRESENTATION('',(#4285),#4293);
#4285 = ( BOUNDED_CURVE() B_SPLINE_CURVE(2,(#4286,#4287,#4288,#4289,
#4290,#4291,#4292),.UNSPECIFIED.,.T.,.F.) B_SPLINE_CURVE_WITH_KNOTS((1,2
    ,2,2,2,1),(-2.094395102393,0.,2.094395102393,4.188790204786,
6.28318530718,8.377580409573),.UNSPECIFIED.) CURVE() 
GEOMETRIC_REPRESENTATION_ITEM() RATIONAL_B_SPLINE_CURVE((1.,0.5,1.,0.5,
1.,0.5,1.)) REPRESENTATION_ITEM('') );
#4286 = CARTESIAN_POINT('',(0.977658615687,0.210199027526));
#4287 = CARTESIAN_POINT('',(1.341734011064,-1.483155367301));
#4288 = CARTESIAN_POINT('',(-0.306791610155,-0.951776711177));
#4289 = CARTESIAN_POINT('',(-1.955317231374,-0.420398055052));
#4290 = CARTESIAN_POINT('',(-0.670867005532,0.741577683651));
#4291 = CARTESIAN_POINT('',(0.61358322031,1.903553422354));
#4292 = CARTESIAN_POINT('',(0.977658615687,0.210199027526));
#4293 = ( GEOMETRIC_REPRESENTATION_CONTEXT(2) 
PARAMETRIC_REPRESENTATION_CONTEXT() REPRESENTATION_CONTEXT('2D SPACE',''
  ) );
#4294 = PCURVE('',#1488,#4295);
#4295 = DEFINITIONAL_REPRESENTATION('',(#4296),#4300);
#4296 = LINE('',#4297,#4298);
#4297 = CARTESIAN_POINT('',(6.494963838173,0.));
#4298 = VECTOR('',#4299,1.);
#4299 = DIRECTION('',(-1.,-0.));
#4300 = ( GEOMETRIC_REPRESENTATION_CONTEXT(2) 
PARAMETRIC_REPRESENTATION_CONTEXT() REPRESENTATION_CONTEXT('2D SPACE',''
  ) );
#4301 = ADVANCED_FACE('',(#4302),#1564,.F.);
#4302 = FACE_BOUND('',#4303,.F.);
#4303 = EDGE_LOOP('',(#4304,#4326));
#4304 = ORIENTED_EDGE('',*,*,#4305,.T.);
#4305 = EDGE_CURVE('',#1474,#1529,#4306,.T.);
#4306 = SURFACE_CURVE('',#4307,(#4312,#4319),.PCURVE_S1.);
#4307 = CIRCLE('',#4308,1.);
#4308 = AXIS2_PLACEMENT_3D('',#4309,#4310,#4311);
#4309 = CARTESIAN_POINT('',(-2.588190451025,9.659258262891,33.8));
#4310 = DIRECTION('',(0.,0.,1.));
#4311 = DIRECTION('',(-0.951776711177,-0.306791610155,0.));
#4312 = PCURVE('',#1564,#4313);
#4313 = DEFINITIONAL_REPRESENTATION('',(#4314),#4318);
#4314 = CIRCLE('',#4315,1.);
#4315 = AXIS2_PLACEMENT_2D('',#4316,#4317);
#4316 = CARTESIAN_POINT('',(0.,0.));
#4317 = DIRECTION('',(-0.951776711177,-0.306791610155));
#4318 = ( GEOMETRIC_REPRESENTATION_CONTEXT(2) 
PARAMETRIC_REPRESENTATION_CONTEXT() REPRESENTATION_CONTEXT('2D SPACE',''
  ) );
#4319 = PCURVE('',#1488,#4320);
#4320 = DEFINITIONAL_REPRESENTATION('',(#4321),#4325);
#4321 = LINE('',#4322,#4323);
#4322 = CARTESIAN_POINT('',(3.453412898195,16.1));
#4323 = VECTOR('',#4324,1.);
#4324 = DIRECTION('',(1.,0.));
#4325 = ( GEOMETRIC_REPRESENTATION_CONTEXT(2) 
PARAMETRIC_REPRESENTATION_CONTEXT() REPRESENTATION_CONTEXT('2D SPACE',''
  ) );
#4326 = ORIENTED_EDGE('',*,*,#1549,.T.);
#4327 = ADVANCED_FACE('',(#4328),#1488,.F.);
#4328 = FACE_BOUND('',#4329,.F.);
#4329 = EDGE_LOOP('',(#4330,#4331,#4332,#4333));
#4330 = ORIENTED_EDGE('',*,*,#4276,.F.);
#4331 = ORIENTED_EDGE('',*,*,#1528,.T.);
#4332 = ORIENTED_EDGE('',*,*,#4305,.F.);
#4333 = ORIENTED_EDGE('',*,*,#1471,.F.);
#4334 = ADVANCED_FACE('',(#4335),#1409,.T.);
#4335 = FACE_BOUND('',#4336,.T.);
#4336 = EDGE_LOOP('',(#4337,#4338));
#4337 = ORIENTED_EDGE('',*,*,#1392,.T.);
#4338 = ORIENTED_EDGE('',*,*,#4339,.T.);
#4339 = EDGE_CURVE('',#1365,#1393,#4340,.T.);
#4340 = SURFACE_CURVE('',#4341,(#4346,#4353),.PCURVE_S1.);
#4341 = CIRCLE('',#4342,1.);
#4342 = AXIS2_PLACEMENT_3D('',#4343,#4344,#4345);
#4343 = CARTESIAN_POINT('',(6.123233995737E-16,10.,17.7));
#4344 = DIRECTION('',(0.,0.,1.));
#4345 = DIRECTION('',(1.,0.,-0.));
#4346 = PCURVE('',#1409,#4347);
#4347 = DEFINITIONAL_REPRESENTATION('',(#4348),#4352);
#4348 = CIRCLE('',#4349,1.);
#4349 = AXIS2_PLACEMENT_2D('',#4350,#4351);
#4350 = CARTESIAN_POINT('',(0.,0.));
#4351 = DIRECTION('',(1.,0.));
#4352 = ( GEOMETRIC_REPRESENTATION_CONTEXT(2) 
PARAMETRIC_REPRESENTATION_CONTEXT() REPRESENTATION_CONTEXT('2D SPACE',''
  ) );
#4353 = PCURVE('',#1381,#4354);
#4354 = DEFINITIONAL_REPRESENTATION('',(#4355),#4359);
#4355 = LINE('',#4356,#4357);
#4356 = CARTESIAN_POINT('',(0.,0.));
#4357 = VECTOR('',#4358,1.);
#4358 = DIRECTION('',(1.,0.));
#4359 = ( GEOMETRIC_REPRESENTATION_CONTEXT(2) 
PARAMETRIC_REPRESENTATION_CONTEXT() REPRESENTATION_CONTEXT('2D SPACE',''
  ) );
#4360 = ADVANCED_FACE('',(#4361),#1457,.F.);
#4361 = FACE_BOUND('',#4362,.F.);
#4362 = EDGE_LOOP('',(#4363,#4364));
#4363 = ORIENTED_EDGE('',*,*,#1442,.T.);
#4364 = ORIENTED_EDGE('',*,*,#4365,.T.);
#4365 = EDGE_CURVE('',#1367,#1422,#4366,.T.);
#4366 = SURFACE_CURVE('',#4367,(#4372,#4379),.PCURVE_S1.);
#4367 = CIRCLE('',#4368,1.);
#4368 = AXIS2_PLACEMENT_3D('',#4369,#4370,#4371);
#4369 = CARTESIAN_POINT('',(6.123233995737E-16,10.,33.8));
#4370 = DIRECTION('',(0.,0.,1.));
#4371 = DIRECTION('',(1.,0.,-0.));
#4372 = PCURVE('',#1457,#4373);
#4373 = DEFINITIONAL_REPRESENTATION('',(#4374),#4378);
#4374 = CIRCLE('',#4375,1.);
#4375 = AXIS2_PLACEMENT_2D('',#4376,#4377);
#4376 = CARTESIAN_POINT('',(0.,0.));
#4377 = DIRECTION('',(1.,0.));
#4378 = ( GEOMETRIC_REPRESENTATION_CONTEXT(2) 
PARAMETRIC_REPRESENTATION_CONTEXT() REPRESENTATION_CONTEXT('2D SPACE',''
  ) );
#4379 = PCURVE('',#1381,#4380);
#4380 = DEFINITIONAL_REPRESENTATION('',(#4381),#4385);
#4381 = LINE('',#4382,#4383);
#4382 = CARTESIAN_POINT('',(0.,16.1));
#4383 = VECTOR('',#4384,1.);
#4384 = DIRECTION('',(1.,0.));
#4385 = ( GEOMETRIC_REPRESENTATION_CONTEXT(2) 
PARAMETRIC_REPRESENTATION_CONTEXT() REPRESENTATION_CONTEXT('2D SPACE',''
  ) );
#4386 = ADVANCED_FACE('',(#4387),#1381,.F.);
#4387 = FACE_BOUND('',#4388,.F.);
#4388 = EDGE_LOOP('',(#4389,#4390,#4391,#4392));
#4389 = ORIENTED_EDGE('',*,*,#4365,.F.);
#4390 = ORIENTED_EDGE('',*,*,#1364,.F.);
#4391 = ORIENTED_EDGE('',*,*,#4339,.T.);
#4392 = ORIENTED_EDGE('',*,*,#1421,.T.);
#4393 = ADVANCED_FACE('',(#4394),#1302,.T.);
#4394 = FACE_BOUND('',#4395,.T.);
#4395 = EDGE_LOOP('',(#4396,#4397));
#4396 = ORIENTED_EDGE('',*,*,#1285,.T.);
#4397 = ORIENTED_EDGE('',*,*,#4398,.T.);
#4398 = EDGE_CURVE('',#1258,#1286,#4399,.T.);
#4399 = SURFACE_CURVE('',#4400,(#4405,#4412),.PCURVE_S1.);
#4400 = CIRCLE('',#4401,1.);
#4401 = AXIS2_PLACEMENT_3D('',#4402,#4403,#4404);
#4402 = CARTESIAN_POINT('',(2.588190451025,9.659258262891,17.7));
#4403 = DIRECTION('',(0.,0.,1.));
#4404 = DIRECTION('',(1.,0.,-0.));
#4405 = PCURVE('',#1302,#4406);
#4406 = DEFINITIONAL_REPRESENTATION('',(#4407),#4411);
#4407 = CIRCLE('',#4408,1.);
#4408 = AXIS2_PLACEMENT_2D('',#4409,#4410);
#4409 = CARTESIAN_POINT('',(0.,0.));
#4410 = DIRECTION('',(1.,0.));
#4411 = ( GEOMETRIC_REPRESENTATION_CONTEXT(2) 
PARAMETRIC_REPRESENTATION_CONTEXT() REPRESENTATION_CONTEXT('2D SPACE',''
  ) );
#4412 = PCURVE('',#1274,#4413);
#4413 = DEFINITIONAL_REPRESENTATION('',(#4414),#4418);
#4414 = LINE('',#4415,#4416);
#4415 = CARTESIAN_POINT('',(0.,0.));
#4416 = VECTOR('',#4417,1.);
#4417 = DIRECTION('',(1.,0.));
#4418 = ( GEOMETRIC_REPRESENTATION_CONTEXT(2) 
PARAMETRIC_REPRESENTATION_CONTEXT() REPRESENTATION_CONTEXT('2D SPACE',''
  ) );
#4419 = ADVANCED_FACE('',(#4420),#1350,.F.);
#4420 = FACE_BOUND('',#4421,.F.);
#4421 = EDGE_LOOP('',(#4422,#4423));
#4422 = ORIENTED_EDGE('',*,*,#1335,.T.);
#4423 = ORIENTED_EDGE('',*,*,#4424,.T.);
#4424 = EDGE_CURVE('',#1260,#1315,#4425,.T.);
#4425 = SURFACE_CURVE('',#4426,(#4431,#4438),.PCURVE_S1.);
#4426 = CIRCLE('',#4427,1.);
#4427 = AXIS2_PLACEMENT_3D('',#4428,#4429,#4430);
#4428 = CARTESIAN_POINT('',(2.588190451025,9.659258262891,33.8));
#4429 = DIRECTION('',(0.,0.,1.));
#4430 = DIRECTION('',(1.,0.,-0.));
#4431 = PCURVE('',#1350,#4432);
#4432 = DEFINITIONAL_REPRESENTATION('',(#4433),#4437);
#4433 = CIRCLE('',#4434,1.);
#4434 = AXIS2_PLACEMENT_2D('',#4435,#4436);
#4435 = CARTESIAN_POINT('',(0.,0.));
#4436 = DIRECTION('',(1.,0.));
#4437 = ( GEOMETRIC_REPRESENTATION_CONTEXT(2) 
PARAMETRIC_REPRESENTATION_CONTEXT() REPRESENTATION_CONTEXT('2D SPACE',''
  ) );
#4438 = PCURVE('',#1274,#4439);
#4439 = DEFINITIONAL_REPRESENTATION('',(#4440),#4444);
#4440 = LINE('',#4441,#4442);
#4441 = CARTESIAN_POINT('',(0.,16.1));
#4442 = VECTOR('',#4443,1.);
#4443 = DIRECTION('',(1.,0.));
#4444 = ( GEOMETRIC_REPRESENTATION_CONTEXT(2) 
PARAMETRIC_REPRESENTATION_CONTEXT() REPRESENTATION_CONTEXT('2D SPACE',''
  ) );
#4445 = ADVANCED_FACE('',(#4446),#1274,.F.);
#4446 = FACE_BOUND('',#4447,.F.);
#4447 = EDGE_LOOP('',(#4448,#4449,#4450,#4451));
#4448 = ORIENTED_EDGE('',*,*,#4424,.F.);
#4449 = ORIENTED_EDGE('',*,*,#1257,.F.);
#4450 = ORIENTED_EDGE('',*,*,#4398,.T.);
#4451 = ORIENTED_EDGE('',*,*,#1314,.T.);
#4452 = ADVANCED_FACE('',(#4453),#1195,.T.);
#4453 = FACE_BOUND('',#4454,.T.);
#4454 = EDGE_LOOP('',(#4455,#4456));
#4455 = ORIENTED_EDGE('',*,*,#1178,.T.);
#4456 = ORIENTED_EDGE('',*,*,#4457,.T.);
#4457 = EDGE_CURVE('',#1151,#1179,#4458,.T.);
#4458 = SURFACE_CURVE('',#4459,(#4464,#4471),.PCURVE_S1.);
#4459 = CIRCLE('',#4460,1.);
#4460 = AXIS2_PLACEMENT_3D('',#4461,#4462,#4463);
#4461 = CARTESIAN_POINT('',(5.,8.660254037844,17.7));
#4462 = DIRECTION('',(0.,0.,1.));
#4463 = DIRECTION('',(1.,0.,-0.));
#4464 = PCURVE('',#1195,#4465);
#4465 = DEFINITIONAL_REPRESENTATION('',(#4466),#4470);
#4466 = CIRCLE('',#4467,1.);
#4467 = AXIS2_PLACEMENT_2D('',#4468,#4469);
#4468 = CARTESIAN_POINT('',(0.,0.));
#4469 = DIRECTION('',(1.,0.));
#4470 = ( GEOMETRIC_REPRESENTATION_CONTEXT(2) 
PARAMETRIC_REPRESENTATION_CONTEXT() REPRESENTATION_CONTEXT('2D SPACE',''
  ) );
#4471 = PCURVE('',#1167,#4472);
#4472 = DEFINITIONAL_REPRESENTATION('',(#4473),#4477);
#4473 = LINE('',#4474,#4475);
#4474 = CARTESIAN_POINT('',(0.,0.));
#4475 = VECTOR('',#4476,1.);
#4476 = DIRECTION('',(1.,0.));
#4477 = ( GEOMETRIC_REPRESENTATION_CONTEXT(2) 
PARAMETRIC_REPRESENTATION_CONTEXT() REPRESENTATION_CONTEXT('2D SPACE',''
  ) );
#4478 = ADVANCED_FACE('',(#4479),#1243,.F.);
#4479 = FACE_BOUND('',#4480,.F.);
#4480 = EDGE_LOOP('',(#4481,#4482));
#4481 = ORIENTED_EDGE('',*,*,#1228,.T.);
#4482 = ORIENTED_EDGE('',*,*,#4483,.T.);
#4483 = EDGE_CURVE('',#1153,#1208,#4484,.T.);
#4484 = SURFACE_CURVE('',#4485,(#4490,#4497),.PCURVE_S1.);
#4485 = CIRCLE('',#4486,1.);
#4486 = AXIS2_PLACEMENT_3D('',#4487,#4488,#4489);
#4487 = CARTESIAN_POINT('',(5.,8.660254037844,33.8));
#4488 = DIRECTION('',(0.,0.,1.));
#4489 = DIRECTION('',(1.,0.,-0.));
#4490 = PCURVE('',#1243,#4491);
#4491 = DEFINITIONAL_REPRESENTATION('',(#4492),#4496);
#4492 = CIRCLE('',#4493,1.);
#4493 = AXIS2_PLACEMENT_2D('',#4494,#4495);
#4494 = CARTESIAN_POINT('',(0.,0.));
#4495 = DIRECTION('',(1.,0.));
#4496 = ( GEOMETRIC_REPRESENTATION_CONTEXT(2) 
PARAMETRIC_REPRESENTATION_CONTEXT() REPRESENTATION_CONTEXT('2D SPACE',''
  ) );
#4497 = PCURVE('',#1167,#4498);
#4498 = DEFINITIONAL_REPRESENTATION('',(#4499),#4503);
#4499 = LINE('',#4500,#4501);
#4500 = CARTESIAN_POINT('',(0.,16.1));
#4501 = VECTOR('',#4502,1.);
#4502 = DIRECTION('',(1.,0.));
#4503 = ( GEOMETRIC_REPRESENTATION_CONTEXT(2) 
PARAMETRIC_REPRESENTATION_CONTEXT() REPRESENTATION_CONTEXT('2D SPACE',''
  ) );
#4504 = ADVANCED_FACE('',(#4505),#1167,.F.);
#4505 = FACE_BOUND('',#4506,.F.);
#4506 = EDGE_LOOP('',(#4507,#4508,#4509,#4510));
#4507 = ORIENTED_EDGE('',*,*,#4483,.F.);
#4508 = ORIENTED_EDGE('',*,*,#1150,.F.);
#4509 = ORIENTED_EDGE('',*,*,#4457,.T.);
#4510 = ORIENTED_EDGE('',*,*,#1207,.T.);
#4511 = ADVANCED_FACE('',(#4512),#1088,.T.);
#4512 = FACE_BOUND('',#4513,.T.);
#4513 = EDGE_LOOP('',(#4514,#4515));
#4514 = ORIENTED_EDGE('',*,*,#1071,.T.);
#4515 = ORIENTED_EDGE('',*,*,#4516,.T.);
#4516 = EDGE_CURVE('',#1044,#1072,#4517,.T.);
#4517 = SURFACE_CURVE('',#4518,(#4523,#4530),.PCURVE_S1.);
#4518 = CIRCLE('',#4519,1.);
#4519 = AXIS2_PLACEMENT_3D('',#4520,#4521,#4522);
#4520 = CARTESIAN_POINT('',(7.071067811865,7.071067811865,17.7));
#4521 = DIRECTION('',(0.,0.,1.));
#4522 = DIRECTION('',(1.,0.,-0.));
#4523 = PCURVE('',#1088,#4524);
#4524 = DEFINITIONAL_REPRESENTATION('',(#4525),#4529);
#4525 = CIRCLE('',#4526,1.);
#4526 = AXIS2_PLACEMENT_2D('',#4527,#4528);
#4527 = CARTESIAN_POINT('',(0.,0.));
#4528 = DIRECTION('',(1.,0.));
#4529 = ( GEOMETRIC_REPRESENTATION_CONTEXT(2) 
PARAMETRIC_REPRESENTATION_CONTEXT() REPRESENTATION_CONTEXT('2D SPACE',''
  ) );
#4530 = PCURVE('',#1060,#4531);
#4531 = DEFINITIONAL_REPRESENTATION('',(#4532),#4536);
#4532 = LINE('',#4533,#4534);
#4533 = CARTESIAN_POINT('',(0.,0.));
#4534 = VECTOR('',#4535,1.);
#4535 = DIRECTION('',(1.,0.));
#4536 = ( GEOMETRIC_REPRESENTATION_CONTEXT(2) 
PARAMETRIC_REPRESENTATION_CONTEXT() REPRESENTATION_CONTEXT('2D SPACE',''
  ) );
#4537 = ADVANCED_FACE('',(#4538),#1136,.F.);
#4538 = FACE_BOUND('',#4539,.F.);
#4539 = EDGE_LOOP('',(#4540,#4541));
#4540 = ORIENTED_EDGE('',*,*,#1121,.T.);
#4541 = ORIENTED_EDGE('',*,*,#4542,.T.);
#4542 = EDGE_CURVE('',#1046,#1101,#4543,.T.);
#4543 = SURFACE_CURVE('',#4544,(#4549,#4556),.PCURVE_S1.);
#4544 = CIRCLE('',#4545,1.);
#4545 = AXIS2_PLACEMENT_3D('',#4546,#4547,#4548);
#4546 = CARTESIAN_POINT('',(7.071067811865,7.071067811865,33.8));
#4547 = DIRECTION('',(0.,0.,1.));
#4548 = DIRECTION('',(1.,0.,-0.));
#4549 = PCURVE('',#1136,#4550);
#4550 = DEFINITIONAL_REPRESENTATION('',(#4551),#4555);
#4551 = CIRCLE('',#4552,1.);
#4552 = AXIS2_PLACEMENT_2D('',#4553,#4554);
#4553 = CARTESIAN_POINT('',(0.,0.));
#4554 = DIRECTION('',(1.,0.));
#4555 = ( GEOMETRIC_REPRESENTATION_CONTEXT(2) 
PARAMETRIC_REPRESENTATION_CONTEXT() REPRESENTATION_CONTEXT('2D SPACE',''
  ) );
#4556 = PCURVE('',#1060,#4557);
#4557 = DEFINITIONAL_REPRESENTATION('',(#4558),#4562);
#4558 = LINE('',#4559,#4560);
#4559 = CARTESIAN_POINT('',(0.,16.1));
#4560 = VECTOR('',#4561,1.);
#4561 = DIRECTION('',(1.,0.));
#4562 = ( GEOMETRIC_REPRESENTATION_CONTEXT(2) 
PARAMETRIC_REPRESENTATION_CONTEXT() REPRESENTATION_CONTEXT('2D SPACE',''
  ) );
#4563 = ADVANCED_FACE('',(#4564),#1060,.F.);
#4564 = FACE_BOUND('',#4565,.F.);
#4565 = EDGE_LOOP('',(#4566,#4567,#4568,#4569));
#4566 = ORIENTED_EDGE('',*,*,#4542,.F.);
#4567 = ORIENTED_EDGE('',*,*,#1043,.F.);
#4568 = ORIENTED_EDGE('',*,*,#4516,.T.);
#4569 = ORIENTED_EDGE('',*,*,#1100,.T.);
#4570 = ADVANCED_FACE('',(#4571),#981,.T.);
#4571 = FACE_BOUND('',#4572,.T.);
#4572 = EDGE_LOOP('',(#4573,#4574));
#4573 = ORIENTED_EDGE('',*,*,#964,.T.);
#4574 = ORIENTED_EDGE('',*,*,#4575,.T.);
#4575 = EDGE_CURVE('',#937,#965,#4576,.T.);
#4576 = SURFACE_CURVE('',#4577,(#4582,#4589),.PCURVE_S1.);
#4577 = CIRCLE('',#4578,1.);
#4578 = AXIS2_PLACEMENT_3D('',#4579,#4580,#4581);
#4579 = CARTESIAN_POINT('',(8.660254037844,5.,17.7));
#4580 = DIRECTION('',(0.,0.,1.));
#4581 = DIRECTION('',(1.,0.,-0.));
#4582 = PCURVE('',#981,#4583);
#4583 = DEFINITIONAL_REPRESENTATION('',(#4584),#4588);
#4584 = CIRCLE('',#4585,1.);
#4585 = AXIS2_PLACEMENT_2D('',#4586,#4587);
#4586 = CARTESIAN_POINT('',(0.,0.));
#4587 = DIRECTION('',(1.,0.));
#4588 = ( GEOMETRIC_REPRESENTATION_CONTEXT(2) 
PARAMETRIC_REPRESENTATION_CONTEXT() REPRESENTATION_CONTEXT('2D SPACE',''
  ) );
#4589 = PCURVE('',#953,#4590);
#4590 = DEFINITIONAL_REPRESENTATION('',(#4591),#4595);
#4591 = LINE('',#4592,#4593);
#4592 = CARTESIAN_POINT('',(0.,0.));
#4593 = VECTOR('',#4594,1.);
#4594 = DIRECTION('',(1.,0.));
#4595 = ( GEOMETRIC_REPRESENTATION_CONTEXT(2) 
PARAMETRIC_REPRESENTATION_CONTEXT() REPRESENTATION_CONTEXT('2D SPACE',''
  ) );
#4596 = ADVANCED_FACE('',(#4597),#1029,.F.);
#4597 = FACE_BOUND('',#4598,.F.);
#4598 = EDGE_LOOP('',(#4599,#4600));
#4599 = ORIENTED_EDGE('',*,*,#1014,.T.);
#4600 = ORIENTED_EDGE('',*,*,#4601,.T.);
#4601 = EDGE_CURVE('',#939,#994,#4602,.T.);
#4602 = SURFACE_CURVE('',#4603,(#4608,#4615),.PCURVE_S1.);
#4603 = CIRCLE('',#4604,1.);
#4604 = AXIS2_PLACEMENT_3D('',#4605,#4606,#4607);
#4605 = CARTESIAN_POINT('',(8.660254037844,5.,33.8));
#4606 = DIRECTION('',(0.,0.,1.));
#4607 = DIRECTION('',(1.,0.,-0.));
#4608 = PCURVE('',#1029,#4609);
#4609 = DEFINITIONAL_REPRESENTATION('',(#4610),#4614);
#4610 = CIRCLE('',#4611,1.);
#4611 = AXIS2_PLACEMENT_2D('',#4612,#4613);
#4612 = CARTESIAN_POINT('',(0.,0.));
#4613 = DIRECTION('',(1.,0.));
#4614 = ( GEOMETRIC_REPRESENTATION_CONTEXT(2) 
PARAMETRIC_REPRESENTATION_CONTEXT() REPRESENTATION_CONTEXT('2D SPACE',''
  ) );
#4615 = PCURVE('',#953,#4616);
#4616 = DEFINITIONAL_REPRESENTATION('',(#4617),#4621);
#4617 = LINE('',#4618,#4619);
#4618 = CARTESIAN_POINT('',(0.,16.1));
#4619 = VECTOR('',#4620,1.);
#4620 = DIRECTION('',(1.,0.));
#4621 = ( GEOMETRIC_REPRESENTATION_CONTEXT(2) 
PARAMETRIC_REPRESENTATION_CONTEXT() REPRESENTATION_CONTEXT('2D SPACE',''
  ) );
#4622 = ADVANCED_FACE('',(#4623),#953,.F.);
#4623 = FACE_BOUND('',#4624,.F.);
#4624 = EDGE_LOOP('',(#4625,#4626,#4627,#4628));
#4625 = ORIENTED_EDGE('',*,*,#4601,.F.);
#4626 = ORIENTED_EDGE('',*,*,#936,.F.);
#4627 = ORIENTED_EDGE('',*,*,#4575,.T.);
#4628 = ORIENTED_EDGE('',*,*,#993,.T.);
#4629 = ADVANCED_FACE('',(#4630),#200,.T.);
#4630 = FACE_BOUND('',#4631,.T.);
#4631 = EDGE_LOOP('',(#4632,#4653,#4654,#4655));
#4632 = ORIENTED_EDGE('',*,*,#4633,.F.);
#4633 = EDGE_CURVE('',#163,#4634,#4636,.T.);
#4634 = VERTEX_POINT('',#4635);
#4635 = CARTESIAN_POINT('',(8.,0.,36.5));
#4636 = SEAM_CURVE('',#4637,(#4641,#4647),.PCURVE_S1.);
#4637 = LINE('',#4638,#4639);
#4638 = CARTESIAN_POINT('',(10.,0.,34.5));
#4639 = VECTOR('',#4640,1.);
#4640 = DIRECTION('',(-0.707106781187,0.,0.707106781187));
#4641 = PCURVE('',#200,#4642);
#4642 = DEFINITIONAL_REPRESENTATION('',(#4643),#4646);
#4643 = B_SPLINE_CURVE_WITH_KNOTS('',1,(#4644,#4645),.UNSPECIFIED.,.F.,
  .F.,(2,2),(0.,2.828427124746),.PIECEWISE_BEZIER_KNOTS.);
#4644 = CARTESIAN_POINT('',(0.,0.));
#4645 = CARTESIAN_POINT('',(0.,-2.));
#4646 = ( GEOMETRIC_REPRESENTATION_CONTEXT(2) 
PARAMETRIC_REPRESENTATION_CONTEXT() REPRESENTATION_CONTEXT('2D SPACE',''
  ) );
#4647 = PCURVE('',#200,#4648);
#4648 = DEFINITIONAL_REPRESENTATION('',(#4649),#4652);
#4649 = B_SPLINE_CURVE_WITH_KNOTS('',1,(#4650,#4651),.UNSPECIFIED.,.F.,
  .F.,(2,2),(0.,2.828427124746),.PIECEWISE_BEZIER_KNOTS.);
#4650 = CARTESIAN_POINT('',(-6.28318530718,0.));
#4651 = CARTESIAN_POINT('',(-6.28318530718,-2.));
#4652 = ( GEOMETRIC_REPRESENTATION_CONTEXT(2) 
PARAMETRIC_REPRESENTATION_CONTEXT() REPRESENTATION_CONTEXT('2D SPACE',''
  ) );
#4653 = ORIENTED_EDGE('',*,*,#185,.T.);
#4654 = ORIENTED_EDGE('',*,*,#4633,.T.);
#4655 = ORIENTED_EDGE('',*,*,#4656,.F.);
#4656 = EDGE_CURVE('',#4634,#4634,#4657,.T.);
#4657 = SURFACE_CURVE('',#4658,(#4663,#4670),.PCURVE_S1.);
#4658 = CIRCLE('',#4659,8.);
#4659 = AXIS2_PLACEMENT_3D('',#4660,#4661,#4662);
#4660 = CARTESIAN_POINT('',(0.,0.,36.5));
#4661 = DIRECTION('',(0.,0.,1.));
#4662 = DIRECTION('',(1.,0.,-0.));
#4663 = PCURVE('',#200,#4664);
#4664 = DEFINITIONAL_REPRESENTATION('',(#4665),#4669);
#4665 = LINE('',#4666,#4667);
#4666 = CARTESIAN_POINT('',(-0.,-2.));
#4667 = VECTOR('',#4668,1.);
#4668 = DIRECTION('',(-1.,-0.));
#4669 = ( GEOMETRIC_REPRESENTATION_CONTEXT(2) 
PARAMETRIC_REPRESENTATION_CONTEXT() REPRESENTATION_CONTEXT('2D SPACE',''
  ) );
#4670 = PCURVE('',#4671,#4676);
#4671 = PLANE('',#4672);
#4672 = AXIS2_PLACEMENT_3D('',#4673,#4674,#4675);
#4673 = CARTESIAN_POINT('',(0.,0.,36.5));
#4674 = DIRECTION('',(0.,0.,1.));
#4675 = DIRECTION('',(1.,0.,-0.));
#4676 = DEFINITIONAL_REPRESENTATION('',(#4677),#4681);
#4677 = CIRCLE('',#4678,8.);
#4678 = AXIS2_PLACEMENT_2D('',#4679,#4680);
#4679 = CARTESIAN_POINT('',(0.,0.));
#4680 = DIRECTION('',(1.,0.));
#4681 = ( GEOMETRIC_REPRESENTATION_CONTEXT(2) 
PARAMETRIC_REPRESENTATION_CONTEXT() REPRESENTATION_CONTEXT('2D SPACE',''
  ) );
#4682 = ADVANCED_FACE('',(#4683),#4671,.T.);
#4683 = FACE_BOUND('',#4684,.T.);
#4684 = EDGE_LOOP('',(#4685));
#4685 = ORIENTED_EDGE('',*,*,#4656,.T.);
#4686 = ADVANCED_FACE('',(#4687),#150,.F.);
#4687 = FACE_BOUND('',#4688,.F.);
#4688 = EDGE_LOOP('',(#4689,#4690,#4712));
#4689 = ORIENTED_EDGE('',*,*,#213,.T.);
#4690 = ORIENTED_EDGE('',*,*,#4691,.T.);
#4691 = EDGE_CURVE('',#214,#108,#4692,.T.);
#4692 = SURFACE_CURVE('',#4693,(#4698,#4705),.PCURVE_S1.);
#4693 = CIRCLE('',#4694,1.);
#4694 = AXIS2_PLACEMENT_3D('',#4695,#4696,#4697);
#4695 = CARTESIAN_POINT('',(10.,0.,33.8));
#4696 = DIRECTION('',(0.,0.,1.));
#4697 = DIRECTION('',(1.,0.,-0.));
#4698 = PCURVE('',#150,#4699);
#4699 = DEFINITIONAL_REPRESENTATION('',(#4700),#4704);
#4700 = CIRCLE('',#4701,1.);
#4701 = AXIS2_PLACEMENT_2D('',#4702,#4703);
#4702 = CARTESIAN_POINT('',(0.,0.));
#4703 = DIRECTION('',(1.,0.));
#4704 = ( GEOMETRIC_REPRESENTATION_CONTEXT(2) 
PARAMETRIC_REPRESENTATION_CONTEXT() REPRESENTATION_CONTEXT('2D SPACE',''
  ) );
#4705 = PCURVE('',#122,#4706);
#4706 = DEFINITIONAL_REPRESENTATION('',(#4707),#4711);
#4707 = LINE('',#4708,#4709);
#4708 = CARTESIAN_POINT('',(0.,16.1));
#4709 = VECTOR('',#4710,1.);
#4710 = DIRECTION('',(1.,0.));
#4711 = ( GEOMETRIC_REPRESENTATION_CONTEXT(2) 
PARAMETRIC_REPRESENTATION_CONTEXT() REPRESENTATION_CONTEXT('2D SPACE',''
  ) );
#4712 = ORIENTED_EDGE('',*,*,#133,.T.);
#4713 = ADVANCED_FACE('',(#4714),#473,.F.);
#4714 = FACE_BOUND('',#4715,.F.);
#4715 = EDGE_LOOP('',(#4716,#4717));
#4716 = ORIENTED_EDGE('',*,*,#456,.T.);
#4717 = ORIENTED_EDGE('',*,*,#4718,.T.);
#4718 = EDGE_CURVE('',#457,#431,#4719,.T.);
#4719 = SURFACE_CURVE('',#4720,(#4725,#4732),.PCURVE_S1.);
#4720 = CIRCLE('',#4721,1.);
#4721 = AXIS2_PLACEMENT_3D('',#4722,#4723,#4724);
#4722 = CARTESIAN_POINT('',(9.659258262891,2.588190451025,33.8));
#4723 = DIRECTION('',(0.,0.,1.));
#4724 = DIRECTION('',(1.,0.,-0.));
#4725 = PCURVE('',#473,#4726);
#4726 = DEFINITIONAL_REPRESENTATION('',(#4727),#4731);
#4727 = CIRCLE('',#4728,1.);
#4728 = AXIS2_PLACEMENT_2D('',#4729,#4730);
#4729 = CARTESIAN_POINT('',(0.,0.));
#4730 = DIRECTION('',(1.,0.));
#4731 = ( GEOMETRIC_REPRESENTATION_CONTEXT(2) 
PARAMETRIC_REPRESENTATION_CONTEXT() REPRESENTATION_CONTEXT('2D SPACE',''
  ) );
#4732 = PCURVE('',#445,#4733);
#4733 = DEFINITIONAL_REPRESENTATION('',(#4734),#4738);
#4734 = LINE('',#4735,#4736);
#4735 = CARTESIAN_POINT('',(0.,16.1));
#4736 = VECTOR('',#4737,1.);
#4737 = DIRECTION('',(1.,0.));
#4738 = ( GEOMETRIC_REPRESENTATION_CONTEXT(2) 
PARAMETRIC_REPRESENTATION_CONTEXT() REPRESENTATION_CONTEXT('2D SPACE',''
  ) );
#4739 = ADVANCED_FACE('',(#4740),#523,.T.);
#4740 = FACE_BOUND('',#4741,.T.);
#4741 = EDGE_LOOP('',(#4742,#4743));
#4742 = ORIENTED_EDGE('',*,*,#506,.T.);
#4743 = ORIENTED_EDGE('',*,*,#4744,.T.);
#4744 = EDGE_CURVE('',#486,#507,#4745,.T.);
#4745 = SURFACE_CURVE('',#4746,(#4751,#4758),.PCURVE_S1.);
#4746 = CIRCLE('',#4747,1.);
#4747 = AXIS2_PLACEMENT_3D('',#4748,#4749,#4750);
#4748 = CARTESIAN_POINT('',(9.659258262891,2.588190451025,17.7));
#4749 = DIRECTION('',(0.,0.,1.));
#4750 = DIRECTION('',(1.,0.,-0.));
#4751 = PCURVE('',#523,#4752);
#4752 = DEFINITIONAL_REPRESENTATION('',(#4753),#4757);
#4753 = CIRCLE('',#4754,1.);
#4754 = AXIS2_PLACEMENT_2D('',#4755,#4756);
#4755 = CARTESIAN_POINT('',(0.,0.));
#4756 = DIRECTION('',(1.,0.));
#4757 = ( GEOMETRIC_REPRESENTATION_CONTEXT(2) 
PARAMETRIC_REPRESENTATION_CONTEXT() REPRESENTATION_CONTEXT('2D SPACE',''
  ) );
#4758 = PCURVE('',#445,#4759);
#4759 = DEFINITIONAL_REPRESENTATION('',(#4760),#4764);
#4760 = LINE('',#4761,#4762);
#4761 = CARTESIAN_POINT('',(0.,0.));
#4762 = VECTOR('',#4763,1.);
#4763 = DIRECTION('',(1.,0.));
#4764 = ( GEOMETRIC_REPRESENTATION_CONTEXT(2) 
PARAMETRIC_REPRESENTATION_CONTEXT() REPRESENTATION_CONTEXT('2D SPACE',''
  ) );
#4765 = ADVANCED_FACE('',(#4766),#445,.F.);
#4766 = FACE_BOUND('',#4767,.F.);
#4767 = EDGE_LOOP('',(#4768,#4769,#4770,#4771,#4772,#5270));
#4768 = ORIENTED_EDGE('',*,*,#4718,.F.);
#4769 = ORIENTED_EDGE('',*,*,#485,.F.);
#4770 = ORIENTED_EDGE('',*,*,#4744,.T.);
#4771 = ORIENTED_EDGE('',*,*,#535,.T.);
#4772 = ORIENTED_EDGE('',*,*,#4773,.F.);
#4773 = EDGE_CURVE('',#259,#536,#4774,.T.);
#4774 = SURFACE_CURVE('',#4775,(#4938,#5104),.PCURVE_S1.);
#4775 = B_SPLINE_CURVE_WITH_KNOTS('',6,(#4776,#4777,#4778,#4779,#4780,
    #4781,#4782,#4783,#4784,#4785,#4786,#4787,#4788,#4789,#4790,#4791,
    #4792,#4793,#4794,#4795,#4796,#4797,#4798,#4799,#4800,#4801,#4802,
    #4803,#4804,#4805,#4806,#4807,#4808,#4809,#4810,#4811,#4812,#4813,
    #4814,#4815,#4816,#4817,#4818,#4819,#4820,#4821,#4822,#4823,#4824,
    #4825,#4826,#4827,#4828,#4829,#4830,#4831,#4832,#4833,#4834,#4835,
    #4836,#4837,#4838,#4839,#4840,#4841,#4842,#4843,#4844,#4845,#4846,
    #4847,#4848,#4849,#4850,#4851,#4852,#4853,#4854,#4855,#4856,#4857,
    #4858,#4859,#4860,#4861,#4862,#4863,#4864,#4865,#4866,#4867,#4868,
    #4869,#4870,#4871,#4872,#4873,#4874,#4875,#4876,#4877,#4878,#4879,
    #4880,#4881,#4882,#4883,#4884,#4885,#4886,#4887,#4888,#4889,#4890,
    #4891,#4892,#4893,#4894,#4895,#4896,#4897,#4898,#4899,#4900,#4901,
    #4902,#4903,#4904,#4905,#4906,#4907,#4908,#4909,#4910,#4911,#4912,
    #4913,#4914,#4915,#4916,#4917,#4918,#4919,#4920,#4921,#4922,#4923,
    #4924,#4925,#4926,#4927,#4928,#4929,#4930,#4931,#4932,#4933,#4934,
    #4935,#4936,#4937),.UNSPECIFIED.,.F.,.F.,(7,5,5,5,5,5,5,5,5,5,5,5,5,
    5,5,5,5,5,5,5,5,5,5,5,5,5,5,5,5,5,5,5,7),(0.,4.710888114306E-02,
    6.409543932013E-02,9.590940912354E-02,0.129622708179,0.148534133941,
    0.169993484181,0.223114167027,0.261760146213,0.27642644648,
    0.29805290361,0.316318969175,0.349347662272,0.383930533309,
    0.403144619818,0.4399628417,0.5,0.560037158299,0.596855380181,
    0.61606946669,0.650652337727,0.683681030825,0.701947096389,
    0.723573553519,0.738239853786,0.776885832973,0.830006515819,
    0.851465866059,0.870377291821,0.904090590876,0.93590456068,
    0.952891118857,1.),.UNSPECIFIED.);
#4776 = CARTESIAN_POINT('',(10.659258262891,2.588190451025,
    31.327195464287));
#4777 = CARTESIAN_POINT('',(10.659258262891,2.566221926086,
    31.387089421623));
#4778 = CARTESIAN_POINT('',(10.658679330995,2.540468575553,
    31.445683847248));
#4779 = CARTESIAN_POINT('',(10.657146456104,2.511027895379,
    31.502560082746));
#4780 = CARTESIAN_POINT('',(10.654193665908,2.478060648693,
    31.55734054916));
#4781 = CARTESIAN_POINT('',(10.649291141681,2.441794987823,31.6096923113
    ));
#4782 = CARTESIAN_POINT('',(10.639197253112,2.388372583299,
    31.677229271197));
#4783 = CARTESIAN_POINT('',(10.636196696664,2.373833018882,
    31.694764819037));
#4784 = CARTESIAN_POINT('',(10.63284505082,2.358930785417,
    31.711919256344));
#4785 = CARTESIAN_POINT('',(10.629117782548,2.343688118949,
    31.728675280317));
#4786 = CARTESIAN_POINT('',(10.624991438701,2.328130589227,
    31.745016314574));
#4787 = CARTESIAN_POINT('',(10.61192612658,2.282613972718,
    31.790724567398));
#4788 = CARTESIAN_POINT('',(10.601925149279,2.251917518329,
    31.819032324384));
#4789 = CARTESIAN_POINT('',(10.590300940673,2.220414130641,
    31.845715058629));
#4790 = CARTESIAN_POINT('',(10.576940978853,2.18834576684,
    31.870689327167));
#4791 = CARTESIAN_POINT('',(10.561768759557,2.155968356484,
    31.893918116633));
#4792 = CARTESIAN_POINT('',(10.526720479183,2.089176068892,
    31.938176722138));
#4793 = CARTESIAN_POINT('',(10.506638306789,2.054794376781,
    31.958966422195));
#4794 = CARTESIAN_POINT('',(10.48447409372,2.020698887193,
    31.977790157315));
#4795 = CARTESIAN_POINT('',(10.460254332666,1.987200256672,
    31.994710054283));
#4796 = CARTESIAN_POINT('',(10.434069896843,1.954598990996,
    32.009824238118));
#4797 = CARTESIAN_POINT('',(10.390382193464,1.905537441289,
    32.03079016243));
#4798 = CARTESIAN_POINT('',(10.374110113135,1.888269385671,
    32.03779724695));
#4799 = CARTESIAN_POINT('',(10.357284020614,1.871402531054,
    32.044302830995));
#4800 = CARTESIAN_POINT('',(10.339926215164,1.854972893656,
    32.050332815844));
#4801 = CARTESIAN_POINT('',(10.322063010151,1.839014198596,
    32.055913192954));
#4802 = CARTESIAN_POINT('',(10.282915751428,1.806019141103,
    32.066921674253));
#4803 = CARTESIAN_POINT('',(10.261494677507,1.789126796195,
    32.072227842268));
#4804 = CARTESIAN_POINT('',(10.239494889833,1.772917274224,
    32.077029601161));
#4805 = CARTESIAN_POINT('',(10.216952924439,1.757423450236,
    32.081365257284));
#4806 = CARTESIAN_POINT('',(10.193908474841,1.742674645269,
    32.08527037018));
#4807 = CARTESIAN_POINT('',(10.112222158462,1.69409530331,
    32.097459960884));
#4808 = CARTESIAN_POINT('',(10.051251363019,1.664233838015,
    32.103699981752));
#4809 = CARTESIAN_POINT('',(9.987992320549,1.639398668427,
    32.108019265358));
#4810 = CARTESIAN_POINT('',(9.922967685515,1.619795937789,
    32.110775542463));
#4811 = CARTESIAN_POINT('',(9.856715868904,1.605557277444,
    32.112153108668));
#4812 = CARTESIAN_POINT('',(9.74109099174,1.590334973582,32.112153108668
    ));
#4813 = CARTESIAN_POINT('',(9.692013497797,1.586793390179,
    32.111424117947));
#4814 = CARTESIAN_POINT('',(9.642755336529,1.5861488444,32.109965966387)
  );
#4815 = CARTESIAN_POINT('',(9.593522561683,1.588412196336,
    32.107727287521));
#4816 = CARTESIAN_POINT('',(9.544523299793,1.593575863594,
    32.104606778294));
#4817 = CARTESIAN_POINT('',(9.477539877062,1.604662467614,
    32.098878637342));
#4818 = CARTESIAN_POINT('',(9.459178050242,1.608125887275,
    32.097154372008));
#4819 = CARTESIAN_POINT('',(9.440893957394,1.612001086638,
    32.095273541159));
#4820 = CARTESIAN_POINT('',(9.422700279481,1.616285615206,
    32.093227192144));
#4821 = CARTESIAN_POINT('',(9.404610073062,1.620976268013,
    32.091005541326));
#4822 = CARTESIAN_POINT('',(9.360133913082,1.633578791514,
    32.085047852458));
#4823 = CARTESIAN_POINT('',(9.333880483735,1.641964262927,
    32.081093002142));
#4824 = CARTESIAN_POINT('',(9.307925741848,1.65121125947,32.076699800294
    ));
#4825 = CARTESIAN_POINT('',(9.282316719397,1.661301145352,32.07183182379
    ));
#4826 = CARTESIAN_POINT('',(9.257098220744,1.672210889369,
    32.066449849225));
#4827 = CARTESIAN_POINT('',(9.211378662945,1.6937969171,32.055496522423)
  );
#4828 = CARTESIAN_POINT('',(9.190753432816,1.704246171711,32.05008469928
    ));
#4829 = CARTESIAN_POINT('',(9.170470666879,1.715240411196,
    32.044252911297));
#4830 = CARTESIAN_POINT('',(9.150561045355,1.726756392398,
    32.037977765476));
#4831 = CARTESIAN_POINT('',(9.131052394053,1.738768046554,
    32.031235948012));
#4832 = CARTESIAN_POINT('',(9.077464335678,1.773809976819,
    32.010927824104));
#4833 = CARTESIAN_POINT('',(9.044333091191,1.797911938119,
    31.996243032092));
#4834 = CARTESIAN_POINT('',(9.012788503798,1.823345277817,
    31.979833628804));
#4835 = CARTESIAN_POINT('',(8.982987632831,1.849862095706,
    31.961605721862));
#4836 = CARTESIAN_POINT('',(8.955033110161,1.877189734485,
    31.941497713641));
#4837 = CARTESIAN_POINT('',(8.90168909065,1.934214767277,31.896447255434
    ));
#4838 = CARTESIAN_POINT('',(8.876516884663,1.963925919811,
    31.871351208361));
#4839 = CARTESIAN_POINT('',(8.853508302707,1.993851859362,
    31.844190757026));
#4840 = CARTESIAN_POINT('',(8.832652877042,2.023650170244,
    31.815011641581));
#4841 = CARTESIAN_POINT('',(8.813887273214,2.052984610056,
    31.783923972507));
#4842 = CARTESIAN_POINT('',(8.787778675651,2.09741343227,31.732877912273
    ));
#4843 = CARTESIAN_POINT('',(8.779062860885,2.113047663179,
    31.714107735078));
#4844 = CARTESIAN_POINT('',(8.770932396423,2.128404251631,
    31.694817928758));
#4845 = CARTESIAN_POINT('',(8.763362123382,2.143441896046,
    31.675031412612));
#4846 = CARTESIAN_POINT('',(8.756325488725,2.158121697262,
    31.654775054981));
#4847 = CARTESIAN_POINT('',(8.73727988704,2.19978110019,31.59442297885)
  );
#4848 = CARTESIAN_POINT('',(8.726627311301,2.225696537396,
    31.553169936238));
#4849 = CARTESIAN_POINT('',(8.717615467697,2.249954140971,
    31.510463618664));
#4850 = CARTESIAN_POINT('',(8.710030710323,2.272384267642,
    31.466465470919));
#4851 = CARTESIAN_POINT('',(8.70367513797,2.292847971229,31.421354339379
    ));
#4852 = CARTESIAN_POINT('',(8.689731436617,2.341225499469,31.3002691726)
  );
#4853 = CARTESIAN_POINT('',(8.683885905274,2.365726103866,
    31.222705786841));
#4854 = CARTESIAN_POINT('',(8.680070079192,2.384340875822,
    31.143269082872));
#4855 = CARTESIAN_POINT('',(8.677717933585,2.396830166999,31.06259110056
    ));
#4856 = CARTESIAN_POINT('',(8.676541564203,2.403074568073,
    30.981295262235));
#4857 = CARTESIAN_POINT('',(8.676541564203,2.403074568073,
    30.818704737765));
#4858 = CARTESIAN_POINT('',(8.677717933585,2.396830166999,30.73740889944
    ));
#4859 = CARTESIAN_POINT('',(8.680070079192,2.384340875822,
    30.656730917128));
#4860 = CARTESIAN_POINT('',(8.683885905274,2.365726103866,
    30.577294213159));
#4861 = CARTESIAN_POINT('',(8.689731436617,2.341225499469,30.4997308274)
  );
#4862 = CARTESIAN_POINT('',(8.70367513797,2.292847971229,30.378645660621
    ));
#4863 = CARTESIAN_POINT('',(8.710030710323,2.272384267642,
    30.333534529081));
#4864 = CARTESIAN_POINT('',(8.717615467697,2.249954140971,
    30.289536381336));
#4865 = CARTESIAN_POINT('',(8.726627311301,2.225696537396,
    30.246830063762));
#4866 = CARTESIAN_POINT('',(8.73727988704,2.19978110019,30.20557702115)
  );
#4867 = CARTESIAN_POINT('',(8.756325488725,2.158121697262,
    30.145224945019));
#4868 = CARTESIAN_POINT('',(8.763362123382,2.143441896046,
    30.124968587388));
#4869 = CARTESIAN_POINT('',(8.770932396423,2.128404251631,
    30.105182071242));
#4870 = CARTESIAN_POINT('',(8.779062860885,2.113047663179,
    30.085892264922));
#4871 = CARTESIAN_POINT('',(8.787778675651,2.09741343227,30.067122087727
    ));
#4872 = CARTESIAN_POINT('',(8.813887273214,2.052984610056,
    30.016076027493));
#4873 = CARTESIAN_POINT('',(8.832652877042,2.023650170244,
    29.984988358419));
#4874 = CARTESIAN_POINT('',(8.853508302707,1.993851859362,
    29.955809242974));
#4875 = CARTESIAN_POINT('',(8.876516884663,1.963925919811,
    29.928648791639));
#4876 = CARTESIAN_POINT('',(8.90168909065,1.934214767277,29.903552744566
    ));
#4877 = CARTESIAN_POINT('',(8.955033110161,1.877189734485,
    29.858502286359));
#4878 = CARTESIAN_POINT('',(8.982987632831,1.849862095706,
    29.838394278138));
#4879 = CARTESIAN_POINT('',(9.012788503798,1.823345277817,
    29.820166371196));
#4880 = CARTESIAN_POINT('',(9.044333091191,1.797911938119,
    29.803756967908));
#4881 = CARTESIAN_POINT('',(9.077464335678,1.773809976819,
    29.789072175896));
#4882 = CARTESIAN_POINT('',(9.131052394053,1.738768046554,
    29.768764051988));
#4883 = CARTESIAN_POINT('',(9.150561045355,1.726756392398,
    29.762022234524));
#4884 = CARTESIAN_POINT('',(9.170470666879,1.715240411196,
    29.755747088703));
#4885 = CARTESIAN_POINT('',(9.190753432816,1.704246171711,29.74991530072
    ));
#4886 = CARTESIAN_POINT('',(9.211378662945,1.6937969171,29.744503477577)
  );
#4887 = CARTESIAN_POINT('',(9.257098220744,1.672210889369,
    29.733550150775));
#4888 = CARTESIAN_POINT('',(9.282316719397,1.661301145352,29.72816817621
    ));
#4889 = CARTESIAN_POINT('',(9.307925741848,1.65121125947,29.723300199706
    ));
#4890 = CARTESIAN_POINT('',(9.333880483735,1.641964262927,
    29.718906997858));
#4891 = CARTESIAN_POINT('',(9.360133913082,1.633578791514,
    29.714952147542));
#4892 = CARTESIAN_POINT('',(9.404610073062,1.620976268013,
    29.708994458674));
#4893 = CARTESIAN_POINT('',(9.422700279481,1.616285615206,
    29.706772807856));
#4894 = CARTESIAN_POINT('',(9.440893957394,1.612001086638,
    29.704726458841));
#4895 = CARTESIAN_POINT('',(9.459178050242,1.608125887275,
    29.702845627992));
#4896 = CARTESIAN_POINT('',(9.477539877062,1.604662467614,
    29.701121362658));
#4897 = CARTESIAN_POINT('',(9.544523299793,1.593575863594,
    29.695393221706));
#4898 = CARTESIAN_POINT('',(9.593522561683,1.588412196336,
    29.692272712479));
#4899 = CARTESIAN_POINT('',(9.642755336529,1.5861488444,29.690034033613)
  );
#4900 = CARTESIAN_POINT('',(9.692013497796,1.586793390179,
    29.688575882053));
#4901 = CARTESIAN_POINT('',(9.74109099174,1.590334973582,29.687846891332
    ));
#4902 = CARTESIAN_POINT('',(9.856715868904,1.605557277444,
    29.687846891332));
#4903 = CARTESIAN_POINT('',(9.922967685515,1.619795937789,
    29.689224457537));
#4904 = CARTESIAN_POINT('',(9.987992320549,1.639398668427,
    29.691980734642));
#4905 = CARTESIAN_POINT('',(10.051251363019,1.664233838015,
    29.696300018248));
#4906 = CARTESIAN_POINT('',(10.112222158462,1.69409530331,
    29.702540039116));
#4907 = CARTESIAN_POINT('',(10.193908474841,1.742674645269,
    29.71472962982));
#4908 = CARTESIAN_POINT('',(10.216952924439,1.757423450236,
    29.718634742716));
#4909 = CARTESIAN_POINT('',(10.239494889833,1.772917274224,
    29.722970398839));
#4910 = CARTESIAN_POINT('',(10.261494677507,1.789126796195,
    29.727772157732));
#4911 = CARTESIAN_POINT('',(10.282915751428,1.806019141103,
    29.733078325747));
#4912 = CARTESIAN_POINT('',(10.322063010151,1.839014198595,
    29.744086807046));
#4913 = CARTESIAN_POINT('',(10.339926215164,1.854972893656,
    29.749667184156));
#4914 = CARTESIAN_POINT('',(10.357284020614,1.871402531054,
    29.755697169005));
#4915 = CARTESIAN_POINT('',(10.374110113135,1.888269385671,
    29.76220275305));
#4916 = CARTESIAN_POINT('',(10.390382193464,1.905537441289,
    29.76920983757));
#4917 = CARTESIAN_POINT('',(10.434069896843,1.954598990996,
    29.790175761882));
#4918 = CARTESIAN_POINT('',(10.460254332666,1.987200256672,
    29.805289945717));
#4919 = CARTESIAN_POINT('',(10.48447409372,2.020698887193,
    29.822209842685));
#4920 = CARTESIAN_POINT('',(10.506638306789,2.054794376781,
    29.841033577805));
#4921 = CARTESIAN_POINT('',(10.526720479183,2.089176068892,
    29.861823277862));
#4922 = CARTESIAN_POINT('',(10.561768759557,2.155968356484,
    29.906081883367));
#4923 = CARTESIAN_POINT('',(10.576940978853,2.18834576684,
    29.929310672833));
#4924 = CARTESIAN_POINT('',(10.590300940673,2.220414130641,
    29.954284941371));
#4925 = CARTESIAN_POINT('',(10.601925149279,2.251917518329,
    29.980967675616));
#4926 = CARTESIAN_POINT('',(10.61192612658,2.282613972718,
    30.009275432602));
#4927 = CARTESIAN_POINT('',(10.624991438701,2.328130589227,
    30.054983685426));
#4928 = CARTESIAN_POINT('',(10.629117782548,2.343688118949,
    30.071324719683));
#4929 = CARTESIAN_POINT('',(10.63284505082,2.358930785417,
    30.088080743656));
#4930 = CARTESIAN_POINT('',(10.636196696664,2.373833018882,
    30.105235180963));
#4931 = CARTESIAN_POINT('',(10.639197253112,2.388372583299,
    30.122770728803));
#4932 = CARTESIAN_POINT('',(10.649291141681,2.441794987823,30.1903076887
    ));
#4933 = CARTESIAN_POINT('',(10.654193665908,2.478060648693,
    30.24265945084));
#4934 = CARTESIAN_POINT('',(10.657146456104,2.511027895379,
    30.297439917254));
#4935 = CARTESIAN_POINT('',(10.658679330995,2.540468575553,
    30.354316152752));
#4936 = CARTESIAN_POINT('',(10.659258262891,2.566221926086,
    30.412910578377));
#4937 = CARTESIAN_POINT('',(10.659258262891,2.588190451025,
    30.472804535713));
#4938 = PCURVE('',#445,#4939);
#4939 = DEFINITIONAL_REPRESENTATION('',(#4940),#5103);
#4940 = B_SPLINE_CURVE_WITH_KNOTS('',6,(#4941,#4942,#4943,#4944,#4945,
    #4946,#4947,#4948,#4949,#4950,#4951,#4952,#4953,#4954,#4955,#4956,
    #4957,#4958,#4959,#4960,#4961,#4962,#4963,#4964,#4965,#4966,#4967,
    #4968,#4969,#4970,#4971,#4972,#4973,#4974,#4975,#4976,#4977,#4978,
    #4979,#4980,#4981,#4982,#4983,#4984,#4985,#4986,#4987,#4988,#4989,
    #4990,#4991,#4992,#4993,#4994,#4995,#4996,#4997,#4998,#4999,#5000,
    #5001,#5002,#5003,#5004,#5005,#5006,#5007,#5008,#5009,#5010,#5011,
    #5012,#5013,#5014,#5015,#5016,#5017,#5018,#5019,#5020,#5021,#5022,
    #5023,#5024,#5025,#5026,#5027,#5028,#5029,#5030,#5031,#5032,#5033,
    #5034,#5035,#5036,#5037,#5038,#5039,#5040,#5041,#5042,#5043,#5044,
    #5045,#5046,#5047,#5048,#5049,#5050,#5051,#5052,#5053,#5054,#5055,
    #5056,#5057,#5058,#5059,#5060,#5061,#5062,#5063,#5064,#5065,#5066,
    #5067,#5068,#5069,#5070,#5071,#5072,#5073,#5074,#5075,#5076,#5077,
    #5078,#5079,#5080,#5081,#5082,#5083,#5084,#5085,#5086,#5087,#5088,
    #5089,#5090,#5091,#5092,#5093,#5094,#5095,#5096,#5097,#5098,#5099,
    #5100,#5101,#5102),.UNSPECIFIED.,.F.,.F.,(7,5,5,5,5,5,5,5,5,5,5,5,5,
    5,5,5,5,5,5,5,5,5,5,5,5,5,5,5,5,5,5,5,7),(0.,4.710888114306E-02,
    6.409543932013E-02,9.590940912354E-02,0.129622708179,0.148534133941,
    0.169993484181,0.223114167027,0.261760146213,0.27642644648,
    0.29805290361,0.316318969175,0.349347662272,0.383930533309,
    0.403144619818,0.4399628417,0.5,0.560037158299,0.596855380181,
    0.61606946669,0.650652337727,0.683681030825,0.701947096389,
    0.723573553519,0.738239853786,0.776885832973,0.830006515819,
    0.851465866059,0.870377291821,0.904090590876,0.93590456068,
    0.952891118857,1.),.UNSPECIFIED.);
#4941 = CARTESIAN_POINT('',(6.28318530718,13.627195464287));
#4942 = CARTESIAN_POINT('',(6.26121678224,13.687089421623));
#4943 = CARTESIAN_POINT('',(6.235463525912,13.745683847248));
#4944 = CARTESIAN_POINT('',(6.206003494776,13.802560082746));
#4945 = CARTESIAN_POINT('',(6.172946460574,13.85734054916));
#4946 = CARTESIAN_POINT('',(6.136401075444,13.9096923113));
#4947 = CARTESIAN_POINT('',(6.082033439009,13.977229271197));
#4948 = CARTESIAN_POINT('',(6.06718955307,13.994764819037));
#4949 = CARTESIAN_POINT('',(6.05191878665,14.011919256344));
#4950 = CARTESIAN_POINT('',(6.036231355274,14.028675280317));
#4951 = CARTESIAN_POINT('',(6.020139182695,14.045016314574));
#4952 = CARTESIAN_POINT('',(5.972784512818,14.090724567398));
#4953 = CARTESIAN_POINT('',(5.940520087669,14.119032324384));
#4954 = CARTESIAN_POINT('',(5.906979774104,14.145715058629));
#4955 = CARTESIAN_POINT('',(5.872286871883,14.170689327167));
#4956 = CARTESIAN_POINT('',(5.836567243379,14.193918116633));
#4957 = CARTESIAN_POINT('',(5.761137861578,14.238176722138));
#4958 = CARTESIAN_POINT('',(5.72136168742,14.258966422195));
#4959 = CARTESIAN_POINT('',(5.680767057689,14.277790157315));
#4960 = CARTESIAN_POINT('',(5.639508083523,14.294710054283));
#4961 = CARTESIAN_POINT('',(5.597747652755,14.309824238118));
#4962 = CARTESIAN_POINT('',(5.532054037494,14.33079016243));
#4963 = CARTESIAN_POINT('',(5.508336687172,14.33779724695));
#4964 = CARTESIAN_POINT('',(5.484526583761,14.344302830995));
#4965 = CARTESIAN_POINT('',(5.460640924886,14.350332815844));
#4966 = CARTESIAN_POINT('',(5.436697421623,14.355913192954));
#4967 = CARTESIAN_POINT('',(5.385499944298,14.366921674253));
#4968 = CARTESIAN_POINT('',(5.358234289416,14.372227842268));
#4969 = CARTESIAN_POINT('',(5.33092961842,14.377029601161));
#4970 = CARTESIAN_POINT('',(5.303598374643,14.381365257284));
#4971 = CARTESIAN_POINT('',(5.276253160181,14.38527037018));
#4972 = CARTESIAN_POINT('',(5.181213133093,14.397459960884));
#4973 = CARTESIAN_POINT('',(5.113545638146,14.403699981752));
#4974 = CARTESIAN_POINT('',(5.045921771597,14.408019265358));
#4975 = CARTESIAN_POINT('',(4.978341337853,14.410775542463));
#4976 = CARTESIAN_POINT('',(4.910797636609,14.412153108668));
#4977 = CARTESIAN_POINT('',(4.794175036938,14.412153108668));
#4978 = CARTESIAN_POINT('',(4.74505511981,14.411424117947));
#4979 = CARTESIAN_POINT('',(4.695921040508,14.409965966387));
#4980 = CARTESIAN_POINT('',(4.646764852812,14.407727287521));
#4981 = CARTESIAN_POINT('',(4.597580094724,14.404606778294));
#4982 = CARTESIAN_POINT('',(4.529685384257,14.398878637342));
#4983 = CARTESIAN_POINT('',(4.511004477339,14.397154372008));
#4984 = CARTESIAN_POINT('',(4.492321269725,14.395273541159));
#4985 = CARTESIAN_POINT('',(4.473636942957,14.393227192144));
#4986 = CARTESIAN_POINT('',(4.454953206156,14.391005541326));
#4987 = CARTESIAN_POINT('',(4.40872602362,14.385047852458));
#4988 = CARTESIAN_POINT('',(4.381181127308,14.381093002142));
#4989 = CARTESIAN_POINT('',(4.353650810378,14.376699800294));
#4990 = CARTESIAN_POINT('',(4.326148105476,14.37183182379));
#4991 = CARTESIAN_POINT('',(4.298685874597,14.366449849225));
#4992 = CARTESIAN_POINT('',(4.248126656263,14.355496522423));
#4993 = CARTESIAN_POINT('',(4.225014573769,14.35008469928));
#4994 = CARTESIAN_POINT('',(4.20195694182,14.344252911297));
#4995 = CARTESIAN_POINT('',(4.178969694277,14.337977765476));
#4996 = CARTESIAN_POINT('',(4.156068318652,14.331235948012));
#4997 = CARTESIAN_POINT('',(4.092040068035,14.310927824104));
#4998 = CARTESIAN_POINT('',(4.051120514003,14.296243032092));
#4999 = CARTESIAN_POINT('',(4.010673469508,14.279833628804));
#5000 = CARTESIAN_POINT('',(3.970850948959,14.261605721862));
#5001 = CARTESIAN_POINT('',(3.931796886046,14.241497713641));
#5002 = CARTESIAN_POINT('',(3.853710787523,14.196447255434));
#5003 = CARTESIAN_POINT('',(3.81481723677,14.171351208361));
#5004 = CARTESIAN_POINT('',(3.777129238621,14.144190757026));
#5005 = CARTESIAN_POINT('',(3.74080739451,14.115011641581));
#5006 = CARTESIAN_POINT('',(3.706008844273,14.083923972507));
#5007 = CARTESIAN_POINT('',(3.654476532952,14.032877912273));
#5008 = CARTESIAN_POINT('',(3.636581521089,14.014107735078));
#5009 = CARTESIAN_POINT('',(3.619211338865,13.994817928758));
#5010 = CARTESIAN_POINT('',(3.60238063685,13.975031412612));
#5011 = CARTESIAN_POINT('',(3.586104121611,13.954775054981));
#5012 = CARTESIAN_POINT('',(3.540297563174,13.89442297885));
#5013 = CARTESIAN_POINT('',(3.512299244257,13.853169936238));
#5014 = CARTESIAN_POINT('',(3.48644179674,13.810463618664));
#5015 = CARTESIAN_POINT('',(3.462775771318,13.766465470919));
#5016 = CARTESIAN_POINT('',(3.441352359448,13.721354339379));
#5017 = CARTESIAN_POINT('',(3.391005442502,13.6002691726));
#5018 = CARTESIAN_POINT('',(3.365844366243,13.522705786841));
#5019 = CARTESIAN_POINT('',(3.346845798328,13.443269082872));
#5020 = CARTESIAN_POINT('',(3.33413660732,13.36259110056));
#5021 = CARTESIAN_POINT('',(3.327782435628,13.281295262235));
#5022 = CARTESIAN_POINT('',(3.327782435628,13.118704737765));
#5023 = CARTESIAN_POINT('',(3.33413660732,13.03740889944));
#5024 = CARTESIAN_POINT('',(3.346845798328,12.956730917128));
#5025 = CARTESIAN_POINT('',(3.365844366243,12.877294213159));
#5026 = CARTESIAN_POINT('',(3.391005442502,12.7997308274));
#5027 = CARTESIAN_POINT('',(3.441352359448,12.678645660621));
#5028 = CARTESIAN_POINT('',(3.462775771318,12.633534529081));
#5029 = CARTESIAN_POINT('',(3.48644179674,12.589536381336));
#5030 = CARTESIAN_POINT('',(3.512299244257,12.546830063762));
#5031 = CARTESIAN_POINT('',(3.540297563174,12.50557702115));
#5032 = CARTESIAN_POINT('',(3.586104121611,12.445224945019));
#5033 = CARTESIAN_POINT('',(3.60238063685,12.424968587388));
#5034 = CARTESIAN_POINT('',(3.619211338865,12.405182071242));
#5035 = CARTESIAN_POINT('',(3.636581521089,12.385892264922));
#5036 = CARTESIAN_POINT('',(3.654476532952,12.367122087727));
#5037 = CARTESIAN_POINT('',(3.706008844273,12.316076027493));
#5038 = CARTESIAN_POINT('',(3.74080739451,12.284988358419));
#5039 = CARTESIAN_POINT('',(3.777129238621,12.255809242974));
#5040 = CARTESIAN_POINT('',(3.81481723677,12.228648791639));
#5041 = CARTESIAN_POINT('',(3.853710787523,12.203552744566));
#5042 = CARTESIAN_POINT('',(3.931796886046,12.158502286359));
#5043 = CARTESIAN_POINT('',(3.970850948959,12.138394278138));
#5044 = CARTESIAN_POINT('',(4.010673469508,12.120166371196));
#5045 = CARTESIAN_POINT('',(4.051120514003,12.103756967908));
#5046 = CARTESIAN_POINT('',(4.092040068035,12.089072175896));
#5047 = CARTESIAN_POINT('',(4.156068318652,12.068764051988));
#5048 = CARTESIAN_POINT('',(4.178969694277,12.062022234524));
#5049 = CARTESIAN_POINT('',(4.20195694182,12.055747088703));
#5050 = CARTESIAN_POINT('',(4.225014573769,12.04991530072));
#5051 = CARTESIAN_POINT('',(4.248126656263,12.044503477577));
#5052 = CARTESIAN_POINT('',(4.298685874597,12.033550150775));
#5053 = CARTESIAN_POINT('',(4.326148105476,12.02816817621));
#5054 = CARTESIAN_POINT('',(4.353650810378,12.023300199706));
#5055 = CARTESIAN_POINT('',(4.381181127308,12.018906997858));
#5056 = CARTESIAN_POINT('',(4.40872602362,12.014952147542));
#5057 = CARTESIAN_POINT('',(4.454953206156,12.008994458674));
#5058 = CARTESIAN_POINT('',(4.473636942957,12.006772807856));
#5059 = CARTESIAN_POINT('',(4.492321269725,12.004726458841));
#5060 = CARTESIAN_POINT('',(4.511004477339,12.002845627992));
#5061 = CARTESIAN_POINT('',(4.529685384257,12.001121362658));
#5062 = CARTESIAN_POINT('',(4.597580094724,11.995393221706));
#5063 = CARTESIAN_POINT('',(4.646764852812,11.992272712479));
#5064 = CARTESIAN_POINT('',(4.695921040508,11.990034033613));
#5065 = CARTESIAN_POINT('',(4.74505511981,11.988575882053));
#5066 = CARTESIAN_POINT('',(4.794175036938,11.987846891332));
#5067 = CARTESIAN_POINT('',(4.910797636609,11.987846891332));
#5068 = CARTESIAN_POINT('',(4.978341337853,11.989224457537));
#5069 = CARTESIAN_POINT('',(5.045921771597,11.991980734642));
#5070 = CARTESIAN_POINT('',(5.113545638146,11.996300018248));
#5071 = CARTESIAN_POINT('',(5.181213133093,12.002540039116));
#5072 = CARTESIAN_POINT('',(5.276253160181,12.01472962982));
#5073 = CARTESIAN_POINT('',(5.303598374643,12.018634742716));
#5074 = CARTESIAN_POINT('',(5.33092961842,12.022970398839));
#5075 = CARTESIAN_POINT('',(5.358234289416,12.027772157732));
#5076 = CARTESIAN_POINT('',(5.385499944298,12.033078325747));
#5077 = CARTESIAN_POINT('',(5.436697421623,12.044086807046));
#5078 = CARTESIAN_POINT('',(5.460640924886,12.049667184156));
#5079 = CARTESIAN_POINT('',(5.484526583761,12.055697169005));
#5080 = CARTESIAN_POINT('',(5.508336687172,12.06220275305));
#5081 = CARTESIAN_POINT('',(5.532054037494,12.06920983757));
#5082 = CARTESIAN_POINT('',(5.597747652755,12.090175761882));
#5083 = CARTESIAN_POINT('',(5.639508083523,12.105289945717));
#5084 = CARTESIAN_POINT('',(5.680767057689,12.122209842685));
#5085 = CARTESIAN_POINT('',(5.72136168742,12.141033577805));
#5086 = CARTESIAN_POINT('',(5.761137861578,12.161823277862));
#5087 = CARTESIAN_POINT('',(5.836567243379,12.206081883367));
#5088 = CARTESIAN_POINT('',(5.872286871883,12.229310672833));
#5089 = CARTESIAN_POINT('',(5.906979774104,12.254284941371));
#5090 = CARTESIAN_POINT('',(5.940520087669,12.280967675616));
#5091 = CARTESIAN_POINT('',(5.972784512818,12.309275432602));
#5092 = CARTESIAN_POINT('',(6.020139182695,12.354983685426));
#5093 = CARTESIAN_POINT('',(6.036231355274,12.371324719683));
#5094 = CARTESIAN_POINT('',(6.05191878665,12.388080743656));
#5095 = CARTESIAN_POINT('',(6.06718955307,12.405235180963));
#5096 = CARTESIAN_POINT('',(6.082033439009,12.422770728803));
#5097 = CARTESIAN_POINT('',(6.136401075444,12.4903076887));
#5098 = CARTESIAN_POINT('',(6.172946460574,12.54265945084));
#5099 = CARTESIAN_POINT('',(6.206003494776,12.597439917254));
#5100 = CARTESIAN_POINT('',(6.235463525912,12.654316152752));
#5101 = CARTESIAN_POINT('',(6.26121678224,12.712910578377));
#5102 = CARTESIAN_POINT('',(6.28318530718,12.772804535713));
#5103 = ( GEOMETRIC_REPRESENTATION_CONTEXT(2) 
PARAMETRIC_REPRESENTATION_CONTEXT() REPRESENTATION_CONTEXT('2D SPACE',''
  ) );
#5104 = PCURVE('',#370,#5105);
#5105 = DEFINITIONAL_REPRESENTATION('',(#5106),#5269);
#5106 = B_SPLINE_CURVE_WITH_KNOTS('',6,(#5107,#5108,#5109,#5110,#5111,
    #5112,#5113,#5114,#5115,#5116,#5117,#5118,#5119,#5120,#5121,#5122,
    #5123,#5124,#5125,#5126,#5127,#5128,#5129,#5130,#5131,#5132,#5133,
    #5134,#5135,#5136,#5137,#5138,#5139,#5140,#5141,#5142,#5143,#5144,
    #5145,#5146,#5147,#5148,#5149,#5150,#5151,#5152,#5153,#5154,#5155,
    #5156,#5157,#5158,#5159,#5160,#5161,#5162,#5163,#5164,#5165,#5166,
    #5167,#5168,#5169,#5170,#5171,#5172,#5173,#5174,#5175,#5176,#5177,
    #5178,#5179,#5180,#5181,#5182,#5183,#5184,#5185,#5186,#5187,#5188,
    #5189,#5190,#5191,#5192,#5193,#5194,#5195,#5196,#5197,#5198,#5199,
    #5200,#5201,#5202,#5203,#5204,#5205,#5206,#5207,#5208,#5209,#5210,
    #5211,#5212,#5213,#5214,#5215,#5216,#5217,#5218,#5219,#5220,#5221,
    #5222,#5223,#5224,#5225,#5226,#5227,#5228,#5229,#5230,#5231,#5232,
    #5233,#5234,#5235,#5236,#5237,#5238,#5239,#5240,#5241,#5242,#5243,
    #5244,#5245,#5246,#5247,#5248,#5249,#5250,#5251,#5252,#5253,#5254,
    #5255,#5256,#5257,#5258,#5259,#5260,#5261,#5262,#5263,#5264,#5265,
    #5266,#5267,#5268),.UNSPECIFIED.,.F.,.F.,(7,5,5,5,5,5,5,5,5,5,5,5,5,
    5,5,5,5,5,5,5,5,5,5,5,5,5,5,5,5,5,5,5,7),(0.,4.710888114306E-02,
    6.409543932013E-02,9.590940912354E-02,0.129622708179,0.148534133941,
    0.169993484181,0.223114167027,0.261760146213,0.27642644648,
    0.29805290361,0.316318969175,0.349347662272,0.383930533309,
    0.403144619818,0.4399628417,0.5,0.560037158299,0.596855380181,
    0.61606946669,0.650652337727,0.683681030825,0.701947096389,
    0.723573553519,0.738239853786,0.776885832973,0.830006515819,
    0.851465866059,0.870377291821,0.904090590876,0.93590456068,
    0.952891118857,1.),.UNSPECIFIED.);
#5107 = CARTESIAN_POINT('',(1.919581491339,8.905893475112));
#5108 = CARTESIAN_POINT('',(1.970566539131,8.903026007203));
#5109 = CARTESIAN_POINT('',(2.021579888215,8.899090541368));
#5110 = CARTESIAN_POINT('',(2.072505339717,8.893728000554));
#5111 = CARTESIAN_POINT('',(2.12323880734,8.88649738271));
#5112 = CARTESIAN_POINT('',(2.173669498176,8.876903181636));
#5113 = CARTESIAN_POINT('',(2.241687103087,8.859922624641));
#5114 = CARTESIAN_POINT('',(2.259645527633,8.85504994439));
#5115 = CARTESIAN_POINT('',(2.277524886407,8.84978184055));
#5116 = CARTESIAN_POINT('',(2.295311961029,8.844096892362));
#5117 = CARTESIAN_POINT('',(2.312991795475,8.837975184843));
#5118 = CARTESIAN_POINT('',(2.36342798212,8.819080537644));
#5119 = CARTESIAN_POINT('',(2.395896108661,8.805158428784));
#5120 = CARTESIAN_POINT('',(2.427810184257,8.789521649656));
#5121 = CARTESIAN_POINT('',(2.459036488516,8.772090222744));
#5122 = CARTESIAN_POINT('',(2.48944812691,8.7528217038));
#5123 = CARTESIAN_POINT('',(2.550158967771,8.709355123354));
#5124 = CARTESIAN_POINT('',(2.580307223801,8.684957045375));
#5125 = CARTESIAN_POINT('',(2.609232678443,8.658532095794));
#5126 = CARTESIAN_POINT('',(2.636800719362,8.630147089467));
#5127 = CARTESIAN_POINT('',(2.662885094513,8.599931346052));
#5128 = CARTESIAN_POINT('',(2.701112747614,8.550213579764));
#5129 = CARTESIAN_POINT('',(2.714353005725,8.531826775791));
#5130 = CARTESIAN_POINT('',(2.727083854455,8.512943066517));
#5131 = CARTESIAN_POINT('',(2.739293887699,8.493589261489));
#5132 = CARTESIAN_POINT('',(2.75097232266,8.473795850972));
#5133 = CARTESIAN_POINT('',(2.774746114541,8.430676783258));
#5134 = CARTESIAN_POINT('',(2.786686113848,8.407234076135));
#5135 = CARTESIAN_POINT('',(2.797920840226,8.383306732514));
#5136 = CARTESIAN_POINT('',(2.808442839977,8.358935266911));
#5137 = CARTESIAN_POINT('',(2.818245363249,8.334162860421));
#5138 = CARTESIAN_POINT('',(2.849791659468,8.246834505277));
#5139 = CARTESIAN_POINT('',(2.867805513106,8.182487620082));
#5140 = CARTESIAN_POINT('',(2.881343366878,8.116528127369));
#5141 = CARTESIAN_POINT('',(2.890376878104,8.049501117316));
#5142 = CARTESIAN_POINT('',(2.894888187565,7.981957576063));
#5143 = CARTESIAN_POINT('',(2.894888187565,7.865334976392));
#5144 = CARTESIAN_POINT('',(2.892500302238,7.816215077816));
#5145 = CARTESIAN_POINT('',(2.887723004619,7.767294196841));
#5146 = CARTESIAN_POINT('',(2.880559847418,7.718778041918));
#5147 = CARTESIAN_POINT('',(2.87101685273,7.670871969331));
#5148 = CARTESIAN_POINT('',(2.854577372204,7.605908691274));
#5149 = CARTESIAN_POINT('',(2.849713335836,7.588156019409));
#5150 = CARTESIAN_POINT('',(2.844508380115,7.570534164527));
#5151 = CARTESIAN_POINT('',(2.838963330093,7.55305537925));
#5152 = CARTESIAN_POINT('',(2.833079248378,7.535732190105));
#5153 = CARTESIAN_POINT('',(2.817682948391,7.493281489243));
#5154 = CARTESIAN_POINT('',(2.807772384907,7.468347185277));
#5155 = CARTESIAN_POINT('',(2.797131997275,7.443821465054));
#5156 = CARTESIAN_POINT('',(2.785768767248,7.419748525724));
#5157 = CARTESIAN_POINT('',(2.773690405741,7.396169782167));
#5158 = CARTESIAN_POINT('',(2.75010688439,7.353658903528));
#5159 = CARTESIAN_POINT('',(2.738804118102,7.334574026518));
#5160 = CARTESIAN_POINT('',(2.727006229281,7.315899818672));
#5161 = CARTESIAN_POINT('',(2.71472293473,7.297663663896));
#5162 = CARTESIAN_POINT('',(2.701964492734,7.279889747289));
#5163 = CARTESIAN_POINT('',(2.664832259598,7.231334031908));
#5164 = CARTESIAN_POINT('',(2.639391497718,7.201632167044));
#5165 = CARTESIAN_POINT('',(2.612522363212,7.173677164956));
#5166 = CARTESIAN_POINT('',(2.584342046887,7.147592383839));
#5167 = CARTESIAN_POINT('',(2.554975386381,7.123443988618));
#5168 = CARTESIAN_POINT('',(2.492689389732,7.077999594981));
#5169 = CARTESIAN_POINT('',(2.459708521135,7.056920824312));
#5170 = CARTESIAN_POINT('',(2.425759822718,7.038015202902));
#5171 = CARTESIAN_POINT('',(2.391004709377,7.021227658349));
#5172 = CARTESIAN_POINT('',(2.355614021313,7.006451509593));
#5173 = CARTESIAN_POINT('',(2.29985552742,6.98636539969));
#5174 = CARTESIAN_POINT('',(2.279795032144,6.979764826557));
#5175 = CARTESIAN_POINT('',(2.25960723251,6.973708356361));
#5176 = CARTESIAN_POINT('',(2.239310994605,6.968165654521));
#5177 = CARTESIAN_POINT('',(2.218925527244,6.963105317804));
#5178 = CARTESIAN_POINT('',(2.159274031059,6.949660297116));
#5179 = CARTESIAN_POINT('',(2.119837565626,6.942481498977));
#5180 = CARTESIAN_POINT('',(2.080224496131,6.936713005572));
#5181 = CARTESIAN_POINT('',(2.040490300705,6.932120855874));
#5182 = CARTESIAN_POINT('',(2.000688071155,6.928490705631));
#5183 = CARTESIAN_POINT('',(1.895952116939,6.920980829126));
#5184 = CARTESIAN_POINT('',(1.830941109255,6.918383277714));
#5185 = CARTESIAN_POINT('',(1.765906960581,6.917029811855));
#5186 = CARTESIAN_POINT('',(1.700869150478,6.9163279688));
#5187 = CARTESIAN_POINT('',(1.635832536583,6.915976721317));
#5188 = CARTESIAN_POINT('',(1.505760117007,6.915976721317));
#5189 = CARTESIAN_POINT('',(1.440723503112,6.9163279688));
#5190 = CARTESIAN_POINT('',(1.375685693009,6.917029811855));
#5191 = CARTESIAN_POINT('',(1.310651544335,6.918383277714));
#5192 = CARTESIAN_POINT('',(1.24564053665,6.920980829126));
#5193 = CARTESIAN_POINT('',(1.140904582435,6.928490705631));
#5194 = CARTESIAN_POINT('',(1.101102352885,6.932120855874));
#5195 = CARTESIAN_POINT('',(1.061368157458,6.936713005572));
#5196 = CARTESIAN_POINT('',(1.021755087963,6.942481498977));
#5197 = CARTESIAN_POINT('',(0.982318622531,6.949660297116));
#5198 = CARTESIAN_POINT('',(0.922667126346,6.963105317804));
#5199 = CARTESIAN_POINT('',(0.902281658985,6.968165654521));
#5200 = CARTESIAN_POINT('',(0.88198542108,6.973708356361));
#5201 = CARTESIAN_POINT('',(0.861797621446,6.979764826557));
#5202 = CARTESIAN_POINT('',(0.84173712617,6.98636539969));
#5203 = CARTESIAN_POINT('',(0.785978632277,7.006451509593));
#5204 = CARTESIAN_POINT('',(0.750587944213,7.021227658349));
#5205 = CARTESIAN_POINT('',(0.715832830872,7.038015202902));
#5206 = CARTESIAN_POINT('',(0.681884132455,7.056920824312));
#5207 = CARTESIAN_POINT('',(0.648903263858,7.077999594981));
#5208 = CARTESIAN_POINT('',(0.586617267209,7.123443988618));
#5209 = CARTESIAN_POINT('',(0.557250606703,7.147592383839));
#5210 = CARTESIAN_POINT('',(0.529070290378,7.173677164956));
#5211 = CARTESIAN_POINT('',(0.502201155872,7.201632167044));
#5212 = CARTESIAN_POINT('',(0.476760393992,7.231334031908));
#5213 = CARTESIAN_POINT('',(0.439628160856,7.279889747289));
#5214 = CARTESIAN_POINT('',(0.42686971886,7.297663663896));
#5215 = CARTESIAN_POINT('',(0.414586424309,7.315899818672));
#5216 = CARTESIAN_POINT('',(0.402788535488,7.334574026518));
#5217 = CARTESIAN_POINT('',(0.3914857692,7.353658903528));
#5218 = CARTESIAN_POINT('',(0.367902247849,7.396169782167));
#5219 = CARTESIAN_POINT('',(0.355823886342,7.419748525724));
#5220 = CARTESIAN_POINT('',(0.344460656315,7.443821465054));
#5221 = CARTESIAN_POINT('',(0.333820268683,7.468347185277));
#5222 = CARTESIAN_POINT('',(0.323909705199,7.493281489243));
#5223 = CARTESIAN_POINT('',(0.308513405212,7.535732190105));
#5224 = CARTESIAN_POINT('',(0.302629323497,7.55305537925));
#5225 = CARTESIAN_POINT('',(0.297084273475,7.570534164527));
#5226 = CARTESIAN_POINT('',(0.291879317754,7.588156019409));
#5227 = CARTESIAN_POINT('',(0.287015281386,7.605908691274));
#5228 = CARTESIAN_POINT('',(0.27057580086,7.670871969331));
#5229 = CARTESIAN_POINT('',(0.261032806172,7.718778041918));
#5230 = CARTESIAN_POINT('',(0.253869648971,7.767294196841));
#5231 = CARTESIAN_POINT('',(0.249092351352,7.816215077816));
#5232 = CARTESIAN_POINT('',(0.246704466025,7.865334976392));
#5233 = CARTESIAN_POINT('',(0.246704466025,7.981957576063));
#5234 = CARTESIAN_POINT('',(0.251215775486,8.049501117316));
#5235 = CARTESIAN_POINT('',(0.260249286712,8.116528127369));
#5236 = CARTESIAN_POINT('',(0.273787140484,8.182487620082));
#5237 = CARTESIAN_POINT('',(0.291800994122,8.246834505277));
#5238 = CARTESIAN_POINT('',(0.32334729034,8.334162860421));
#5239 = CARTESIAN_POINT('',(0.333149813613,8.358935266911));
#5240 = CARTESIAN_POINT('',(0.343671813364,8.383306732514));
#5241 = CARTESIAN_POINT('',(0.354906539742,8.407234076135));
#5242 = CARTESIAN_POINT('',(0.366846539049,8.430676783258));
#5243 = CARTESIAN_POINT('',(0.39062033093,8.473795850972));
#5244 = CARTESIAN_POINT('',(0.402298765891,8.493589261489));
#5245 = CARTESIAN_POINT('',(0.414508799135,8.512943066516));
#5246 = CARTESIAN_POINT('',(0.427239647864,8.531826775791));
#5247 = CARTESIAN_POINT('',(0.440479905976,8.550213579764));
#5248 = CARTESIAN_POINT('',(0.478707559077,8.599931346052));
#5249 = CARTESIAN_POINT('',(0.504791934227,8.630147089467));
#5250 = CARTESIAN_POINT('',(0.532359975147,8.658532095794));
#5251 = CARTESIAN_POINT('',(0.561285429789,8.684957045375));
#5252 = CARTESIAN_POINT('',(0.591433685818,8.709355123354));
#5253 = CARTESIAN_POINT('',(0.652144526679,8.7528217038));
#5254 = CARTESIAN_POINT('',(0.682556165074,8.772090222744));
#5255 = CARTESIAN_POINT('',(0.713782469333,8.789521649656));
#5256 = CARTESIAN_POINT('',(0.745696544929,8.805158428784));
#5257 = CARTESIAN_POINT('',(0.77816467147,8.819080537644));
#5258 = CARTESIAN_POINT('',(0.828600858115,8.837975184843));
#5259 = CARTESIAN_POINT('',(0.84628069256,8.844096892362));
#5260 = CARTESIAN_POINT('',(0.864067767182,8.84978184055));
#5261 = CARTESIAN_POINT('',(0.881947125957,8.85504994439));
#5262 = CARTESIAN_POINT('',(0.899905550503,8.859922624641));
#5263 = CARTESIAN_POINT('',(0.967923155413,8.876903181636));
#5264 = CARTESIAN_POINT('',(1.01835384625,8.88649738271));
#5265 = CARTESIAN_POINT('',(1.069087313873,8.893728000554));
#5266 = CARTESIAN_POINT('',(1.120012765374,8.899090541368));
#5267 = CARTESIAN_POINT('',(1.171026114459,8.903026007203));
#5268 = CARTESIAN_POINT('',(1.222011162251,8.905893475112));
#5269 = ( GEOMETRIC_REPRESENTATION_CONTEXT(2) 
PARAMETRIC_REPRESENTATION_CONTEXT() REPRESENTATION_CONTEXT('2D SPACE',''
  ) );
#5270 = ORIENTED_EDGE('',*,*,#430,.T.);
#5271 = ADVANCED_FACE('',(#5272),#370,.F.);
#5272 = FACE_BOUND('',#5273,.F.);
#5273 = EDGE_LOOP('',(#5274,#5275,#5298,#5488,#5604,#5634,#5635,#5636,
    #6016,#6017));
#5274 = ORIENTED_EDGE('',*,*,#556,.F.);
#5275 = ORIENTED_EDGE('',*,*,#5276,.F.);
#5276 = EDGE_CURVE('',#5277,#557,#5279,.T.);
#5277 = VERTEX_POINT('',#5278);
#5278 = CARTESIAN_POINT('',(3.073479070259,0.404631195882,29.65));
#5279 = SEAM_CURVE('',#5280,(#5284,#5291),.PCURVE_S1.);
#5280 = LINE('',#5281,#5282);
#5281 = CARTESIAN_POINT('',(1.982889722748,0.26105238444,29.65));
#5282 = VECTOR('',#5283,1.);
#5283 = DIRECTION('',(0.991444861374,0.13052619222,0.));
#5284 = PCURVE('',#370,#5285);
#5285 = DEFINITIONAL_REPRESENTATION('',(#5286),#5290);
#5286 = LINE('',#5287,#5288);
#5287 = CARTESIAN_POINT('',(0.,-0.));
#5288 = VECTOR('',#5289,1.);
#5289 = DIRECTION('',(0.,1.));
#5290 = ( GEOMETRIC_REPRESENTATION_CONTEXT(2) 
PARAMETRIC_REPRESENTATION_CONTEXT() REPRESENTATION_CONTEXT('2D SPACE',''
  ) );
#5291 = PCURVE('',#370,#5292);
#5292 = DEFINITIONAL_REPRESENTATION('',(#5293),#5297);
#5293 = LINE('',#5294,#5295);
#5294 = CARTESIAN_POINT('',(6.28318530718,-0.));
#5295 = VECTOR('',#5296,1.);
#5296 = DIRECTION('',(0.,1.));
#5297 = ( GEOMETRIC_REPRESENTATION_CONTEXT(2) 
PARAMETRIC_REPRESENTATION_CONTEXT() REPRESENTATION_CONTEXT('2D SPACE',''
  ) );
#5298 = ORIENTED_EDGE('',*,*,#5299,.T.);
#5299 = EDGE_CURVE('',#5277,#5300,#5302,.T.);
#5300 = VERTEX_POINT('',#5301);
#5301 = CARTESIAN_POINT('',(3.1,-7.592810154714E-16,32.082697592506));
#5302 = SURFACE_CURVE('',#5303,(#5361,#5422),.PCURVE_S1.);
#5303 = B_SPLINE_CURVE_WITH_KNOTS('',6,(#5304,#5305,#5306,#5307,#5308,
    #5309,#5310,#5311,#5312,#5313,#5314,#5315,#5316,#5317,#5318,#5319,
    #5320,#5321,#5322,#5323,#5324,#5325,#5326,#5327,#5328,#5329,#5330,
    #5331,#5332,#5333,#5334,#5335,#5336,#5337,#5338,#5339,#5340,#5341,
    #5342,#5343,#5344,#5345,#5346,#5347,#5348,#5349,#5350,#5351,#5352,
    #5353,#5354,#5355,#5356,#5357,#5358,#5359,#5360),.UNSPECIFIED.,.F.,
  .F.,(7,5,5,5,5,5,5,5,5,5,5,7),(0.,0.131315328766,0.186058868921,
    0.226865164753,0.354751951694,0.457197495204,0.560047499702,
    0.687016475244,0.727103611368,0.783171952222,0.914404968034,1.),
  .UNSPECIFIED.);
#5304 = CARTESIAN_POINT('',(3.073479070259,0.404631195882,29.65));
#5305 = CARTESIAN_POINT('',(3.059549174073,0.510439262126,29.65));
#5306 = CARTESIAN_POINT('',(3.041324065159,0.61509531702,29.660933824192
    ));
#5307 = CARTESIAN_POINT('',(3.019130428811,0.716810246034,
    29.682577965165));
#5308 = CARTESIAN_POINT('',(2.993735312049,0.813906202543,
    29.714188134188));
#5309 = CARTESIAN_POINT('',(2.966297670232,0.904935524408,
    29.754507911336));
#5310 = CARTESIAN_POINT('',(2.92630613499,1.023764250985,29.821366668094
    ));
#5311 = CARTESIAN_POINT('',(2.914369707057,1.057579390259,
    29.842286635484));
#5312 = CARTESIAN_POINT('',(2.902329651427,1.090225692954,
    29.864373978879));
#5313 = CARTESIAN_POINT('',(2.890250422169,1.121685990963,
    29.887549596735));
#5314 = CARTESIAN_POINT('',(2.878194716047,1.151947305897,
    29.911736226884));
#5315 = CARTESIAN_POINT('',(2.857300006793,1.202657604844,
    29.955584760611));
#5316 = CARTESIAN_POINT('',(2.848422045612,1.223646363877,
    29.974833666035));
#5317 = CARTESIAN_POINT('',(2.839613377447,1.243966334589,
    29.994576793104));
#5318 = CARTESIAN_POINT('',(2.830896656564,1.263617727236,30.01478749831
    ));
#5319 = CARTESIAN_POINT('',(2.822293403025,1.282601753919,
    30.035440864333));
#5320 = CARTESIAN_POINT('',(2.787280931966,1.358331917075,
    30.122555892684));
#5321 = CARTESIAN_POINT('',(2.762046050107,1.409223010247,
    30.192733891152));
#5322 = CARTESIAN_POINT('',(2.738753185669,1.453639908503,
    30.266326450998));
#5323 = CARTESIAN_POINT('',(2.717945000352,1.491652162829,
    30.342721769196));
#5324 = CARTESIAN_POINT('',(2.700064576805,1.523321188968,
    30.421390605231));
#5325 = CARTESIAN_POINT('',(2.673737392198,1.568973473731,
    30.566320085236));
#5326 = CARTESIAN_POINT('',(2.664123528436,1.585218250018,
    30.631924411198));
#5327 = CARTESIAN_POINT('',(2.656786904429,1.597400478901,
    30.698376141005));
#5328 = CARTESIAN_POINT('',(2.651852345191,1.605521969793,
    30.765389522389));
#5329 = CARTESIAN_POINT('',(2.649384533813,1.609584291671,
    30.832687512413));
#5330 = CARTESIAN_POINT('',(2.649384533813,1.609584291671,
    30.967578241218));
#5331 = CARTESIAN_POINT('',(2.651871866888,1.605489830395,
    31.035141701818));
#5332 = CARTESIAN_POINT('',(2.656845443929,1.59730413445,31.10241718278)
  );
#5333 = CARTESIAN_POINT('',(2.664239556264,1.585025588485,
    31.169124418902));
#5334 = CARTESIAN_POINT('',(2.673927432978,1.568652319434,
    31.234974261577));
#5335 = CARTESIAN_POINT('',(2.700288719643,1.522921944915,
    31.379530281947));
#5336 = CARTESIAN_POINT('',(2.718064645115,1.491425599519,31.45761339005
    ));
#5337 = CARTESIAN_POINT('',(2.738723621138,1.453676285903,
    31.533452268186));
#5338 = CARTESIAN_POINT('',(2.761831835991,1.409614036317,
    31.606528738627));
#5339 = CARTESIAN_POINT('',(2.786858729724,1.359170928992,
    31.676244432752));
#5340 = CARTESIAN_POINT('',(2.821496968893,1.284346652319,
    31.762622267112));
#5341 = CARTESIAN_POINT('',(2.829939004207,1.265749826019,
    31.782945991007));
#5342 = CARTESIAN_POINT('',(2.838491918774,1.246509064064,
    31.802844094823));
#5343 = CARTESIAN_POINT('',(2.847135368321,1.22662317437,31.82229304221)
  );
#5344 = CARTESIAN_POINT('',(2.85584795559,1.206091873027,31.841267697525
    ));
#5345 = CARTESIAN_POINT('',(2.876858492216,1.155297600615,
    31.885579681689));
#5346 = CARTESIAN_POINT('',(2.889203875765,1.124412030459,
    31.910443297333));
#5347 = CARTESIAN_POINT('',(2.901578155944,1.092268109469,
    31.934251478766));
#5348 = CARTESIAN_POINT('',(2.913914142728,1.058879447822,31.95692146265
    ));
#5349 = CARTESIAN_POINT('',(2.926142681113,1.02426423023,31.978368416311
    ));
#5350 = CARTESIAN_POINT('',(2.966396694254,0.904607577862,
    32.045637955121));
#5351 = CARTESIAN_POINT('',(2.993808711279,0.81362550249,32.085903097656
    ));
#5352 = CARTESIAN_POINT('',(3.019177694848,0.716592208397,
    32.117467657014));
#5353 = CARTESIAN_POINT('',(3.04134912811,0.614949800279,32.139080700288
    ));
#5354 = CARTESIAN_POINT('',(3.059558429025,0.510368963785,32.15));
#5355 = CARTESIAN_POINT('',(3.082558627899,0.335665108594,32.15));
#5356 = CARTESIAN_POINT('',(3.089770220131,0.266540182404,32.14535449436
    ));
#5357 = CARTESIAN_POINT('',(3.095044627118,0.197836166696,
    32.136086518489));
#5358 = CARTESIAN_POINT('',(3.098414129168,0.130137316265,
    32.122345350643));
#5359 = CARTESIAN_POINT('',(3.1,6.401328173725E-02,32.104410816296));
#5360 = CARTESIAN_POINT('',(3.1,7.771561172376E-16,32.082697592506));
#5361 = PCURVE('',#370,#5362);
#5362 = DEFINITIONAL_REPRESENTATION('',(#5363),#5421);
#5363 = B_SPLINE_CURVE_WITH_KNOTS('',6,(#5364,#5365,#5366,#5367,#5368,
    #5369,#5370,#5371,#5372,#5373,#5374,#5375,#5376,#5377,#5378,#5379,
    #5380,#5381,#5382,#5383,#5384,#5385,#5386,#5387,#5388,#5389,#5390,
    #5391,#5392,#5393,#5394,#5395,#5396,#5397,#5398,#5399,#5400,#5401,
    #5402,#5403,#5404,#5405,#5406,#5407,#5408,#5409,#5410,#5411,#5412,
    #5413,#5414,#5415,#5416,#5417,#5418,#5419,#5420),.UNSPECIFIED.,.F.,
  .F.,(7,5,5,5,5,5,5,5,5,5,5,7),(0.,0.131315328766,0.186058868921,
    0.226865164753,0.354751951694,0.457197495204,0.560047499702,
    0.687016475244,0.727103611368,0.783171952222,0.914404968034,1.),
  .UNSPECIFIED.);
#5364 = CARTESIAN_POINT('',(0.,1.1));
#5365 = CARTESIAN_POINT('',(8.537686390098E-02,1.1));
#5366 = CARTESIAN_POINT('',(0.170288339507,1.095591165758));
#5367 = CARTESIAN_POINT('',(0.254402682382,1.086863861421));
#5368 = CARTESIAN_POINT('',(0.337363755141,1.074359568887));
#5369 = CARTESIAN_POINT('',(0.41872088379,1.059038370663));
#5370 = CARTESIAN_POINT('',(0.530740837391,1.034899229754));
#5371 = CARTESIAN_POINT('',(0.563392979024,1.027478680986));
#5372 = CARTESIAN_POINT('',(0.595750195855,1.019802827282));
#5373 = CARTESIAN_POINT('',(0.627823102581,1.011933330409));
#5374 = CARTESIAN_POINT('',(0.659620701756,1.003930656735));
#5375 = CARTESIAN_POINT('',(0.714652874291,0.989833726843));
#5376 = CARTESIAN_POINT('',(0.738009997474,0.983771300646));
#5377 = CARTESIAN_POINT('',(0.761228132805,0.977690280262));
#5378 = CARTESIAN_POINT('',(0.784314000097,0.971613153588));
#5379 = CARTESIAN_POINT('',(0.807274659505,0.965561414792));
#5380 = CARTESIAN_POINT('',(0.901706929055,0.94073325011));
#5381 = CARTESIAN_POINT('',(0.972156502365,0.922356876772));
#5382 = CARTESIAN_POINT('',(1.041679691868,0.905060854619));
#5383 = CARTESIAN_POINT('',(1.11047206548,0.889392281027));
#5384 = CARTESIAN_POINT('',(1.178724520331,0.875798464375));
#5385 = CARTESIAN_POINT('',(1.301038372684,0.855655331378));
#5386 = CARTESIAN_POINT('',(1.35521206763,0.848244084346));
#5387 = CARTESIAN_POINT('',(1.409216218518,0.842560326123));
#5388 = CARTESIAN_POINT('',(1.463107918739,0.838728050004));
#5389 = CARTESIAN_POINT('',(1.516946336726,0.836811590501));
#5390 = CARTESIAN_POINT('',(1.62485891977,0.836811590501));
#5391 = CARTESIAN_POINT('',(1.678909714879,0.838743209657));
#5392 = CARTESIAN_POINT('',(1.733014434888,0.842605789335));
#5393 = CARTESIAN_POINT('',(1.787233004698,0.848333972163));
#5394 = CARTESIAN_POINT('',(1.841623238198,0.855801827286));
#5395 = CARTESIAN_POINT('',(1.963674846393,0.875968577834));
#5396 = CARTESIAN_POINT('',(2.031443113869,0.889481329766));
#5397 = CARTESIAN_POINT('',(2.099744457155,0.90503629122));
#5398 = CARTESIAN_POINT('',(2.168765781747,0.922195534432));
#5399 = CARTESIAN_POINT('',(2.23869852075,0.940424172897));
#5400 = CARTESIAN_POINT('',(2.332184472261,0.964999549208));
#5401 = CARTESIAN_POINT('',(2.35473090338,0.970941988815));
#5402 = CARTESIAN_POINT('',(2.377397692242,0.97691030862));
#5403 = CARTESIAN_POINT('',(2.400191545673,0.982884182797));
#5404 = CARTESIAN_POINT('',(2.423118865035,0.988842360088));
#5405 = CARTESIAN_POINT('',(2.47844850885,1.003043165696));
#5406 = CARTESIAN_POINT('',(2.510991131772,1.011251556911));
#5407 = CARTESIAN_POINT('',(2.543821638351,1.019324349797));
#5408 = CARTESIAN_POINT('',(2.576949810413,1.027196705636));
#5409 = CARTESIAN_POINT('',(2.610387188249,1.034802434635));
#5410 = CARTESIAN_POINT('',(2.723165124453,1.059093741906));
#5411 = CARTESIAN_POINT('',(2.804468637406,1.074395701467));
#5412 = CARTESIAN_POINT('',(2.887370072146,1.086882263469));
#5413 = CARTESIAN_POINT('',(2.971422351397,1.095597020545));
#5414 = CARTESIAN_POINT('',(3.056272513642,1.1));
#5415 = CARTESIAN_POINT('',(3.19724160794,1.1));
#5416 = CARTESIAN_POINT('',(3.252821590312,1.098127282658));
#5417 = CARTESIAN_POINT('',(3.308175316535,1.094388892801));
#5418 = CARTESIAN_POINT('',(3.36314969962,1.088893095129));
#5419 = CARTESIAN_POINT('',(3.417573557672,1.081834480175));
#5420 = CARTESIAN_POINT('',(3.471235321795,1.073479070259));
#5421 = ( GEOMETRIC_REPRESENTATION_CONTEXT(2) 
PARAMETRIC_REPRESENTATION_CONTEXT() REPRESENTATION_CONTEXT('2D SPACE',''
  ) );
#5422 = PCURVE('',#5423,#5428);
#5423 = CYLINDRICAL_SURFACE('',#5424,3.1);
#5424 = AXIS2_PLACEMENT_3D('',#5425,#5426,#5427);
#5425 = CARTESIAN_POINT('',(0.,0.,23.39));
#5426 = DIRECTION('',(0.,0.,1.));
#5427 = DIRECTION('',(1.,0.,-0.));
#5428 = DEFINITIONAL_REPRESENTATION('',(#5429),#5487);
#5429 = B_SPLINE_CURVE_WITH_KNOTS('',6,(#5430,#5431,#5432,#5433,#5434,
    #5435,#5436,#5437,#5438,#5439,#5440,#5441,#5442,#5443,#5444,#5445,
    #5446,#5447,#5448,#5449,#5450,#5451,#5452,#5453,#5454,#5455,#5456,
    #5457,#5458,#5459,#5460,#5461,#5462,#5463,#5464,#5465,#5466,#5467,
    #5468,#5469,#5470,#5471,#5472,#5473,#5474,#5475,#5476,#5477,#5478,
    #5479,#5480,#5481,#5482,#5483,#5484,#5485,#5486),.UNSPECIFIED.,.F.,
  .F.,(7,5,5,5,5,5,5,5,5,5,5,7),(0.,0.131315328766,0.186058868921,
    0.226865164753,0.354751951694,0.457197495204,0.560047499702,
    0.687016475244,0.727103611368,0.783171952222,0.914404968034,1.),
  .UNSPECIFIED.);
#5430 = CARTESIAN_POINT('',(0.1308996939,6.26));
#5431 = CARTESIAN_POINT('',(0.165325848698,6.26));
#5432 = CARTESIAN_POINT('',(0.199564480525,6.270933824192));
#5433 = CARTESIAN_POINT('',(0.233102634683,6.292577965165));
#5434 = CARTESIAN_POINT('',(0.265442432376,6.324188134188));
#5435 = CARTESIAN_POINT('',(0.29609609476,6.364507911336));
#5436 = CARTESIAN_POINT('',(0.336540541765,6.431366668094));
#5437 = CARTESIAN_POINT('',(0.348107063274,6.452286635484));
#5438 = CARTESIAN_POINT('',(0.359329897036,6.474373978879));
#5439 = CARTESIAN_POINT('',(0.370199373793,6.497549596735));
#5440 = CARTESIAN_POINT('',(0.38070651656,6.521736226884));
#5441 = CARTESIAN_POINT('',(0.398398891015,6.565584760611));
#5442 = CARTESIAN_POINT('',(0.405749922245,6.584833666035));
#5443 = CARTESIAN_POINT('',(0.412893733735,6.604576793104));
#5444 = CARTESIAN_POINT('',(0.419828181317,6.62478749831));
#5445 = CARTESIAN_POINT('',(0.42655137723,6.645440864333));
#5446 = CARTESIAN_POINT('',(0.453464987706,6.732555892684));
#5447 = CARTESIAN_POINT('',(0.471782107115,6.802733891152));
#5448 = CARTESIAN_POINT('',(0.487955835494,6.876326450998));
#5449 = CARTESIAN_POINT('',(0.501933008114,6.952721769196));
#5450 = CARTESIAN_POINT('',(0.513664116149,7.031390605231));
#5451 = CARTESIAN_POINT('',(0.530663999093,7.176320085236));
#5452 = CARTESIAN_POINT('',(0.536752805286,7.241924411198));
#5453 = CARTESIAN_POINT('',(0.541340060594,7.308376141005));
#5454 = CARTESIAN_POINT('',(0.54440564687,7.375389522389));
#5455 = CARTESIAN_POINT('',(0.54593889807,7.442687512413));
#5456 = CARTESIAN_POINT('',(0.54593889807,7.577578241218));
#5457 = CARTESIAN_POINT('',(0.544393517273,7.645141701818));
#5458 = CARTESIAN_POINT('',(0.541303693375,7.71241718278));
#5459 = CARTESIAN_POINT('',(0.536680257585,7.779124418902));
#5460 = CARTESIAN_POINT('',(0.530543629493,7.844974261577));
#5461 = CARTESIAN_POINT('',(0.513516429033,7.989530281947));
#5462 = CARTESIAN_POINT('',(0.50185039453,8.06761339005));
#5463 = CARTESIAN_POINT('',(0.487970709247,8.143452268186));
#5464 = CARTESIAN_POINT('',(0.471925842503,8.216528738627));
#5465 = CARTESIAN_POINT('',(0.45376780842,8.286244432752));
#5466 = CARTESIAN_POINT('',(0.427170100163,8.372622267112));
#5467 = CARTESIAN_POINT('',(0.420582125178,8.392945991007));
#5468 = CARTESIAN_POINT('',(0.413790163955,8.412844094823));
#5469 = CARTESIAN_POINT('',(0.406795995327,8.43229304221));
#5470 = CARTESIAN_POINT('',(0.399601630263,8.451267697525));
#5471 = CARTESIAN_POINT('',(0.381869959451,8.495579681689));
#5472 = CARTESIAN_POINT('',(0.371141193942,8.520443297333));
#5473 = CARTESIAN_POINT('',(0.360031816855,8.544251478766));
#5474 = CARTESIAN_POINT('',(0.348551386734,8.56692146265));
#5475 = CARTESIAN_POINT('',(0.336710219153,8.588368416311));
#5476 = CARTESIAN_POINT('',(0.295985642321,8.655637955121));
#5477 = CARTESIAN_POINT('',(0.265348945822,8.695903097656));
#5478 = CARTESIAN_POINT('',(0.233030763859,8.727467657014));
#5479 = CARTESIAN_POINT('',(0.19951688695,8.749080700288));
#5480 = CARTESIAN_POINT('',(0.165302976136,8.76));
#5481 = CARTESIAN_POINT('',(0.108460599404,8.76));
#5482 = CARTESIAN_POINT('',(8.604940177142E-02,8.75535449436));
#5483 = CARTESIAN_POINT('',(6.38338862633E-02,8.746086518489));
#5484 = CARTESIAN_POINT('',(4.197981836983E-02,8.732345350643));
#5485 = CARTESIAN_POINT('',(2.064944572169E-02,8.714410816296));
#5486 = CARTESIAN_POINT('',(0.,8.692697592506));
#5487 = ( GEOMETRIC_REPRESENTATION_CONTEXT(2) 
PARAMETRIC_REPRESENTATION_CONTEXT() REPRESENTATION_CONTEXT('2D SPACE',''
  ) );
#5488 = ORIENTED_EDGE('',*,*,#5489,.T.);
#5489 = EDGE_CURVE('',#5300,#5490,#5492,.T.);
#5490 = VERTEX_POINT('',#5491);
#5491 = CARTESIAN_POINT('',(3.1,-7.592810154714E-16,29.717302407494));
#5492 = SURFACE_CURVE('',#5493,(#5528,#5566),.PCURVE_S1.);
#5493 = B_SPLINE_CURVE_WITH_KNOTS('',5,(#5494,#5495,#5496,#5497,#5498,
    #5499,#5500,#5501,#5502,#5503,#5504,#5505,#5506,#5507,#5508,#5509,
    #5510,#5511,#5512,#5513,#5514,#5515,#5516,#5517,#5518,#5519,#5520,
    #5521,#5522,#5523,#5524,#5525,#5526,#5527),.UNSPECIFIED.,.F.,.F.,(6,
    4,4,4,4,4,4,4,6),(0.,9.811291800712E-02,0.162540686315,
    0.362591617171,0.50000174503,0.63840167375,0.836916275445,
    0.901573481201,1.),.UNSPECIFIED.);
#5494 = CARTESIAN_POINT('',(3.1,4.440892098501E-16,32.082697592506));
#5495 = CARTESIAN_POINT('',(3.1,-6.519285597806E-02,32.060584258632));
#5496 = CARTESIAN_POINT('',(3.098286260147,-0.128150770751,
    32.03437324336));
#5497 = CARTESIAN_POINT('',(3.095093699696,-0.188541630849,
    32.004450462811));
#5498 = CARTESIAN_POINT('',(3.090701861049,-0.246082696962,
    31.971225251446));
#5499 = CARTESIAN_POINT('',(3.081912349621,-0.336314768159,
    31.911444930892));
#5500 = CARTESIAN_POINT('',(3.078032365442,-0.370774266608,
    31.886503392466));
#5501 = CARTESIAN_POINT('',(3.073833412504,-0.403895314559,
    31.860415714404));
#5502 = CARTESIAN_POINT('',(3.069389369566,-0.435652064333,
    31.833275619612));
#5503 = CARTESIAN_POINT('',(3.05043060144,-0.560332771726,
    31.717904310953));
#5504 = CARTESIAN_POINT('',(3.034401379698,-0.641335772626,
    31.621299702006));
#5505 = CARTESIAN_POINT('',(3.018761481478,-0.708597098333,
    31.517798405929));
#5506 = CARTESIAN_POINT('',(3.005167575382,-0.761986491794,
    31.409174187471));
#5507 = CARTESIAN_POINT('',(2.987426245044,-0.828290725154,
    31.219765995418));
#5508 = CARTESIAN_POINT('',(2.98165634312,-0.848635093651,
    31.140942354063));
#5509 = CARTESIAN_POINT('',(2.977685595278,-0.862228099596,
    31.061006442957));
#5510 = CARTESIAN_POINT('',(2.975700014363,-0.869027861763,
    30.980513926724));
#5511 = CARTESIAN_POINT('',(2.975700014363,-0.869027861763,
    30.818906110538));
#5512 = CARTESIAN_POINT('',(2.97771429641,-0.86212978917,30.737834392004
    ));
#5513 = CARTESIAN_POINT('',(2.981742426723,-0.848340441072,
    30.657331242437));
#5514 = CARTESIAN_POINT('',(2.987592958828,-0.827702757967,
    30.577964258421));
#5515 = CARTESIAN_POINT('',(3.005408079263,-0.761035784771,
    30.38898256907));
#5516 = CARTESIAN_POINT('',(3.018919356896,-0.707889913584,
    30.281258131007));
#5517 = CARTESIAN_POINT('',(3.034431854222,-0.64108556751,
    30.178591972844));
#5518 = CARTESIAN_POINT('',(3.050326561744,-0.560751198615,
    30.082719053482));
#5519 = CARTESIAN_POINT('',(3.069215842056,-0.436877410185,
    29.96778344928));
#5520 = CARTESIAN_POINT('',(3.073682825962,-0.405049014435,
    29.940514939758));
#5521 = CARTESIAN_POINT('',(3.077904580631,-0.371846049165,
    29.914304350387));
#5522 = CARTESIAN_POINT('',(3.081806479688,-0.337294546092,
    29.889246315425));
#5523 = CARTESIAN_POINT('',(3.090645067501,-0.246825458448,
    29.829203997154));
#5524 = CARTESIAN_POINT('',(3.09506280534,-0.189125729562,
    29.795838970718));
#5525 = CARTESIAN_POINT('',(3.098275277776,-0.12855553541,
    29.765795169625));
#5526 = CARTESIAN_POINT('',(3.1,-6.540141216215E-02,29.73948648336));
#5527 = CARTESIAN_POINT('',(3.1,0.,29.717302407494));
#5528 = PCURVE('',#370,#5529);
#5529 = DEFINITIONAL_REPRESENTATION('',(#5530),#5565);
#5530 = B_SPLINE_CURVE_WITH_KNOTS('',5,(#5531,#5532,#5533,#5534,#5535,
    #5536,#5537,#5538,#5539,#5540,#5541,#5542,#5543,#5544,#5545,#5546,
    #5547,#5548,#5549,#5550,#5551,#5552,#5553,#5554,#5555,#5556,#5557,
    #5558,#5559,#5560,#5561,#5562,#5563,#5564),.UNSPECIFIED.,.F.,.F.,(6,
    4,4,4,4,4,4,4,6),(0.,9.811291800712E-02,0.162540686315,
    0.362591617171,0.50000174503,0.63840167375,0.836916275445,
    0.901573481201,1.),.UNSPECIFIED.);
#5531 = CARTESIAN_POINT('',(3.471235321795,1.073479070259));
#5532 = CARTESIAN_POINT('',(3.525885912502,1.064969695008));
#5533 = CARTESIAN_POINT('',(3.57975119539,1.055052959551));
#5534 = CARTESIAN_POINT('',(3.632844827085,1.044005122884));
#5535 = CARTESIAN_POINT('',(3.685159086741,1.03214024077));
#5536 = CARTESIAN_POINT('',(3.770473932514,1.011648276161));
#5537 = CARTESIAN_POINT('',(3.803957334372,1.003303618666));
#5538 = CARTESIAN_POINT('',(3.837128209521,0.994817424082));
#5539 = CARTESIAN_POINT('',(3.870005751614,0.986266312921));
#5540 = CARTESIAN_POINT('',(4.003836212881,0.951195641706));
#5541 = CARTESIAN_POINT('',(4.102448611513,0.924730538912));
#5542 = CARTESIAN_POINT('',(4.19915840209,0.90044507746));
#5543 = CARTESIAN_POINT('',(4.294555216072,0.879998754882));
#5544 = CARTESIAN_POINT('',(4.454350529893,0.853754764976));
#5545 = CARTESIAN_POINT('',(4.519078523651,0.84537875241));
#5546 = CARTESIAN_POINT('',(4.583583787859,0.83966773156));
#5547 = CARTESIAN_POINT('',(4.647977839005,0.836811590501));
#5548 = CARTESIAN_POINT('',(4.777264091954,0.836811590501));
#5549 = CARTESIAN_POINT('',(4.842121506725,0.839709019235));
#5550 = CARTESIAN_POINT('',(4.907092670231,0.845502559435));
#5551 = CARTESIAN_POINT('',(4.9722916344,0.853996797619));
#5552 = CARTESIAN_POINT('',(5.131852744658,0.880361293387));
#5553 = CARTESIAN_POINT('',(5.226534563885,0.900693908366));
#5554 = CARTESIAN_POINT('',(5.322512954037,0.924793411043));
#5555 = CARTESIAN_POINT('',(5.42036526781,0.951037876415));
#5556 = CARTESIAN_POINT('',(5.553497264853,0.985934330235));
#5557 = CARTESIAN_POINT('',(5.586483258934,0.994517537776));
#5558 = CARTESIAN_POINT('',(5.619764254888,1.003037031376));
#5559 = CARTESIAN_POINT('',(5.653359642177,1.011415425277));
#5560 = CARTESIAN_POINT('',(5.738943444154,1.03198698327));
#5561 = CARTESIAN_POINT('',(5.79141962363,1.043898252653));
#5562 = CARTESIAN_POINT('',(5.844680483447,1.054989238747));
#5563 = CARTESIAN_POINT('',(5.898717217475,1.064942472963));
#5564 = CARTESIAN_POINT('',(5.953542638974,1.073479070259));
#5565 = ( GEOMETRIC_REPRESENTATION_CONTEXT(2) 
PARAMETRIC_REPRESENTATION_CONTEXT() REPRESENTATION_CONTEXT('2D SPACE',''
  ) );
#5566 = PCURVE('',#5423,#5567);
#5567 = DEFINITIONAL_REPRESENTATION('',(#5568),#5603);
#5568 = B_SPLINE_CURVE_WITH_KNOTS('',5,(#5569,#5570,#5571,#5572,#5573,
    #5574,#5575,#5576,#5577,#5578,#5579,#5580,#5581,#5582,#5583,#5584,
    #5585,#5586,#5587,#5588,#5589,#5590,#5591,#5592,#5593,#5594,#5595,
    #5596,#5597,#5598,#5599,#5600,#5601,#5602),.UNSPECIFIED.,.F.,.F.,(6,
    4,4,4,4,4,4,4,6),(0.,9.811291800712E-02,0.162540686315,
    0.362591617171,0.50000174503,0.63840167375,0.836916275445,
    0.901573481201,1.),.UNSPECIFIED.);
#5569 = CARTESIAN_POINT('',(6.28318530718,8.692697592506));
#5570 = CARTESIAN_POINT('',(6.262155353638,8.670584258632));
#5571 = CARTESIAN_POINT('',(6.241846368434,8.64437324336));
#5572 = CARTESIAN_POINT('',(6.222345985774,8.614450462811));
#5573 = CARTESIAN_POINT('',(6.203734423381,8.581225251446));
#5574 = CARTESIAN_POINT('',(6.17448953503,8.521444930892));
#5575 = CARTESIAN_POINT('',(6.163304570373,8.496503392466));
#5576 = CARTESIAN_POINT('',(6.152536162592,8.470415714404));
#5577 = CARTESIAN_POINT('',(6.142192941406,8.443275619612));
#5578 = CARTESIAN_POINT('',(6.101511040851,8.327904310953));
#5579 = CARTESIAN_POINT('',(6.074900561229,8.231299702006));
#5580 = CARTESIAN_POINT('',(6.052631246919,8.127798405929));
#5581 = CARTESIAN_POINT('',(6.034860813907,8.019174187471));
#5582 = CARTESIAN_POINT('',(6.012719920435,7.829765995418));
#5583 = CARTESIAN_POINT('',(6.005899106652,7.750942354063));
#5584 = CARTESIAN_POINT('',(6.001330832908,7.671006442957));
#5585 = CARTESIAN_POINT('',(5.999045796909,7.590513926724));
#5586 = CARTESIAN_POINT('',(5.999045796909,7.428906110538));
#5587 = CARTESIAN_POINT('',(6.001363868104,7.347834392004));
#5588 = CARTESIAN_POINT('',(6.005998135104,7.267331242437));
#5589 = CARTESIAN_POINT('',(6.012917041975,7.187964258421));
#5590 = CARTESIAN_POINT('',(6.035177125641,6.99898256907));
#5591 = CARTESIAN_POINT('',(6.052864860669,6.891258131007));
#5592 = CARTESIAN_POINT('',(6.074981345773,6.788591972844));
#5593 = CARTESIAN_POINT('',(6.101372550364,6.692719053482));
#5594 = CARTESIAN_POINT('',(6.141793746381,6.57778344928));
#5595 = CARTESIAN_POINT('',(6.152160878735,6.550514939758));
#5596 = CARTESIAN_POINT('',(6.162956417258,6.524304350387));
#5597 = CARTESIAN_POINT('',(6.174171655023,6.499246315425));
#5598 = CARTESIAN_POINT('',(6.203494176145,6.439203997154));
#5599 = CARTESIAN_POINT('',(6.222157379294,6.405838970718));
#5600 = CARTESIAN_POINT('',(6.241715798784,6.375795169625));
#5601 = CARTESIAN_POINT('',(6.26208807745,6.34948648336));
#5602 = CARTESIAN_POINT('',(6.28318530718,6.327302407494));
#5603 = ( GEOMETRIC_REPRESENTATION_CONTEXT(2) 
PARAMETRIC_REPRESENTATION_CONTEXT() REPRESENTATION_CONTEXT('2D SPACE',''
  ) );
#5604 = ORIENTED_EDGE('',*,*,#5605,.T.);
#5605 = EDGE_CURVE('',#5490,#5277,#5606,.T.);
#5606 = SURFACE_CURVE('',#5607,(#5614,#5624),.PCURVE_S1.);
#5607 = B_SPLINE_CURVE_WITH_KNOTS('',5,(#5608,#5609,#5610,#5611,#5612,
    #5613),.UNSPECIFIED.,.F.,.F.,(6,6),(0.,1.),
  .PIECEWISE_BEZIER_KNOTS.);
#5608 = CARTESIAN_POINT('',(3.1,4.163336342344E-16,29.717302407494));
#5609 = CARTESIAN_POINT('',(3.1,7.681194741593E-02,29.691247892576));
#5610 = CARTESIAN_POINT('',(3.097621459471,0.156795565186,
    29.670858840161));
#5611 = CARTESIAN_POINT('',(3.09246810642,0.238875695477,29.656967682315
    ));
#5612 = CARTESIAN_POINT('',(3.084374097594,0.321875247193,29.65));
#5613 = CARTESIAN_POINT('',(3.073479070259,0.404631195882,29.65));
#5614 = PCURVE('',#370,#5615);
#5615 = DEFINITIONAL_REPRESENTATION('',(#5616),#5623);
#5616 = B_SPLINE_CURVE_WITH_KNOTS('',5,(#5617,#5618,#5619,#5620,#5621,
    #5622),.UNSPECIFIED.,.F.,.F.,(6,6),(0.,1.),
  .PIECEWISE_BEZIER_KNOTS.);
#5617 = CARTESIAN_POINT('',(5.953542638974,1.073479070259));
#5618 = CARTESIAN_POINT('',(6.01793341058,1.083505041272));
#5619 = CARTESIAN_POINT('',(6.083472119483,1.091586806555));
#5620 = CARTESIAN_POINT('',(6.149732358896,1.097191148017));
#5621 = CARTESIAN_POINT('',(6.216409269973,1.1));
#5622 = CARTESIAN_POINT('',(6.28318530718,1.1));
#5623 = ( GEOMETRIC_REPRESENTATION_CONTEXT(2) 
PARAMETRIC_REPRESENTATION_CONTEXT() REPRESENTATION_CONTEXT('2D SPACE',''
  ) );
#5624 = PCURVE('',#5423,#5625);
#5625 = DEFINITIONAL_REPRESENTATION('',(#5626),#5633);
#5626 = B_SPLINE_CURVE_WITH_KNOTS('',5,(#5627,#5628,#5629,#5630,#5631,
    #5632),.UNSPECIFIED.,.F.,.F.,(6,6),(0.,1.),
  .PIECEWISE_BEZIER_KNOTS.);
#5627 = CARTESIAN_POINT('',(0.,6.327302407494));
#5628 = CARTESIAN_POINT('',(2.477804755353E-02,6.301247892576));
#5629 = CARTESIAN_POINT('',(5.057927455467E-02,6.280858840161));
#5630 = CARTESIAN_POINT('',(7.708814661064E-02,6.266967682315));
#5631 = CARTESIAN_POINT('',(0.103973872445,6.26));
#5632 = CARTESIAN_POINT('',(0.1308996939,6.26));
#5633 = ( GEOMETRIC_REPRESENTATION_CONTEXT(2) 
PARAMETRIC_REPRESENTATION_CONTEXT() REPRESENTATION_CONTEXT('2D SPACE',''
  ) );
#5634 = ORIENTED_EDGE('',*,*,#5276,.T.);
#5635 = ORIENTED_EDGE('',*,*,#723,.F.);
#5636 = ORIENTED_EDGE('',*,*,#5637,.T.);
#5637 = EDGE_CURVE('',#724,#238,#5638,.T.);
#5638 = SURFACE_CURVE('',#5639,(#5738,#5877),.PCURVE_S1.);
#5639 = B_SPLINE_CURVE_WITH_KNOTS('',7,(#5640,#5641,#5642,#5643,#5644,
    #5645,#5646,#5647,#5648,#5649,#5650,#5651,#5652,#5653,#5654,#5655,
    #5656,#5657,#5658,#5659,#5660,#5661,#5662,#5663,#5664,#5665,#5666,
    #5667,#5668,#5669,#5670,#5671,#5672,#5673,#5674,#5675,#5676,#5677,
    #5678,#5679,#5680,#5681,#5682,#5683,#5684,#5685,#5686,#5687,#5688,
    #5689,#5690,#5691,#5692,#5693,#5694,#5695,#5696,#5697,#5698,#5699,
    #5700,#5701,#5702,#5703,#5704,#5705,#5706,#5707,#5708,#5709,#5710,
    #5711,#5712,#5713,#5714,#5715,#5716,#5717,#5718,#5719,#5720,#5721,
    #5722,#5723,#5724,#5725,#5726,#5727,#5728,#5729,#5730,#5731,#5732,
    #5733,#5734,#5735,#5736,#5737),.UNSPECIFIED.,.F.,.F.,(8,6,6,6,6,6,6,
    6,6,6,6,6,6,6,6,6,8),(0.740401492999,0.749976263452,0.797934332189,
    0.817308122937,0.834381613111,0.864818434078,0.895566368218,
    0.912463221668,1.,1.087536778332,1.104433631782,1.135181565922,
    1.165618386889,1.182691877062,1.20206566781,1.250023736547,
    1.259598506991),.UNSPECIFIED.);
#5640 = CARTESIAN_POINT('',(9.950000001061,0.998749215188,
    29.688674808558));
#5641 = CARTESIAN_POINT('',(9.938458396398,0.998171411095,
    29.688437011357));
#5642 = CARTESIAN_POINT('',(9.926925378831,0.997438042606,
    29.688239677457));
#5643 = CARTESIAN_POINT('',(9.915403374536,0.996549270296,
    29.688082310441));
#5644 = CARTESIAN_POINT('',(9.903894803973,0.995505298143,
    29.687964536657));
#5645 = CARTESIAN_POINT('',(9.892402081613,0.994306372955,29.68788610577
    ));
#5646 = CARTESIAN_POINT('',(9.88092761566,0.992952783788,29.687846891332
    ));
#5647 = CARTESIAN_POINT('',(9.812104024528,0.983891986123,
    29.687846891332));
#5648 = CARTESIAN_POINT('',(9.755219667836,0.972462701906,
    29.688830867193));
#5649 = CARTESIAN_POINT('',(9.699133643071,0.957192952872,
    29.690799473026));
#5650 = CARTESIAN_POINT('',(9.64415492414,0.938148138489,29.693831856188
    ));
#5651 = CARTESIAN_POINT('',(9.590586672602,0.915424765783,
    29.698082881353));
#5652 = CARTESIAN_POINT('',(9.538724356775,0.889152101567,
    29.703780354586));
#5653 = CARTESIAN_POINT('',(9.468707514164,0.847512665602,29.71422857519
    ));
#5654 = CARTESIAN_POINT('',(9.448889466908,0.834980945065,
    29.717518996175));
#5655 = CARTESIAN_POINT('',(9.429424215369,0.821913387082,
    29.721112260501));
#5656 = CARTESIAN_POINT('',(9.410334892626,0.808326238814,
    29.725028295507));
#5657 = CARTESIAN_POINT('',(9.391643278549,0.794237270571,
    29.729288205737));
#5658 = CARTESIAN_POINT('',(9.373369799802,0.77966577581,29.733914272932
    ));
#5659 = CARTESIAN_POINT('',(9.339815006612,0.751384297959,
    29.743350114045));
#5660 = CARTESIAN_POINT('',(9.324435820588,0.73777718453,29.748072790696
    ));
#5661 = CARTESIAN_POINT('',(9.309413301755,0.723829193142,
    29.753112889784));
#5662 = CARTESIAN_POINT('',(9.294763059768,0.709559267993,
    29.758485276453));
#5663 = CARTESIAN_POINT('',(9.280498983948,0.694987335177,
    29.764204777199));
#5664 = CARTESIAN_POINT('',(9.266633243286,0.680134302694,
    29.770286179869));
#5665 = CARTESIAN_POINT('',(9.22918664039,0.638081545802,29.788256972137
    ));
#5666 = CARTESIAN_POINT('',(9.206485197602,0.610304841689,
    29.800971607479));
#5667 = CARTESIAN_POINT('',(9.185164066765,0.58184811977,29.81495845827)
  );
#5668 = CARTESIAN_POINT('',(9.165285220713,0.552879211152,
    29.830277157737));
#5669 = CARTESIAN_POINT('',(9.146882192561,0.523572733641,
    29.846973492107));
#5670 = CARTESIAN_POINT('',(9.129961771836,0.494105219003,
    29.865076238978));
#5671 = CARTESIAN_POINT('',(9.098891643512,0.43489418427,29.904311275271
    ));
#5672 = CARTESIAN_POINT('',(9.084788474535,0.405182397372,
    29.925451825531));
#5673 = CARTESIAN_POINT('',(9.072172782769,0.375694514661,
    29.948019390492));
#5674 = CARTESIAN_POINT('',(9.060996340794,0.346608805972,
    29.971994579285));
#5675 = CARTESIAN_POINT('',(9.051189628127,0.318097646373,
    29.997333001303));
#5676 = CARTESIAN_POINT('',(9.042665354686,0.290322986689,
    30.023963391356));
#5677 = CARTESIAN_POINT('',(9.031286595922,0.248654374833,
    30.067074894056));
#5678 = CARTESIAN_POINT('',(9.027606898684,0.234139927911,
    30.082727904385));
#5679 = CARTESIAN_POINT('',(9.024264694483,0.219907386201,
    30.098734609506));
#5680 = CARTESIAN_POINT('',(9.021241518212,0.205974616721,
    30.115083337912));
#5681 = CARTESIAN_POINT('',(9.018518637697,0.192358450576,
    30.131760902907));
#5682 = CARTESIAN_POINT('',(9.0160770537,0.179074682951,30.148752602611)
  );
#5683 = CARTESIAN_POINT('',(9.002605982441,9.911795299392E-02,
    30.255613772754));
#5684 = CARTESIAN_POINT('',(8.998401592573,4.172633007006E-02,
    30.352763892673));
#5685 = CARTESIAN_POINT('',(8.998382835577,-4.926191119553E-03,
    30.456130289462));
#5686 = CARTESIAN_POINT('',(9.000181357855,-4.020705299799E-02,
    30.56415693201));
#5687 = CARTESIAN_POINT('',(9.001966774463,-6.378735567964E-02,
    30.67523155863));
#5688 = CARTESIAN_POINT('',(9.002857044753,-7.553758536112E-02,
    30.787722633119));
#5689 = CARTESIAN_POINT('',(9.002857044753,-7.553758536112E-02,
    31.01227736688));
#5690 = CARTESIAN_POINT('',(9.001966774463,-6.378735567972E-02,
    31.12476844137));
#5691 = CARTESIAN_POINT('',(9.000181357855,-4.020705299775E-02,
    31.23584306799));
#5692 = CARTESIAN_POINT('',(8.998382835577,-4.926191119768E-03,
    31.343869710537));
#5693 = CARTESIAN_POINT('',(8.998401592573,4.172633007009E-02,
    31.447236107327));
#5694 = CARTESIAN_POINT('',(9.002605982441,9.911795299395E-02,
    31.544386227246));
#5695 = CARTESIAN_POINT('',(9.0160770537,0.179074682951,31.651247397389)
  );
#5696 = CARTESIAN_POINT('',(9.018518637697,0.192358450576,
    31.668239097093));
#5697 = CARTESIAN_POINT('',(9.021241518212,0.205974616721,
    31.684916662088));
#5698 = CARTESIAN_POINT('',(9.024264694483,0.219907386201,
    31.701265390494));
#5699 = CARTESIAN_POINT('',(9.027606898684,0.234139927911,
    31.717272095615));
#5700 = CARTESIAN_POINT('',(9.031286595922,0.248654374833,
    31.732925105944));
#5701 = CARTESIAN_POINT('',(9.042665354686,0.290322986689,
    31.776036608644));
#5702 = CARTESIAN_POINT('',(9.051189628127,0.318097646373,
    31.802666998697));
#5703 = CARTESIAN_POINT('',(9.060996340794,0.346608805972,
    31.828005420715));
#5704 = CARTESIAN_POINT('',(9.072172782769,0.375694514661,
    31.851980609508));
#5705 = CARTESIAN_POINT('',(9.084788474535,0.405182397372,
    31.874548174469));
#5706 = CARTESIAN_POINT('',(9.098891643512,0.43489418427,31.895688724729
    ));
#5707 = CARTESIAN_POINT('',(9.129961771836,0.494105219003,
    31.934923761022));
#5708 = CARTESIAN_POINT('',(9.146882192561,0.523572733641,
    31.953026507893));
#5709 = CARTESIAN_POINT('',(9.165285220713,0.552879211152,
    31.969722842263));
#5710 = CARTESIAN_POINT('',(9.185164066765,0.58184811977,31.98504154173)
  );
#5711 = CARTESIAN_POINT('',(9.206485197602,0.610304841689,
    31.999028392521));
#5712 = CARTESIAN_POINT('',(9.22918664039,0.638081545802,32.011743027863
    ));
#5713 = CARTESIAN_POINT('',(9.266633243286,0.680134302694,32.02971382013
    ));
#5714 = CARTESIAN_POINT('',(9.280498983948,0.694987335177,
    32.035795222801));
#5715 = CARTESIAN_POINT('',(9.294763059768,0.709559267993,
    32.041514723547));
#5716 = CARTESIAN_POINT('',(9.309413301755,0.723829193142,
    32.046887110216));
#5717 = CARTESIAN_POINT('',(9.324435820588,0.73777718453,32.051927209304
    ));
#5718 = CARTESIAN_POINT('',(9.339815006612,0.751384297959,
    32.056649885955));
#5719 = CARTESIAN_POINT('',(9.373369799802,0.77966577581,32.066085727068
    ));
#5720 = CARTESIAN_POINT('',(9.391643278549,0.794237270571,
    32.070711794263));
#5721 = CARTESIAN_POINT('',(9.410334892626,0.808326238814,
    32.074971704493));
#5722 = CARTESIAN_POINT('',(9.429424215369,0.821913387082,
    32.078887739499));
#5723 = CARTESIAN_POINT('',(9.448889466908,0.834980945065,
    32.082481003825));
#5724 = CARTESIAN_POINT('',(9.468707514164,0.847512665602,32.08577142481
    ));
#5725 = CARTESIAN_POINT('',(9.538724356775,0.889152101567,
    32.096219645414));
#5726 = CARTESIAN_POINT('',(9.590586672602,0.915424765783,
    32.101917118647));
#5727 = CARTESIAN_POINT('',(9.64415492414,0.938148138489,32.106168143812
    ));
#5728 = CARTESIAN_POINT('',(9.699133643071,0.957192952872,
    32.109200526974));
#5729 = CARTESIAN_POINT('',(9.755219667836,0.972462701906,
    32.111169132807));
#5730 = CARTESIAN_POINT('',(9.812104024528,0.983891986123,
    32.112153108668));
#5731 = CARTESIAN_POINT('',(9.880927615649,0.992952783787,
    32.112153108668));
#5732 = CARTESIAN_POINT('',(9.89240208159,0.994306372952,32.11211389423)
  );
#5733 = CARTESIAN_POINT('',(9.903894803938,0.99550529814,32.112035463344
    ));
#5734 = CARTESIAN_POINT('',(9.91540337449,0.996549270292,32.111917689559
    ));
#5735 = CARTESIAN_POINT('',(9.926925378773,0.997438042602,
    32.111760322544));
#5736 = CARTESIAN_POINT('',(9.938458396328,0.998171411091,
    32.111562988644));
#5737 = CARTESIAN_POINT('',(9.95000000098,0.998749215184,32.111325191444
    ));
#5738 = PCURVE('',#370,#5739);
#5739 = DEFINITIONAL_REPRESENTATION('',(#5740),#5876);
#5740 = B_SPLINE_CURVE_WITH_KNOTS('',3,(#5741,#5742,#5743,#5744,#5745,
    #5746,#5747,#5748,#5749,#5750,#5751,#5752,#5753,#5754,#5755,#5756,
    #5757,#5758,#5759,#5760,#5761,#5762,#5763,#5764,#5765,#5766,#5767,
    #5768,#5769,#5770,#5771,#5772,#5773,#5774,#5775,#5776,#5777,#5778,
    #5779,#5780,#5781,#5782,#5783,#5784,#5785,#5786,#5787,#5788,#5789,
    #5790,#5791,#5792,#5793,#5794,#5795,#5796,#5797,#5798,#5799,#5800,
    #5801,#5802,#5803,#5804,#5805,#5806,#5807,#5808,#5809,#5810,#5811,
    #5812,#5813,#5814,#5815,#5816,#5817,#5818,#5819,#5820,#5821,#5822,
    #5823,#5824,#5825,#5826,#5827,#5828,#5829,#5830,#5831,#5832,#5833,
    #5834,#5835,#5836,#5837,#5838,#5839,#5840,#5841,#5842,#5843,#5844,
    #5845,#5846,#5847,#5848,#5849,#5850,#5851,#5852,#5853,#5854,#5855,
    #5856,#5857,#5858,#5859,#5860,#5861,#5862,#5863,#5864,#5865,#5866,
    #5867,#5868,#5869,#5870,#5871,#5872,#5873,#5874,#5875),
  .UNSPECIFIED.,.F.,.F.,(4,1,1,1,1,1,1,1,1,1,1,1,1,1,1,1,1,1,1,1,1,1,1,1
    ,1,1,1,1,1,1,1,1,1,1,1,1,1,1,1,1,1,1,1,1,1,1,1,1,1,1,1,1,1,1,1,1,1,1
    ,1,1,1,1,1,1,1,1,1,1,1,1,1,1,1,1,1,1,1,1,1,1,1,1,1,1,1,1,1,1,1,1,1,1
    ,1,1,1,1,1,1,1,1,1,1,1,1,1,1,1,1,1,1,1,1,1,1,1,1,1,1,1,1,1,1,1,1,1,1
    ,1,1,1,1,1,1,4),(0.740401492999,0.744334803711,0.748268114423,
    0.752201425135,0.756134735847,0.760068046559,0.764001357271,
    0.767934667983,0.771867978695,0.775801289407,0.779734600119,
    0.783667910831,0.787601221543,0.791534532255,0.795467842967,
    0.79940115368,0.803334464392,0.807267775104,0.811201085816,
    0.815134396528,0.81906770724,0.823001017952,0.826934328664,
    0.830867639376,0.834800950088,0.8387342608,0.842667571512,
    0.846600882224,0.850534192936,0.854467503648,0.858400814361,
    0.862334125073,0.866267435785,0.870200746497,0.874134057209,
    0.878067367921,0.882000678633,0.885933989345,0.889867300057,
    0.893800610769,0.897733921481,0.901667232193,0.905600542905,
    0.909533853617,0.913467164329,0.917400475042,0.921333785754,
    0.925267096466,0.929200407178,0.93313371789,0.937067028602,
    0.941000339314,0.944933650026,0.948866960738,0.95280027145,
    0.956733582162,0.960666892874,0.964600203586,0.968533514298,
    0.97246682501,0.976400135722,0.980333446435,0.984266757147,
    0.988200067859,0.992133378571,0.996066689283,0.999999999995,
    1.003933310707,1.007866621419,1.011799932131,1.015733242843,
    1.019666553555,1.023599864267,1.027533174979,1.031466485691,
    1.035399796403,1.039333107116,1.043266417828,1.04719972854,
    1.051133039252,1.055066349964,1.058999660676,1.062932971388,
    1.0668662821,1.070799592812,1.074732903524,1.078666214236,
    1.082599524948,1.08653283566,1.090466146372,1.094399457084,
    1.098332767797,1.102266078509,1.106199389221,1.110132699933,
    1.114066010645,1.117999321357,1.121932632069,1.125865942781,
    1.129799253493,1.133732564205,1.137665874917,1.141599185629,
    1.145532496341,1.149465807053,1.153399117765,1.157332428478,
    1.16126573919,1.165199049902,1.169132360614,1.173065671326,
    1.176998982038,1.18093229275,1.184865603462,1.188798914174,
    1.192732224886,1.196665535598,1.20059884631,1.204532157022,
    1.208465467734,1.212398778446,1.216332089158,1.220265399871,
    1.224198710583,1.228132021295,1.232065332007,1.235998642719,
    1.239931953431,1.243865264143,1.247798574855,1.251731885567,
    1.255665196279,1.259598506991),.QUASI_UNIFORM_KNOTS.);
#5741 = CARTESIAN_POINT('',(6.033783138642,7.995239303762));
#5742 = CARTESIAN_POINT('',(6.034521935287,7.984198495841));
#5743 = CARTESIAN_POINT('',(6.035696052509,7.962089603319));
#5744 = CARTESIAN_POINT('',(6.03654673281,7.928877463509));
#5745 = CARTESIAN_POINT('',(6.036486913355,7.895652829156));
#5746 = CARTESIAN_POINT('',(6.035516369045,7.862440535577));
#5747 = CARTESIAN_POINT('',(6.033634881486,7.829278732745));
#5748 = CARTESIAN_POINT('',(6.030842612704,7.796203419828));
#5749 = CARTESIAN_POINT('',(6.027140009645,7.763251123637));
#5750 = CARTESIAN_POINT('',(6.022527812609,7.730458161685));
#5751 = CARTESIAN_POINT('',(6.017007021221,7.697860818971));
#5752 = CARTESIAN_POINT('',(6.010578860044,7.665495285256));
#5753 = CARTESIAN_POINT('',(6.003244722693,7.633397636646));
#5754 = CARTESIAN_POINT('',(5.995006137552,7.601603879449));
#5755 = CARTESIAN_POINT('',(5.985864604285,7.570149700625));
#5756 = CARTESIAN_POINT('',(5.975821861694,7.539071329615));
#5757 = CARTESIAN_POINT('',(5.964878495906,7.508402248025));
#5758 = CARTESIAN_POINT('',(5.953039872882,7.478188459683));
#5759 = CARTESIAN_POINT('',(5.940312855113,7.448475844617));
#5760 = CARTESIAN_POINT('',(5.926704210575,7.419306980552));
#5761 = CARTESIAN_POINT('',(5.912221521157,7.390723585391));
#5762 = CARTESIAN_POINT('',(5.89687188277,7.362764333132));
#5763 = CARTESIAN_POINT('',(5.880665739236,7.335471884002));
#5764 = CARTESIAN_POINT('',(5.863619383197,7.308894297723));
#5765 = CARTESIAN_POINT('',(5.845748485122,7.283073676269));
#5766 = CARTESIAN_POINT('',(5.827071133575,7.258050756956));
#5767 = CARTESIAN_POINT('',(5.807599740013,7.233855022189));
#5768 = CARTESIAN_POINT('',(5.787361588569,7.210530534865));
#5769 = CARTESIAN_POINT('',(5.766388242495,7.188118052092));
#5770 = CARTESIAN_POINT('',(5.744711665731,7.166651006134));
#5771 = CARTESIAN_POINT('',(5.722365081373,7.146156776877));
#5772 = CARTESIAN_POINT('',(5.699382055341,7.126656190812));
#5773 = CARTESIAN_POINT('',(5.675798124316,7.108164822414));
#5774 = CARTESIAN_POINT('',(5.65164422286,7.090688859436));
#5775 = CARTESIAN_POINT('',(5.626978665883,7.074246526867));
#5776 = CARTESIAN_POINT('',(5.60183936362,7.058833146621));
#5777 = CARTESIAN_POINT('',(5.576264481147,7.044438840271));
#5778 = CARTESIAN_POINT('',(5.550293110613,7.031048744547));
#5779 = CARTESIAN_POINT('',(5.523965034019,7.018643249787));
#5780 = CARTESIAN_POINT('',(5.49732111527,7.007198333685));
#5781 = CARTESIAN_POINT('',(5.470402281131,6.996685490902));
#5782 = CARTESIAN_POINT('',(5.443253721556,6.987073183938));
#5783 = CARTESIAN_POINT('',(5.415897997293,6.978318845139));
#5784 = CARTESIAN_POINT('',(5.388360636435,6.970380040166));
#5785 = CARTESIAN_POINT('',(5.360669917712,6.963213888561));
#5786 = CARTESIAN_POINT('',(5.332845632841,6.956774658486));
#5787 = CARTESIAN_POINT('',(5.304947694772,6.951024011569));
#5788 = CARTESIAN_POINT('',(5.276987909659,6.945911692012));
#5789 = CARTESIAN_POINT('',(5.248972425827,6.941388336656));
#5790 = CARTESIAN_POINT('',(5.22090809424,6.937406441729));
#5791 = CARTESIAN_POINT('',(5.192800840899,6.933920165542));
#5792 = CARTESIAN_POINT('',(5.164656173313,6.930885457465));
#5793 = CARTESIAN_POINT('',(5.136479109346,6.928260111774));
#5794 = CARTESIAN_POINT('',(5.108274255572,6.926003851855));
#5795 = CARTESIAN_POINT('',(5.080045840832,6.924078414435));
#5796 = CARTESIAN_POINT('',(5.051797757592,6.922447639898));
#5797 = CARTESIAN_POINT('',(5.023533597536,6.921077564983));
#5798 = CARTESIAN_POINT('',(4.995256685543,6.919936516805));
#5799 = CARTESIAN_POINT('',(4.966970111365,6.9189952064));
#5800 = CARTESIAN_POINT('',(4.938676759945,6.918226820207));
#5801 = CARTESIAN_POINT('',(4.910379339416,6.917607107851));
#5802 = CARTESIAN_POINT('',(4.882080411789,6.917114464591));
#5803 = CARTESIAN_POINT('',(4.853782409061,6.916730006801));
#5804 = CARTESIAN_POINT('',(4.825487700571,6.916437638854));
#5805 = CARTESIAN_POINT('',(4.797198467025,6.916224109776));
#5806 = CARTESIAN_POINT('',(4.768917295041,6.916079058056));
#5807 = CARTESIAN_POINT('',(4.740645082429,6.915995042867));
#5808 = CARTESIAN_POINT('',(4.712388980421,6.915967560542));
#5809 = CARTESIAN_POINT('',(4.684132878414,6.915995042867));
#5810 = CARTESIAN_POINT('',(4.655860665802,6.916079058056));
#5811 = CARTESIAN_POINT('',(4.627579493817,6.916224109776));
#5812 = CARTESIAN_POINT('',(4.599290260271,6.916437638853));
#5813 = CARTESIAN_POINT('',(4.570995551782,6.9167300068));
#5814 = CARTESIAN_POINT('',(4.542697549053,6.91711446459));
#5815 = CARTESIAN_POINT('',(4.514398621426,6.91760710785));
#5816 = CARTESIAN_POINT('',(4.486101200897,6.918226820206));
#5817 = CARTESIAN_POINT('',(4.457807849478,6.918995206398));
#5818 = CARTESIAN_POINT('',(4.429521275299,6.919936516803));
#5819 = CARTESIAN_POINT('',(4.401244363306,6.921077564979));
#5820 = CARTESIAN_POINT('',(4.372980203249,6.922447639894));
#5821 = CARTESIAN_POINT('',(4.34473212001,6.924078414431));
#5822 = CARTESIAN_POINT('',(4.316503705269,6.926003851849));
#5823 = CARTESIAN_POINT('',(4.288298851495,6.928260111768));
#5824 = CARTESIAN_POINT('',(4.260121787528,6.930885457458));
#5825 = CARTESIAN_POINT('',(4.231977119942,6.933920165534));
#5826 = CARTESIAN_POINT('',(4.203869866601,6.93740644172));
#5827 = CARTESIAN_POINT('',(4.175805535013,6.941388336646));
#5828 = CARTESIAN_POINT('',(4.147790051181,6.945911691999));
#5829 = CARTESIAN_POINT('',(4.119830266068,6.951024011556));
#5830 = CARTESIAN_POINT('',(4.091932327999,6.956774658471));
#5831 = CARTESIAN_POINT('',(4.064108043128,6.963213888544));
#5832 = CARTESIAN_POINT('',(4.036417324405,6.970380040147));
#5833 = CARTESIAN_POINT('',(4.008879963545,6.978318845118));
#5834 = CARTESIAN_POINT('',(3.981524239282,6.987073183915));
#5835 = CARTESIAN_POINT('',(3.954375679706,6.996685490877));
#5836 = CARTESIAN_POINT('',(3.927456845567,7.007198333658));
#5837 = CARTESIAN_POINT('',(3.900812926818,7.018643249757));
#5838 = CARTESIAN_POINT('',(3.874484850222,7.031048744515));
#5839 = CARTESIAN_POINT('',(3.848513479687,7.044438840236));
#5840 = CARTESIAN_POINT('',(3.822938597213,7.058833146583));
#5841 = CARTESIAN_POINT('',(3.797799294949,7.074246526827));
#5842 = CARTESIAN_POINT('',(3.77313373797,7.090688859393));
#5843 = CARTESIAN_POINT('',(3.748979836513,7.108164822369));
#5844 = CARTESIAN_POINT('',(3.725395905487,7.126656190765));
#5845 = CARTESIAN_POINT('',(3.702412879453,7.146156776827));
#5846 = CARTESIAN_POINT('',(3.680066295093,7.166651006082));
#5847 = CARTESIAN_POINT('',(3.658389718328,7.188118052037));
#5848 = CARTESIAN_POINT('',(3.637416372252,7.210530534808));
#5849 = CARTESIAN_POINT('',(3.617178220806,7.23385502213));
#5850 = CARTESIAN_POINT('',(3.597706827242,7.258050756895));
#5851 = CARTESIAN_POINT('',(3.579029475693,7.283073676205));
#5852 = CARTESIAN_POINT('',(3.561158577616,7.308894297657));
#5853 = CARTESIAN_POINT('',(3.544112221574,7.335471883935));
#5854 = CARTESIAN_POINT('',(3.527906078038,7.362764333063));
#5855 = CARTESIAN_POINT('',(3.512556439649,7.390723585321));
#5856 = CARTESIAN_POINT('',(3.498073750229,7.41930698048));
#5857 = CARTESIAN_POINT('',(3.484465105689,7.448475844544));
#5858 = CARTESIAN_POINT('',(3.471738087918,7.478188459608));
#5859 = CARTESIAN_POINT('',(3.459899464892,7.508402247949));
#5860 = CARTESIAN_POINT('',(3.448956099101,7.539071329538));
#5861 = CARTESIAN_POINT('',(3.438913356508,7.570149700548));
#5862 = CARTESIAN_POINT('',(3.429771823238,7.601603879371));
#5863 = CARTESIAN_POINT('',(3.421533238096,7.633397636567));
#5864 = CARTESIAN_POINT('',(3.414199100742,7.665495285177));
#5865 = CARTESIAN_POINT('',(3.407770939563,7.697860818891));
#5866 = CARTESIAN_POINT('',(3.402250148173,7.730458161604));
#5867 = CARTESIAN_POINT('',(3.397637951134,7.763251123556));
#5868 = CARTESIAN_POINT('',(3.393935348073,7.796203419747));
#5869 = CARTESIAN_POINT('',(3.391143079289,7.829278732664));
#5870 = CARTESIAN_POINT('',(3.389261591728,7.862440535495));
#5871 = CARTESIAN_POINT('',(3.388291047415,7.895652829075));
#5872 = CARTESIAN_POINT('',(3.388231227958,7.928877463428));
#5873 = CARTESIAN_POINT('',(3.389081908258,7.962089603238));
#5874 = CARTESIAN_POINT('',(3.390256025478,7.98419849576));
#5875 = CARTESIAN_POINT('',(3.390994822122,7.995239303682));
#5876 = ( GEOMETRIC_REPRESENTATION_CONTEXT(2) 
PARAMETRIC_REPRESENTATION_CONTEXT() REPRESENTATION_CONTEXT('2D SPACE',''
  ) );
#5877 = PCURVE('',#122,#5878);
#5878 = DEFINITIONAL_REPRESENTATION('',(#5879),#6015);
#5879 = B_SPLINE_CURVE_WITH_KNOTS('',3,(#5880,#5881,#5882,#5883,#5884,
    #5885,#5886,#5887,#5888,#5889,#5890,#5891,#5892,#5893,#5894,#5895,
    #5896,#5897,#5898,#5899,#5900,#5901,#5902,#5903,#5904,#5905,#5906,
    #5907,#5908,#5909,#5910,#5911,#5912,#5913,#5914,#5915,#5916,#5917,
    #5918,#5919,#5920,#5921,#5922,#5923,#5924,#5925,#5926,#5927,#5928,
    #5929,#5930,#5931,#5932,#5933,#5934,#5935,#5936,#5937,#5938,#5939,
    #5940,#5941,#5942,#5943,#5944,#5945,#5946,#5947,#5948,#5949,#5950,
    #5951,#5952,#5953,#5954,#5955,#5956,#5957,#5958,#5959,#5960,#5961,
    #5962,#5963,#5964,#5965,#5966,#5967,#5968,#5969,#5970,#5971,#5972,
    #5973,#5974,#5975,#5976,#5977,#5978,#5979,#5980,#5981,#5982,#5983,
    #5984,#5985,#5986,#5987,#5988,#5989,#5990,#5991,#5992,#5993,#5994,
    #5995,#5996,#5997,#5998,#5999,#6000,#6001,#6002,#6003,#6004,#6005,
    #6006,#6007,#6008,#6009,#6010,#6011,#6012,#6013,#6014),
  .UNSPECIFIED.,.F.,.F.,(4,1,1,1,1,1,1,1,1,1,1,1,1,1,1,1,1,1,1,1,1,1,1,1
    ,1,1,1,1,1,1,1,1,1,1,1,1,1,1,1,1,1,1,1,1,1,1,1,1,1,1,1,1,1,1,1,1,1,1
    ,1,1,1,1,1,1,1,1,1,1,1,1,1,1,1,1,1,1,1,1,1,1,1,1,1,1,1,1,1,1,1,1,1,1
    ,1,1,1,1,1,1,1,1,1,1,1,1,1,1,1,1,1,1,1,1,1,1,1,1,1,1,1,1,1,1,1,1,1,1
    ,1,1,1,1,1,1,4),(0.740401492999,0.744334803711,0.748268114423,
    0.752201425135,0.756134735847,0.760068046559,0.764001357271,
    0.767934667983,0.771867978695,0.775801289407,0.779734600119,
    0.783667910831,0.787601221543,0.791534532255,0.795467842967,
    0.79940115368,0.803334464392,0.807267775104,0.811201085816,
    0.815134396528,0.81906770724,0.823001017952,0.826934328664,
    0.830867639376,0.834800950088,0.8387342608,0.842667571512,
    0.846600882224,0.850534192936,0.854467503648,0.858400814361,
    0.862334125073,0.866267435785,0.870200746497,0.874134057209,
    0.878067367921,0.882000678633,0.885933989345,0.889867300057,
    0.893800610769,0.897733921481,0.901667232193,0.905600542905,
    0.909533853617,0.913467164329,0.917400475042,0.921333785754,
    0.925267096466,0.929200407178,0.93313371789,0.937067028602,
    0.941000339314,0.944933650026,0.948866960738,0.95280027145,
    0.956733582162,0.960666892874,0.964600203586,0.968533514298,
    0.97246682501,0.976400135722,0.980333446435,0.984266757147,
    0.988200067859,0.992133378571,0.996066689283,0.999999999995,
    1.003933310707,1.007866621419,1.011799932131,1.015733242843,
    1.019666553555,1.023599864267,1.027533174979,1.031466485691,
    1.035399796403,1.039333107116,1.043266417828,1.04719972854,
    1.051133039252,1.055066349964,1.058999660676,1.062932971388,
    1.0668662821,1.070799592812,1.074732903524,1.078666214236,
    1.082599524948,1.08653283566,1.090466146372,1.094399457084,
    1.098332767797,1.102266078509,1.106199389221,1.110132699933,
    1.114066010645,1.117999321357,1.121932632069,1.125865942781,
    1.129799253493,1.133732564205,1.137665874917,1.141599185629,
    1.145532496341,1.149465807053,1.153399117765,1.157332428478,
    1.16126573919,1.165199049902,1.169132360614,1.173065671326,
    1.176998982038,1.18093229275,1.184865603462,1.188798914174,
    1.192732224886,1.196665535598,1.20059884631,1.204532157022,
    1.208465467734,1.212398778446,1.216332089158,1.220265399871,
    1.224198710583,1.228132021295,1.232065332007,1.235998642719,
    1.239931953431,1.243865264143,1.247798574855,1.251731885567,
    1.255665196279,1.259598506991),.QUASI_UNIFORM_KNOTS.);
#5880 = CARTESIAN_POINT('',(1.62081718267,11.988674808558));
#5881 = CARTESIAN_POINT('',(1.631894201148,11.988447119851));
#5882 = CARTESIAN_POINT('',(1.654045764598,11.98808640076));
#5883 = CARTESIAN_POINT('',(1.68726932462,11.987826806994));
#5884 = CARTESIAN_POINT('',(1.72048945398,11.987845005591));
#5885 = CARTESIAN_POINT('',(1.753717990225,11.988141512474));
#5886 = CARTESIAN_POINT('',(1.786953473161,11.988719508704));
#5887 = CARTESIAN_POINT('',(1.820196579483,11.989585194632));
#5888 = CARTESIAN_POINT('',(1.853447408887,11.990747666786));
#5889 = CARTESIAN_POINT('',(1.886706182629,11.992218917902));
#5890 = CARTESIAN_POINT('',(1.919973025539,11.994013804176));
#5891 = CARTESIAN_POINT('',(1.95324798444,11.996150020454));
#5892 = CARTESIAN_POINT('',(1.986531002315,11.998648076465));
#5893 = CARTESIAN_POINT('',(2.019821820158,12.001531260948));
#5894 = CARTESIAN_POINT('',(2.053120201953,12.004825653164));
#5895 = CARTESIAN_POINT('',(2.086424931715,12.00855995695));
#5896 = CARTESIAN_POINT('',(2.119737394291,12.012765997246));
#5897 = CARTESIAN_POINT('',(2.153044685643,12.017476234183));
#5898 = CARTESIAN_POINT('',(2.186332566577,12.022724925234));
#5899 = CARTESIAN_POINT('',(2.219588945545,12.028548230013));
#5900 = CARTESIAN_POINT('',(2.252800963155,12.034983831139));
#5901 = CARTESIAN_POINT('',(2.285957365379,12.042071496965));
#5902 = CARTESIAN_POINT('',(2.319040000829,12.049850834078));
#5903 = CARTESIAN_POINT('',(2.352020795337,12.058359706262));
#5904 = CARTESIAN_POINT('',(2.38487515528,12.067636449486));
#5905 = CARTESIAN_POINT('',(2.417575772568,12.07771838939));
#5906 = CARTESIAN_POINT('',(2.450105699972,12.088645981912));
#5907 = CARTESIAN_POINT('',(2.482423573454,12.100450748412));
#5908 = CARTESIAN_POINT('',(2.514484826238,12.113159848772));
#5909 = CARTESIAN_POINT('',(2.546247242394,12.126797765727));
#5910 = CARTESIAN_POINT('',(2.577669101655,12.141385403103));
#5911 = CARTESIAN_POINT('',(2.608710014882,12.156940285653));
#5912 = CARTESIAN_POINT('',(2.639328674319,12.173474938566));
#5913 = CARTESIAN_POINT('',(2.66949051232,12.191001446711));
#5914 = CARTESIAN_POINT('',(2.69912914934,12.209507175836));
#5915 = CARTESIAN_POINT('',(2.728206512819,12.228988765211));
#5916 = CARTESIAN_POINT('',(2.756684924224,12.249437980703));
#5917 = CARTESIAN_POINT('',(2.784526707822,12.270840841338));
#5918 = CARTESIAN_POINT('',(2.811694449283,12.293177718171));
#5919 = CARTESIAN_POINT('',(2.838150848538,12.316422841213));
#5920 = CARTESIAN_POINT('',(2.863859833928,12.34054520185));
#5921 = CARTESIAN_POINT('',(2.888783299176,12.365504465226));
#5922 = CARTESIAN_POINT('',(2.912904897239,12.391276460084));
#5923 = CARTESIAN_POINT('',(2.936204704784,12.417831084587));
#5924 = CARTESIAN_POINT('',(2.958660866862,12.445131781265));
#5925 = CARTESIAN_POINT('',(2.980258040841,12.473147466658));
#5926 = CARTESIAN_POINT('',(3.000951813384,12.501802563249));
#5927 = CARTESIAN_POINT('',(3.020736889262,12.531066375433));
#5928 = CARTESIAN_POINT('',(3.039610226821,12.560913017808));
#5929 = CARTESIAN_POINT('',(3.057567103405,12.591314628249));
#5930 = CARTESIAN_POINT('',(3.074602351253,12.622243254151));
#5931 = CARTESIAN_POINT('',(3.09071019947,12.653670410025));
#5932 = CARTESIAN_POINT('',(3.105884482601,12.685567254567));
#5933 = CARTESIAN_POINT('',(3.120118745236,12.717904597453));
#5934 = CARTESIAN_POINT('',(3.133406369468,12.750652947681));
#5935 = CARTESIAN_POINT('',(3.145740691564,12.783782546883));
#5936 = CARTESIAN_POINT('',(3.157115116878,12.817263402993));
#5937 = CARTESIAN_POINT('',(3.167523230298,12.851065320303));
#5938 = CARTESIAN_POINT('',(3.176958902393,12.885157927283));
#5939 = CARTESIAN_POINT('',(3.185416390485,12.919510701603));
#5940 = CARTESIAN_POINT('',(3.192890433908,12.954092994167));
#5941 = CARTESIAN_POINT('',(3.199376342655,12.988874046409));
#5942 = CARTESIAN_POINT('',(3.204870078507,13.023823022993));
#5943 = CARTESIAN_POINT('',(3.209368327778,13.058908978042));
#5944 = CARTESIAN_POINT('',(3.212868564816,13.094101061201));
#5945 = CARTESIAN_POINT('',(3.215369105475,13.12936782112));
#5946 = CARTESIAN_POINT('',(3.216869149904,13.164679870641));
#5947 = CARTESIAN_POINT('',(3.217368814074,13.199999999954));
#5948 = CARTESIAN_POINT('',(3.216869149907,13.235320129267));
#5949 = CARTESIAN_POINT('',(3.21536910548,13.270632178788));
#5950 = CARTESIAN_POINT('',(3.212868564824,13.305898938708));
#5951 = CARTESIAN_POINT('',(3.209368327789,13.341091021867));
#5952 = CARTESIAN_POINT('',(3.20487007852,13.376176976917));
#5953 = CARTESIAN_POINT('',(3.19937634267,13.411125953501));
#5954 = CARTESIAN_POINT('',(3.192890433926,13.445907005744));
#5955 = CARTESIAN_POINT('',(3.185416390505,13.480489298308));
#5956 = CARTESIAN_POINT('',(3.176958902416,13.514842072629));
#5957 = CARTESIAN_POINT('',(3.167523230323,13.54893467961));
#5958 = CARTESIAN_POINT('',(3.157115116906,13.582736596921));
#5959 = CARTESIAN_POINT('',(3.145740691595,13.616217453031));
#5960 = CARTESIAN_POINT('',(3.133406369501,13.649347052235));
#5961 = CARTESIAN_POINT('',(3.120118745272,13.682095402463));
#5962 = CARTESIAN_POINT('',(3.105884482638,13.714432745351));
#5963 = CARTESIAN_POINT('',(3.09071019951,13.746329589894));
#5964 = CARTESIAN_POINT('',(3.074602351296,13.77775674577));
#5965 = CARTESIAN_POINT('',(3.057567103449,13.808685371673));
#5966 = CARTESIAN_POINT('',(3.039610226868,13.839086982115));
#5967 = CARTESIAN_POINT('',(3.020736889311,13.868933624492));
#5968 = CARTESIAN_POINT('',(3.000951813435,13.898197436678));
#5969 = CARTESIAN_POINT('',(2.980258040894,13.92685253327));
#5970 = CARTESIAN_POINT('',(2.958660866917,13.954868218665));
#5971 = CARTESIAN_POINT('',(2.936204704842,13.982168915345));
#5972 = CARTESIAN_POINT('',(2.912904897299,14.00872353985));
#5973 = CARTESIAN_POINT('',(2.888783299238,14.03449553471));
#5974 = CARTESIAN_POINT('',(2.863859833992,14.059454798088));
#5975 = CARTESIAN_POINT('',(2.838150848604,14.083577158727));
#5976 = CARTESIAN_POINT('',(2.81169444935,14.106822281772));
#5977 = CARTESIAN_POINT('',(2.784526707891,14.129159158607));
#5978 = CARTESIAN_POINT('',(2.756684924295,14.150562019244));
#5979 = CARTESIAN_POINT('',(2.728206512892,14.171011234739));
#5980 = CARTESIAN_POINT('',(2.699129149414,14.190492824117));
#5981 = CARTESIAN_POINT('',(2.669490512395,14.208998553244));
#5982 = CARTESIAN_POINT('',(2.639328674396,14.226525061391));
#5983 = CARTESIAN_POINT('',(2.60871001496,14.243059714306));
#5984 = CARTESIAN_POINT('',(2.577669101734,14.258614596859));
#5985 = CARTESIAN_POINT('',(2.546247242473,14.273202234238));
#5986 = CARTESIAN_POINT('',(2.514484826318,14.286840151195));
#5987 = CARTESIAN_POINT('',(2.482423573534,14.299549251557));
#5988 = CARTESIAN_POINT('',(2.450105700054,14.31135401806));
#5989 = CARTESIAN_POINT('',(2.417575772649,14.322281610584));
#5990 = CARTESIAN_POINT('',(2.384875155362,14.33236355049));
#5991 = CARTESIAN_POINT('',(2.352020795419,14.341640293716));
#5992 = CARTESIAN_POINT('',(2.319040000912,14.350149165902));
#5993 = CARTESIAN_POINT('',(2.285957365462,14.357928503017));
#5994 = CARTESIAN_POINT('',(2.252800963237,14.365016168844));
#5995 = CARTESIAN_POINT('',(2.219588945628,14.371451769972));
#5996 = CARTESIAN_POINT('',(2.186332566659,14.377275074752));
#5997 = CARTESIAN_POINT('',(2.153044685726,14.382523765805));
#5998 = CARTESIAN_POINT('',(2.119737394373,14.387234002743));
#5999 = CARTESIAN_POINT('',(2.086424931798,14.39144004304));
#6000 = CARTESIAN_POINT('',(2.053120202035,14.395174346827));
#6001 = CARTESIAN_POINT('',(2.01982182024,14.398468739044));
#6002 = CARTESIAN_POINT('',(1.986531002397,14.401351923528));
#6003 = CARTESIAN_POINT('',(1.953247984522,14.403849979541));
#6004 = CARTESIAN_POINT('',(1.919973025621,14.405986195819));
#6005 = CARTESIAN_POINT('',(1.886706182711,14.407781082094));
#6006 = CARTESIAN_POINT('',(1.853447408969,14.40925233321));
#6007 = CARTESIAN_POINT('',(1.820196579564,14.410414805366));
#6008 = CARTESIAN_POINT('',(1.786953473243,14.411280491294));
#6009 = CARTESIAN_POINT('',(1.753717990306,14.411858487525));
#6010 = CARTESIAN_POINT('',(1.720489454061,14.412154994409));
#6011 = CARTESIAN_POINT('',(1.687269324702,14.412173193006));
#6012 = CARTESIAN_POINT('',(1.654045764679,14.411913599241));
#6013 = CARTESIAN_POINT('',(1.631894201229,14.411552880151));
#6014 = CARTESIAN_POINT('',(1.620817182751,14.411325191444));
#6015 = ( GEOMETRIC_REPRESENTATION_CONTEXT(2) 
PARAMETRIC_REPRESENTATION_CONTEXT() REPRESENTATION_CONTEXT('2D SPACE',''
  ) );
#6016 = ORIENTED_EDGE('',*,*,#258,.F.);
#6017 = ORIENTED_EDGE('',*,*,#4773,.T.);
#6018 = ADVANCED_FACE('',(#6019),#5423,.F.);
#6019 = FACE_BOUND('',#6020,.F.);
#6020 = EDGE_LOOP('',(#6021,#6044,#6071,#6072,#6073,#6074,#6097,#6124,
    #6125));
#6021 = ORIENTED_EDGE('',*,*,#6022,.T.);
#6022 = EDGE_CURVE('',#5300,#6023,#6025,.T.);
#6023 = VERTEX_POINT('',#6024);
#6024 = CARTESIAN_POINT('',(3.1,-7.592810154714E-16,35.9));
#6025 = SEAM_CURVE('',#6026,(#6030,#6037),.PCURVE_S1.);
#6026 = LINE('',#6027,#6028);
#6027 = CARTESIAN_POINT('',(3.1,-7.592810154714E-16,23.39));
#6028 = VECTOR('',#6029,1.);
#6029 = DIRECTION('',(0.,0.,1.));
#6030 = PCURVE('',#5423,#6031);
#6031 = DEFINITIONAL_REPRESENTATION('',(#6032),#6036);
#6032 = LINE('',#6033,#6034);
#6033 = CARTESIAN_POINT('',(6.28318530718,-0.));
#6034 = VECTOR('',#6035,1.);
#6035 = DIRECTION('',(0.,1.));
#6036 = ( GEOMETRIC_REPRESENTATION_CONTEXT(2) 
PARAMETRIC_REPRESENTATION_CONTEXT() REPRESENTATION_CONTEXT('2D SPACE',''
  ) );
#6037 = PCURVE('',#5423,#6038);
#6038 = DEFINITIONAL_REPRESENTATION('',(#6039),#6043);
#6039 = LINE('',#6040,#6041);
#6040 = CARTESIAN_POINT('',(0.,-0.));
#6041 = VECTOR('',#6042,1.);
#6042 = DIRECTION('',(0.,1.));
#6043 = ( GEOMETRIC_REPRESENTATION_CONTEXT(2) 
PARAMETRIC_REPRESENTATION_CONTEXT() REPRESENTATION_CONTEXT('2D SPACE',''
  ) );
#6044 = ORIENTED_EDGE('',*,*,#6045,.F.);
#6045 = EDGE_CURVE('',#6023,#6023,#6046,.T.);
#6046 = SURFACE_CURVE('',#6047,(#6052,#6059),.PCURVE_S1.);
#6047 = CIRCLE('',#6048,3.1);
#6048 = AXIS2_PLACEMENT_3D('',#6049,#6050,#6051);
#6049 = CARTESIAN_POINT('',(0.,0.,35.9));
#6050 = DIRECTION('',(0.,0.,1.));
#6051 = DIRECTION('',(1.,0.,-0.));
#6052 = PCURVE('',#5423,#6053);
#6053 = DEFINITIONAL_REPRESENTATION('',(#6054),#6058);
#6054 = LINE('',#6055,#6056);
#6055 = CARTESIAN_POINT('',(0.,12.51));
#6056 = VECTOR('',#6057,1.);
#6057 = DIRECTION('',(1.,0.));
#6058 = ( GEOMETRIC_REPRESENTATION_CONTEXT(2) 
PARAMETRIC_REPRESENTATION_CONTEXT() REPRESENTATION_CONTEXT('2D SPACE',''
  ) );
#6059 = PCURVE('',#6060,#6065);
#6060 = PLANE('',#6061);
#6061 = AXIS2_PLACEMENT_3D('',#6062,#6063,#6064);
#6062 = CARTESIAN_POINT('',(0.,0.,35.9));
#6063 = DIRECTION('',(0.,0.,1.));
#6064 = DIRECTION('',(1.,0.,-0.));
#6065 = DEFINITIONAL_REPRESENTATION('',(#6066),#6070);
#6066 = CIRCLE('',#6067,3.1);
#6067 = AXIS2_PLACEMENT_2D('',#6068,#6069);
#6068 = CARTESIAN_POINT('',(0.,0.));
#6069 = DIRECTION('',(1.,0.));
#6070 = ( GEOMETRIC_REPRESENTATION_CONTEXT(2) 
PARAMETRIC_REPRESENTATION_CONTEXT() REPRESENTATION_CONTEXT('2D SPACE',''
  ) );
#6071 = ORIENTED_EDGE('',*,*,#6022,.F.);
#6072 = ORIENTED_EDGE('',*,*,#5299,.F.);
#6073 = ORIENTED_EDGE('',*,*,#5605,.F.);
#6074 = ORIENTED_EDGE('',*,*,#6075,.F.);
#6075 = EDGE_CURVE('',#6076,#5490,#6078,.T.);
#6076 = VERTEX_POINT('',#6077);
#6077 = CARTESIAN_POINT('',(3.1,-7.592810154714E-16,23.4));
#6078 = SEAM_CURVE('',#6079,(#6083,#6090),.PCURVE_S1.);
#6079 = LINE('',#6080,#6081);
#6080 = CARTESIAN_POINT('',(3.1,-7.592810154714E-16,23.39));
#6081 = VECTOR('',#6082,1.);
#6082 = DIRECTION('',(0.,0.,1.));
#6083 = PCURVE('',#5423,#6084);
#6084 = DEFINITIONAL_REPRESENTATION('',(#6085),#6089);
#6085 = LINE('',#6086,#6087);
#6086 = CARTESIAN_POINT('',(6.28318530718,-0.));
#6087 = VECTOR('',#6088,1.);
#6088 = DIRECTION('',(0.,1.));
#6089 = ( GEOMETRIC_REPRESENTATION_CONTEXT(2) 
PARAMETRIC_REPRESENTATION_CONTEXT() REPRESENTATION_CONTEXT('2D SPACE',''
  ) );
#6090 = PCURVE('',#5423,#6091);
#6091 = DEFINITIONAL_REPRESENTATION('',(#6092),#6096);
#6092 = LINE('',#6093,#6094);
#6093 = CARTESIAN_POINT('',(0.,-0.));
#6094 = VECTOR('',#6095,1.);
#6095 = DIRECTION('',(0.,1.));
#6096 = ( GEOMETRIC_REPRESENTATION_CONTEXT(2) 
PARAMETRIC_REPRESENTATION_CONTEXT() REPRESENTATION_CONTEXT('2D SPACE',''
  ) );
#6097 = ORIENTED_EDGE('',*,*,#6098,.T.);
#6098 = EDGE_CURVE('',#6076,#6076,#6099,.T.);
#6099 = SURFACE_CURVE('',#6100,(#6105,#6112),.PCURVE_S1.);
#6100 = CIRCLE('',#6101,3.1);
#6101 = AXIS2_PLACEMENT_3D('',#6102,#6103,#6104);
#6102 = CARTESIAN_POINT('',(0.,0.,23.4));
#6103 = DIRECTION('',(0.,0.,1.));
#6104 = DIRECTION('',(1.,0.,-0.));
#6105 = PCURVE('',#5423,#6106);
#6106 = DEFINITIONAL_REPRESENTATION('',(#6107),#6111);
#6107 = LINE('',#6108,#6109);
#6108 = CARTESIAN_POINT('',(0.,1.E-02));
#6109 = VECTOR('',#6110,1.);
#6110 = DIRECTION('',(1.,0.));
#6111 = ( GEOMETRIC_REPRESENTATION_CONTEXT(2) 
PARAMETRIC_REPRESENTATION_CONTEXT() REPRESENTATION_CONTEXT('2D SPACE',''
  ) );
#6112 = PCURVE('',#6113,#6118);
#6113 = PLANE('',#6114);
#6114 = AXIS2_PLACEMENT_3D('',#6115,#6116,#6117);
#6115 = CARTESIAN_POINT('',(0.,0.,23.4));
#6116 = DIRECTION('',(0.,0.,1.));
#6117 = DIRECTION('',(1.,0.,-0.));
#6118 = DEFINITIONAL_REPRESENTATION('',(#6119),#6123);
#6119 = CIRCLE('',#6120,3.1);
#6120 = AXIS2_PLACEMENT_2D('',#6121,#6122);
#6121 = CARTESIAN_POINT('',(0.,0.));
#6122 = DIRECTION('',(1.,0.));
#6123 = ( GEOMETRIC_REPRESENTATION_CONTEXT(2) 
PARAMETRIC_REPRESENTATION_CONTEXT() REPRESENTATION_CONTEXT('2D SPACE',''
  ) );
#6124 = ORIENTED_EDGE('',*,*,#6075,.T.);
#6125 = ORIENTED_EDGE('',*,*,#5489,.F.);
#6126 = ADVANCED_FACE('',(#6127),#6060,.F.);
#6127 = FACE_BOUND('',#6128,.F.);
#6128 = EDGE_LOOP('',(#6129));
#6129 = ORIENTED_EDGE('',*,*,#6045,.T.);
#6130 = ADVANCED_FACE('',(#6131,#6162),#6113,.F.);
#6131 = FACE_BOUND('',#6132,.F.);
#6132 = EDGE_LOOP('',(#6133));
#6133 = ORIENTED_EDGE('',*,*,#6134,.T.);
#6134 = EDGE_CURVE('',#6135,#6135,#6137,.T.);
#6135 = VERTEX_POINT('',#6136);
#6136 = CARTESIAN_POINT('',(7.,-1.714505518806E-15,23.4));
#6137 = SURFACE_CURVE('',#6138,(#6143,#6150),.PCURVE_S1.);
#6138 = CIRCLE('',#6139,7.);
#6139 = AXIS2_PLACEMENT_3D('',#6140,#6141,#6142);
#6140 = CARTESIAN_POINT('',(0.,0.,23.4));
#6141 = DIRECTION('',(0.,0.,1.));
#6142 = DIRECTION('',(1.,0.,-0.));
#6143 = PCURVE('',#6113,#6144);
#6144 = DEFINITIONAL_REPRESENTATION('',(#6145),#6149);
#6145 = CIRCLE('',#6146,7.);
#6146 = AXIS2_PLACEMENT_2D('',#6147,#6148);
#6147 = CARTESIAN_POINT('',(0.,0.));
#6148 = DIRECTION('',(1.,0.));
#6149 = ( GEOMETRIC_REPRESENTATION_CONTEXT(2) 
PARAMETRIC_REPRESENTATION_CONTEXT() REPRESENTATION_CONTEXT('2D SPACE',''
  ) );
#6150 = PCURVE('',#6151,#6156);
#6151 = CYLINDRICAL_SURFACE('',#6152,7.);
#6152 = AXIS2_PLACEMENT_3D('',#6153,#6154,#6155);
#6153 = CARTESIAN_POINT('',(0.,0.,15.19));
#6154 = DIRECTION('',(0.,0.,1.));
#6155 = DIRECTION('',(1.,0.,-0.));
#6156 = DEFINITIONAL_REPRESENTATION('',(#6157),#6161);
#6157 = LINE('',#6158,#6159);
#6158 = CARTESIAN_POINT('',(0.,8.21));
#6159 = VECTOR('',#6160,1.);
#6160 = DIRECTION('',(1.,0.));
#6161 = ( GEOMETRIC_REPRESENTATION_CONTEXT(2) 
PARAMETRIC_REPRESENTATION_CONTEXT() REPRESENTATION_CONTEXT('2D SPACE',''
  ) );
#6162 = FACE_BOUND('',#6163,.F.);
#6163 = EDGE_LOOP('',(#6164));
#6164 = ORIENTED_EDGE('',*,*,#6098,.F.);
#6165 = ADVANCED_FACE('',(#6166),#6151,.F.);
#6166 = FACE_BOUND('',#6167,.F.);
#6167 = EDGE_LOOP('',(#6168,#6191,#6192,#6193));
#6168 = ORIENTED_EDGE('',*,*,#6169,.T.);
#6169 = EDGE_CURVE('',#6170,#6135,#6172,.T.);
#6170 = VERTEX_POINT('',#6171);
#6171 = CARTESIAN_POINT('',(7.,-1.714505518806E-15,15.2));
#6172 = SEAM_CURVE('',#6173,(#6177,#6184),.PCURVE_S1.);
#6173 = LINE('',#6174,#6175);
#6174 = CARTESIAN_POINT('',(7.,-1.714505518806E-15,15.19));
#6175 = VECTOR('',#6176,1.);
#6176 = DIRECTION('',(0.,0.,1.));
#6177 = PCURVE('',#6151,#6178);
#6178 = DEFINITIONAL_REPRESENTATION('',(#6179),#6183);
#6179 = LINE('',#6180,#6181);
#6180 = CARTESIAN_POINT('',(6.28318530718,-0.));
#6181 = VECTOR('',#6182,1.);
#6182 = DIRECTION('',(0.,1.));
#6183 = ( GEOMETRIC_REPRESENTATION_CONTEXT(2) 
PARAMETRIC_REPRESENTATION_CONTEXT() REPRESENTATION_CONTEXT('2D SPACE',''
  ) );
#6184 = PCURVE('',#6151,#6185);
#6185 = DEFINITIONAL_REPRESENTATION('',(#6186),#6190);
#6186 = LINE('',#6187,#6188);
#6187 = CARTESIAN_POINT('',(0.,-0.));
#6188 = VECTOR('',#6189,1.);
#6189 = DIRECTION('',(0.,1.));
#6190 = ( GEOMETRIC_REPRESENTATION_CONTEXT(2) 
PARAMETRIC_REPRESENTATION_CONTEXT() REPRESENTATION_CONTEXT('2D SPACE',''
  ) );
#6191 = ORIENTED_EDGE('',*,*,#6134,.F.);
#6192 = ORIENTED_EDGE('',*,*,#6169,.F.);
#6193 = ORIENTED_EDGE('',*,*,#6194,.T.);
#6194 = EDGE_CURVE('',#6170,#6170,#6195,.T.);
#6195 = SURFACE_CURVE('',#6196,(#6201,#6208),.PCURVE_S1.);
#6196 = CIRCLE('',#6197,7.);
#6197 = AXIS2_PLACEMENT_3D('',#6198,#6199,#6200);
#6198 = CARTESIAN_POINT('',(0.,0.,15.2));
#6199 = DIRECTION('',(0.,0.,1.));
#6200 = DIRECTION('',(1.,0.,-0.));
#6201 = PCURVE('',#6151,#6202);
#6202 = DEFINITIONAL_REPRESENTATION('',(#6203),#6207);
#6203 = LINE('',#6204,#6205);
#6204 = CARTESIAN_POINT('',(0.,1.E-02));
#6205 = VECTOR('',#6206,1.);
#6206 = DIRECTION('',(1.,0.));
#6207 = ( GEOMETRIC_REPRESENTATION_CONTEXT(2) 
PARAMETRIC_REPRESENTATION_CONTEXT() REPRESENTATION_CONTEXT('2D SPACE',''
  ) );
#6208 = PCURVE('',#6209,#6214);
#6209 = PLANE('',#6210);
#6210 = AXIS2_PLACEMENT_3D('',#6211,#6212,#6213);
#6211 = CARTESIAN_POINT('',(0.,0.,15.2));
#6212 = DIRECTION('',(0.,0.,1.));
#6213 = DIRECTION('',(1.,0.,-0.));
#6214 = DEFINITIONAL_REPRESENTATION('',(#6215),#6219);
#6215 = CIRCLE('',#6216,7.);
#6216 = AXIS2_PLACEMENT_2D('',#6217,#6218);
#6217 = CARTESIAN_POINT('',(0.,0.));
#6218 = DIRECTION('',(1.,0.));
#6219 = ( GEOMETRIC_REPRESENTATION_CONTEXT(2) 
PARAMETRIC_REPRESENTATION_CONTEXT() REPRESENTATION_CONTEXT('2D SPACE',''
  ) );
#6220 = ADVANCED_FACE('',(#6221,#6247),#6209,.F.);
#6221 = FACE_BOUND('',#6222,.F.);
#6222 = EDGE_LOOP('',(#6223));
#6223 = ORIENTED_EDGE('',*,*,#6224,.T.);
#6224 = EDGE_CURVE('',#6225,#6225,#6227,.T.);
#6225 = VERTEX_POINT('',#6226);
#6226 = CARTESIAN_POINT('',(9.,0.,15.2));
#6227 = SURFACE_CURVE('',#6228,(#6233,#6240),.PCURVE_S1.);
#6228 = CIRCLE('',#6229,9.);
#6229 = AXIS2_PLACEMENT_3D('',#6230,#6231,#6232);
#6230 = CARTESIAN_POINT('',(0.,0.,15.2));
#6231 = DIRECTION('',(0.,0.,1.));
#6232 = DIRECTION('',(1.,0.,-0.));
#6233 = PCURVE('',#6209,#6234);
#6234 = DEFINITIONAL_REPRESENTATION('',(#6235),#6239);
#6235 = CIRCLE('',#6236,9.);
#6236 = AXIS2_PLACEMENT_2D('',#6237,#6238);
#6237 = CARTESIAN_POINT('',(0.,0.));
#6238 = DIRECTION('',(1.,0.));
#6239 = ( GEOMETRIC_REPRESENTATION_CONTEXT(2) 
PARAMETRIC_REPRESENTATION_CONTEXT() REPRESENTATION_CONTEXT('2D SPACE',''
  ) );
#6240 = PCURVE('',#43,#6241);
#6241 = DEFINITIONAL_REPRESENTATION('',(#6242),#6246);
#6242 = LINE('',#6243,#6244);
#6243 = CARTESIAN_POINT('',(0.,-1.));
#6244 = VECTOR('',#6245,1.);
#6245 = DIRECTION('',(1.,-0.));
#6246 = ( GEOMETRIC_REPRESENTATION_CONTEXT(2) 
PARAMETRIC_REPRESENTATION_CONTEXT() REPRESENTATION_CONTEXT('2D SPACE',''
  ) );
#6247 = FACE_BOUND('',#6248,.F.);
#6248 = EDGE_LOOP('',(#6249));
#6249 = ORIENTED_EDGE('',*,*,#6194,.F.);
#6250 = ADVANCED_FACE('',(#6251),#122,.F.);
#6251 = FACE_BOUND('',#6252,.F.);
#6252 = EDGE_LOOP('',(#6253,#6254,#6255,#6256,#6257,#6279));
#6253 = ORIENTED_EDGE('',*,*,#4691,.F.);
#6254 = ORIENTED_EDGE('',*,*,#237,.F.);
#6255 = ORIENTED_EDGE('',*,*,#5637,.F.);
#6256 = ORIENTED_EDGE('',*,*,#890,.F.);
#6257 = ORIENTED_EDGE('',*,*,#6258,.T.);
#6258 = EDGE_CURVE('',#891,#79,#6259,.T.);
#6259 = SURFACE_CURVE('',#6260,(#6265,#6272),.PCURVE_S1.);
#6260 = CIRCLE('',#6261,1.);
#6261 = AXIS2_PLACEMENT_3D('',#6262,#6263,#6264);
#6262 = CARTESIAN_POINT('',(10.,0.,17.7));
#6263 = DIRECTION('',(0.,0.,1.));
#6264 = DIRECTION('',(1.,0.,-0.));
#6265 = PCURVE('',#122,#6266);
#6266 = DEFINITIONAL_REPRESENTATION('',(#6267),#6271);
#6267 = LINE('',#6268,#6269);
#6268 = CARTESIAN_POINT('',(0.,0.));
#6269 = VECTOR('',#6270,1.);
#6270 = DIRECTION('',(1.,0.));
#6271 = ( GEOMETRIC_REPRESENTATION_CONTEXT(2) 
PARAMETRIC_REPRESENTATION_CONTEXT() REPRESENTATION_CONTEXT('2D SPACE',''
  ) );
#6272 = PCURVE('',#95,#6273);
#6273 = DEFINITIONAL_REPRESENTATION('',(#6274),#6278);
#6274 = CIRCLE('',#6275,1.);
#6275 = AXIS2_PLACEMENT_2D('',#6276,#6277);
#6276 = CARTESIAN_POINT('',(0.,0.));
#6277 = DIRECTION('',(1.,0.));
#6278 = ( GEOMETRIC_REPRESENTATION_CONTEXT(2) 
PARAMETRIC_REPRESENTATION_CONTEXT() REPRESENTATION_CONTEXT('2D SPACE',''
  ) );
#6279 = ORIENTED_EDGE('',*,*,#107,.T.);
#6280 = ADVANCED_FACE('',(#6281),#95,.T.);
#6281 = FACE_BOUND('',#6282,.T.);
#6282 = EDGE_LOOP('',(#6283,#6284,#6285));
#6283 = ORIENTED_EDGE('',*,*,#911,.T.);
#6284 = ORIENTED_EDGE('',*,*,#6258,.T.);
#6285 = ORIENTED_EDGE('',*,*,#78,.T.);
#6286 = ADVANCED_FACE('',(#6287),#43,.T.);
#6287 = FACE_BOUND('',#6288,.F.);
#6288 = EDGE_LOOP('',(#6289,#6308,#6309,#6310));
#6289 = ORIENTED_EDGE('',*,*,#6290,.F.);
#6290 = EDGE_CURVE('',#22,#6225,#6291,.T.);
#6291 = SEAM_CURVE('',#6292,(#6296,#6302),.PCURVE_S1.);
#6292 = LINE('',#6293,#6294);
#6293 = CARTESIAN_POINT('',(10.,0.,16.2));
#6294 = VECTOR('',#6295,1.);
#6295 = DIRECTION('',(-0.707106781187,-0.,-0.707106781187));
#6296 = PCURVE('',#43,#6297);
#6297 = DEFINITIONAL_REPRESENTATION('',(#6298),#6301);
#6298 = B_SPLINE_CURVE_WITH_KNOTS('',1,(#6299,#6300),.UNSPECIFIED.,.F.,
  .F.,(2,2),(0.,1.414213562373),.PIECEWISE_BEZIER_KNOTS.);
#6299 = CARTESIAN_POINT('',(0.,0.));
#6300 = CARTESIAN_POINT('',(0.,-1.));
#6301 = ( GEOMETRIC_REPRESENTATION_CONTEXT(2) 
PARAMETRIC_REPRESENTATION_CONTEXT() REPRESENTATION_CONTEXT('2D SPACE',''
  ) );
#6302 = PCURVE('',#43,#6303);
#6303 = DEFINITIONAL_REPRESENTATION('',(#6304),#6307);
#6304 = B_SPLINE_CURVE_WITH_KNOTS('',1,(#6305,#6306),.UNSPECIFIED.,.F.,
  .F.,(2,2),(0.,1.414213562373),.PIECEWISE_BEZIER_KNOTS.);
#6305 = CARTESIAN_POINT('',(6.28318530718,0.));
#6306 = CARTESIAN_POINT('',(6.28318530718,-1.));
#6307 = ( GEOMETRIC_REPRESENTATION_CONTEXT(2) 
PARAMETRIC_REPRESENTATION_CONTEXT() REPRESENTATION_CONTEXT('2D SPACE',''
  ) );
#6308 = ORIENTED_EDGE('',*,*,#21,.T.);
#6309 = ORIENTED_EDGE('',*,*,#6290,.T.);
#6310 = ORIENTED_EDGE('',*,*,#6224,.F.);
#6311 = ( GEOMETRIC_REPRESENTATION_CONTEXT(3) 
GLOBAL_UNCERTAINTY_ASSIGNED_CONTEXT((#6315)) 
GLOBAL_UNIT_ASSIGNED_CONTEXT((#6312,#6313,#6314)) REPRESENTATION_CONTEXT
('Context #1','3D Context with UNIT and UNCERTAINTY') );
#6312 = ( LENGTH_UNIT() NAMED_UNIT(*) SI_UNIT(.MILLI.,.METRE.) );
#6313 = ( NAMED_UNIT(*) PLANE_ANGLE_UNIT() SI_UNIT($,.RADIAN.) );
#6314 = ( NAMED_UNIT(*) SI_UNIT($,.STERADIAN.) SOLID_ANGLE_UNIT() );
#6315 = UNCERTAINTY_MEASURE_WITH_UNIT(LENGTH_MEASURE(1.E-07),#6312,
  'distance_accuracy_value','confusion accuracy');
#6316 = PRODUCT_RELATED_PRODUCT_CATEGORY('part',$,(#7));
ENDSEC;
END-ISO-10303-21;
